[debug] [2026-04-17T20:22:44.916Z] [ThreadStore][!346qTC7DsvNyMjAu4Shr:beeper.local] Incrementing unreadCount to 0 (id: 40804 eventID: $tl1-3yDCniyv5gdk1LS8Y09QVE65qYPzFKLhaQHNTHA:beeper.local) 
[log] [2026-04-17T20:22:44.917Z] ↓ state_sync !EYLJF5QETZx8VWCm2Jg3:beeper.local undefined message upsert $do8C3m0c5I8Hhzfpv6CqGOy2KZmpPzsxqFhBxVnYk7E:beeper.local 
[log] [2026-04-17T20:22:44.921Z] ↓ state_sync !EYLJF5QETZx8VWCm2Jg3:beeper.local undefined message upsert $hoG7n4csW1BTK0lhdIHiPQHCiRWk0qoc8dn9lZDgpQw:beeper.local 
[log] [2026-04-17T20:22:44.926Z] ↓ state_sync !346qTC7DsvNyMjAu4Shr:beeper.local undefined message upsert $s6xmWLWwY5vMqB0du4aKixWQ7_-FhFAXYcdLlnuibVw:beeper.local 
[log] [2026-04-17T20:22:44.929Z] ↓ state_sync !346qTC7DsvNyMjAu4Shr:beeper.local undefined message upsert $tl1-3yDCniyv5gdk1LS8Y09QVE65qYPzFKLhaQHNTHA:beeper.local 
[log] [2026-04-17T20:22:44.931Z] ↓ state_sync !EYLJF5QETZx8VWCm2Jg3:beeper.local 40806 message_seen upsert  
[log] [2026-04-17T20:22:44.933Z] ↓ state_sync !346qTC7DsvNyMjAu4Shr:beeper.local undefined message upsert $MLp4zThAlWuf1lM0R-qWCA8H4TZZC3U3UBMkl-f5gjg:beeper.local 
[debug] [2026-04-17T20:22:44.933Z] [ThreadStore][!346qTC7DsvNyMjAu4Shr:beeper.local] Incrementing unreadCount to -1 (id: 40809 eventID: $MLp4zThAlWuf1lM0R-qWCA8H4TZZC3U3UBMkl-f5gjg:beeper.local) 
[log] [2026-04-17T20:22:44.945Z] ↓ state_sync undefined undefined thread update !EYLJF5QETZx8VWCm2Jg3:beeper.local 
[log] [2026-04-17T20:22:44.946Z] ↓ state_sync !346qTC7DsvNyMjAu4Shr:beeper.local undefined message upsert $vtGHHzmxO8tZ4IBFFNi67062gR1BZxnseD7jSQvXQqA:beeper.local 
[debug] [2026-04-17T20:22:44.946Z] [ThreadStore][!346qTC7DsvNyMjAu4Shr:beeper.local] Incrementing unreadCount to 0 (id: 40810 eventID: $vtGHHzmxO8tZ4IBFFNi67062gR1BZxnseD7jSQvXQqA:beeper.local) 
[log] [2026-04-17T20:22:44.948Z] ↓ state_sync !EYLJF5QETZx8VWCm2Jg3:beeper.local 40751 message_send_status upsert  
[log] [2026-04-17T20:22:44.950Z] ↓ state_sync !EYLJF5QETZx8VWCm2Jg3:beeper.local 40754 message_send_status upsert  
[log] [2026-04-17T20:22:44.952Z] ↓ state_sync !EYLJF5QETZx8VWCm2Jg3:beeper.local 40767 message_send_status upsert  
[log] [2026-04-17T20:22:44.953Z] ↓ state_sync !EYLJF5QETZx8VWCm2Jg3:beeper.local 40775 message_send_status upsert  
[log] [2026-04-17T20:22:44.953Z] ↓ state_sync !EYLJF5QETZx8VWCm2Jg3:beeper.local 40785 message_send_status upsert  
[log] [2026-04-17T20:22:44.953Z] ↓ state_sync !EYLJF5QETZx8VWCm2Jg3:beeper.local undefined participant upsert  
[log] [2026-04-17T20:22:44.953Z] ↓ state_sync !EYLJF5QETZx8VWCm2Jg3:beeper.local undefined participant update  
[log] [2026-04-17T20:22:44.953Z] ↓ state_sync !346qTC7DsvNyMjAu4Shr:beeper.local undefined message upsert $MvMRh_ZEZ-PIiu8tFzsO9cAuVQbeZnRulH6di4FzlyM:beeper.local 
[debug] [2026-04-17T20:22:44.953Z] [ThreadStore][!346qTC7DsvNyMjAu4Shr:beeper.local] Incrementing unreadCount to 1 (id: 40811 eventID: $MvMRh_ZEZ-PIiu8tFzsO9cAuVQbeZnRulH6di4FzlyM:beeper.local) 
[log] [2026-04-17T20:22:44.956Z] ↓ state_sync !346qTC7DsvNyMjAu4Shr:beeper.local undefined message upsert $PztV-DfBB7PXLBOnPzpYNXQXw4RLMG8lUqux9drdbjQ:beeper.local 
[debug] [2026-04-17T20:22:44.956Z] [ThreadStore][!346qTC7DsvNyMjAu4Shr:beeper.local] Incrementing unreadCount to 2 (id: 40812 eventID: $PztV-DfBB7PXLBOnPzpYNXQXw4RLMG8lUqux9drdbjQ:beeper.local) 
[log] [2026-04-17T20:22:44.956Z] ↓ state_sync !346qTC7DsvNyMjAu4Shr:beeper.local undefined message upsert $z7o4vNGYTA7JLDLRK_gr72qFI2ww5v_2e0oIh4CPJ0g:beeper.local 
[debug] [2026-04-17T20:22:44.957Z] [ThreadStore][!346qTC7DsvNyMjAu4Shr:beeper.local] Incrementing unreadCount to 3 (id: 40813 eventID: $z7o4vNGYTA7JLDLRK_gr72qFI2ww5v_2e0oIh4CPJ0g:beeper.local) 
[log] [2026-04-17T20:22:44.959Z] ↓ state_sync !346qTC7DsvNyMjAu4Shr:beeper.local undefined message upsert $-tjAV6YlAoNYu94Vc3RsziNUMgdQnHV6SBQh0Dw-4ww:beeper.local 
[debug] [2026-04-17T20:22:44.959Z] [ThreadStore][!346qTC7DsvNyMjAu4Shr:beeper.local] Incrementing unreadCount to 3 (id: 40814 eventID: $-tjAV6YlAoNYu94Vc3RsziNUMgdQnHV6SBQh0Dw-4ww:beeper.local) 
[log] [2026-04-17T20:22:44.964Z] ↓ state_sync !346qTC7DsvNyMjAu4Shr:beeper.local undefined message upsert $ssRSi9clcx-mE0TYWhx7viXllKRVU4hKnyhMhAmr2EY:beeper.local 
[debug] [2026-04-17T20:22:44.965Z] [ThreadStore][!346qTC7DsvNyMjAu4Shr:beeper.local] Incrementing unreadCount to 3 (id: 40815 eventID: $ssRSi9clcx-mE0TYWhx7viXllKRVU4hKnyhMhAmr2EY:beeper.local) 
[log] [2026-04-17T20:22:44.965Z] ↓ state_sync !346qTC7DsvNyMjAu4Shr:beeper.local undefined message upsert $ssRSi9clcx-mE0TYWhx7viXllKRVU4hKnyhMhAmr2EY:beeper.local 
[log] [2026-04-17T20:22:44.966Z] ↓ state_sync !346qTC7DsvNyMjAu4Shr:beeper.local undefined message upsert $-tjAV6YlAoNYu94Vc3RsziNUMgdQnHV6SBQh0Dw-4ww:beeper.local 
[log] [2026-04-17T20:22:44.967Z] ↓ state_sync !346qTC7DsvNyMjAu4Shr:beeper.local undefined message upsert $5To3W-L7AnjHYJEw48QInBvg_xBllou4rZF65dFDmgE:beeper.local 
[debug] [2026-04-17T20:22:44.967Z] [ThreadStore][!346qTC7DsvNyMjAu4Shr:beeper.local] Incrementing unreadCount to 2 (id: 40818 eventID: $5To3W-L7AnjHYJEw48QInBvg_xBllou4rZF65dFDmgE:beeper.local) 
[log] [2026-04-17T20:22:44.970Z] ↓ state_sync !346qTC7DsvNyMjAu4Shr:beeper.local undefined message upsert $SqvPhpnyfapPg5zHvCWAq2A1TLb3nSHD8hzsfMDTdPM:beeper.local 
[debug] [2026-04-17T20:22:44.970Z] [ThreadStore][!346qTC7DsvNyMjAu4Shr:beeper.local] Incrementing unreadCount to 3 (id: 40819 eventID: $SqvPhpnyfapPg5zHvCWAq2A1TLb3nSHD8hzsfMDTdPM:beeper.local) 
[log] [2026-04-17T20:22:44.975Z] ↓ state_sync !346qTC7DsvNyMjAu4Shr:beeper.local undefined message upsert $W0HdVSTx06RiFqLJ7PwLsMDcGMBXG6WGv8v-VyjUSPY:beeper.local 
[debug] [2026-04-17T20:22:44.976Z] [ThreadStore][!346qTC7DsvNyMjAu4Shr:beeper.local] Incrementing unreadCount to 4 (id: 40820 eventID: $W0HdVSTx06RiFqLJ7PwLsMDcGMBXG6WGv8v-VyjUSPY:beeper.local) 
[log] [2026-04-17T20:22:44.979Z] ↓ state_sync !346qTC7DsvNyMjAu4Shr:beeper.local undefined message upsert $C9AGDaTeFhEAOpOhIJNMKW_otXJDoeNb9HzYhz9LVos:beeper.local 
[debug] [2026-04-17T20:22:44.979Z] [ThreadStore][!346qTC7DsvNyMjAu4Shr:beeper.local] Incrementing unreadCount to 5 (id: 40821 eventID: $C9AGDaTeFhEAOpOhIJNMKW_otXJDoeNb9HzYhz9LVos:beeper.local) 
[log] [2026-04-17T20:22:44.981Z] ↓ state_sync !346qTC7DsvNyMjAu4Shr:beeper.local undefined message upsert $JPoR7DeSdvJkQnT8Oi2BAdxbLvOjITVzB35oRovJivo:beeper.local 
[debug] [2026-04-17T20:22:44.981Z] [ThreadStore][!346qTC7DsvNyMjAu4Shr:beeper.local] Incrementing unreadCount to 6 (id: 40822 eventID: $JPoR7DeSdvJkQnT8Oi2BAdxbLvOjITVzB35oRovJivo:beeper.local) 
[log] [2026-04-17T20:22:44.982Z] ↓ state_sync !346qTC7DsvNyMjAu4Shr:beeper.local undefined message upsert $SyLJa9wS3ccCfnxzuLcMaU1rT9XMV_rAYVKa36CjDUg:beeper.local 
[debug] [2026-04-17T20:22:44.982Z] [ThreadStore][!346qTC7DsvNyMjAu4Shr:beeper.local] Incrementing unreadCount to 7 (id: 40823 eventID: $SyLJa9wS3ccCfnxzuLcMaU1rT9XMV_rAYVKa36CjDUg:beeper.local) 
[log] [2026-04-17T20:22:44.983Z] ↓ state_sync !346qTC7DsvNyMjAu4Shr:beeper.local undefined message upsert $Ybk8Ij56M_VSFo5A4RRnddWPVGqMTynzNi0waOBZfx0:beeper.local 
[debug] [2026-04-17T20:22:44.983Z] [ThreadStore][!346qTC7DsvNyMjAu4Shr:beeper.local] Incrementing unreadCount to 8 (id: 40824 eventID: $Ybk8Ij56M_VSFo5A4RRnddWPVGqMTynzNi0waOBZfx0:beeper.local) 
[log] [2026-04-17T20:22:44.984Z] ↓ state_sync !346qTC7DsvNyMjAu4Shr:beeper.local undefined message upsert $ypBLyj7cscKAex2-CViJ9lkU_Cji7RAlyzA_P3z0BKU:beeper.local 
[debug] [2026-04-17T20:22:44.986Z] [ThreadStore][!346qTC7DsvNyMjAu4Shr:beeper.local] Incrementing unreadCount to 9 (id: 40825 eventID: $ypBLyj7cscKAex2-CViJ9lkU_Cji7RAlyzA_P3z0BKU:beeper.local) 
[log] [2026-04-17T20:22:44.986Z] ↓ state_sync !346qTC7DsvNyMjAu4Shr:beeper.local undefined message upsert $MPLVJGTB7nfaYAjNvM2VQxd9InvmPbneeqeH4BCSWw8:beeper.local 
[debug] [2026-04-17T20:22:44.987Z] [ThreadStore][!346qTC7DsvNyMjAu4Shr:beeper.local] Incrementing unreadCount to 10 (id: 40827 eventID: $MPLVJGTB7nfaYAjNvM2VQxd9InvmPbneeqeH4BCSWw8:beeper.local) 
[log] [2026-04-17T20:22:45.099Z] ↓ state_sync !346qTC7DsvNyMjAu4Shr:beeper.local undefined message upsert $86NjvwNzca10sx15SL-jIObZpaCeB6A9ruBswZXTCHs:beeper.local 
[debug] [2026-04-17T20:22:45.100Z] [ThreadStore][!346qTC7DsvNyMjAu4Shr:beeper.local] Incrementing unreadCount to 10 (id: 40828 eventID: $86NjvwNzca10sx15SL-jIObZpaCeB6A9ruBswZXTCHs:beeper.local) 
[log] [2026-04-17T20:22:45.104Z] ↓ state_sync !346qTC7DsvNyMjAu4Shr:beeper.local undefined message upsert $b2Aw_HQOPU8aCKY1QMXRaJGuuml6t7vUV-CPUaHcXb4:beeper.local 
[debug] [2026-04-17T20:22:45.105Z] [ThreadStore][!346qTC7DsvNyMjAu4Shr:beeper.local] Incrementing unreadCount to 11 (id: 40829 eventID: $b2Aw_HQOPU8aCKY1QMXRaJGuuml6t7vUV-CPUaHcXb4:beeper.local) 
[log] [2026-04-17T20:22:45.106Z] ↓ state_sync !346qTC7DsvNyMjAu4Shr:beeper.local undefined message upsert $hKQhkf0_xL9tUiRv3tGFv3tLw6x_z71S_hpiggFKS9w:beeper.local 
[debug] [2026-04-17T20:22:45.107Z] [ThreadStore][!346qTC7DsvNyMjAu4Shr:beeper.local] Incrementing unreadCount to 12 (id: 40830 eventID: $hKQhkf0_xL9tUiRv3tGFv3tLw6x_z71S_hpiggFKS9w:beeper.local) 
[log] [2026-04-17T20:22:45.112Z] ↓ state_sync !346qTC7DsvNyMjAu4Shr:beeper.local undefined message upsert $86NjvwNzca10sx15SL-jIObZpaCeB6A9ruBswZXTCHs:beeper.local 
[log] [2026-04-17T20:22:45.116Z] ↓ state_sync !346qTC7DsvNyMjAu4Shr:beeper.local undefined message upsert $dXfJk41xL50hwymHIFVsNcn8L3aYb0iRIN5A-qJu6RQ:beeper.local 
[debug] [2026-04-17T20:22:45.116Z] [ThreadStore][!346qTC7DsvNyMjAu4Shr:beeper.local] Incrementing unreadCount to 12 (id: 40832 eventID: $dXfJk41xL50hwymHIFVsNcn8L3aYb0iRIN5A-qJu6RQ:beeper.local) 
[log] [2026-04-17T20:22:45.119Z] ↓ state_sync !346qTC7DsvNyMjAu4Shr:beeper.local undefined message upsert $TDVAtx_FqamggRO5XPba4BFJePqdQ-T6mwXwOwXB_Hc:beeper.local 
[debug] [2026-04-17T20:22:45.119Z] [ThreadStore][!346qTC7DsvNyMjAu4Shr:beeper.local] Incrementing unreadCount to 13 (id: 40833 eventID: $TDVAtx_FqamggRO5XPba4BFJePqdQ-T6mwXwOwXB_Hc:beeper.local) 
[log] [2026-04-17T20:22:45.120Z] ↓ state_sync !346qTC7DsvNyMjAu4Shr:beeper.local 40688 message_reaction upsert @instagramgo_17847953826372615:beeper.local 
[log] [2026-04-17T20:22:45.121Z] ↓ state_sync !346qTC7DsvNyMjAu4Shr:beeper.local 40688 message_reaction upsert @instagramgo_17843751056772330:beeper.local 
[log] [2026-04-17T20:22:45.121Z] ↓ state_sync !346qTC7DsvNyMjAu4Shr:beeper.local 39811 message_reaction upsert @instagramgo_17847953826372615:beeper.local 
[log] [2026-04-17T20:22:45.121Z] ↓ state_sync !346qTC7DsvNyMjAu4Shr:beeper.local 40776 message_reaction upsert @instagramgo_17847953826372615:beeper.local 
[log] [2026-04-17T20:22:45.122Z] ↓ state_sync !346qTC7DsvNyMjAu4Shr:beeper.local 40772 message_reaction upsert @instagramgo_17847953826372615:beeper.local 
[log] [2026-04-17T20:22:45.122Z] ↓ state_sync !346qTC7DsvNyMjAu4Shr:beeper.local 40782 message_send_status upsert  
[log] [2026-04-17T20:22:45.122Z] ↓ state_sync !346qTC7DsvNyMjAu4Shr:beeper.local 40821 message_reaction upsert @instagramgo_17847953826372615:beeper.local 
[log] [2026-04-17T20:22:45.122Z] ↓ state_sync !346qTC7DsvNyMjAu4Shr:beeper.local undefined participant upsert  
[log] [2026-04-17T20:22:45.122Z] ↓ state_sync !346qTC7DsvNyMjAu4Shr:beeper.local undefined participant update  
[log] [2026-04-17T20:22:45.138Z] ↓ state_sync !SZcapkTs9iWf4GkRITUw:beeper.local undefined message upsert $30R_ZyofKV73QZHP89AMqn-58pZQPdOxFHA4FMtPH9w:beeper.local 
[log] [2026-04-17T20:22:45.142Z] ↓ state_sync !ZQ7if4ctEk4Gjenoku8Y:beeper.local undefined message upsert $kFtX3tG9N6yAGqF-MW5M4O0GjMQ_cwki10wTB6ycr08:beeper.local 
[log] [2026-04-17T20:22:45.144Z] ↓ state_sync !2WLowAb3ZM3FILyTNkkA:beeper.local undefined message upsert $Df_xrNcVpsldQp-mAlSxR59zNm6ObkIPAA09OdwmXX4:beeper.local 
[log] [2026-04-17T20:22:45.145Z] ↓ state_sync !a2rOLntNtI4O3u7GpKdh:beeper.local undefined message upsert $kNyUWqaAAigMAJCLxCFqksFNDjqODGFZivZYKfpz5ag:beeper.local 
[log] [2026-04-17T20:22:45.156Z] ↓ state_sync !q4oKYPWu8K1VcajjmtoD:beeper.local undefined message upsert $6H6NiVVi7rWMFoeBLsJ2qojrwjWnM7E7GDL0gzDWxng:beeper.local 
[log] [2026-04-17T20:22:45.162Z] ↓ state_sync !a2rOLntNtI4O3u7GpKdh:beeper.local undefined message upsert $jDvJ_vN-lgTkAtDvP78ZACU-8CskH-RSlT8H6AGb0Vg:beeper.local 
[log] [2026-04-17T20:22:45.165Z] ↓ state_sync !q4oKYPWu8K1VcajjmtoD:beeper.local undefined message upsert $3TOwB7WkDPFA3H7aJo_ihSkgFOsmlXS0k2nXX2d88e4:beeper.local 
[log] [2026-04-17T20:22:45.172Z] ↓ state_sync !SZcapkTs9iWf4GkRITUw:beeper.local undefined message upsert $LGAoI06weHtbQ79ztmYTpjWaq4wHVYz5pxFOWB7bl_U:beeper.local 
[log] [2026-04-17T20:22:45.173Z] ↓ state_sync !2WLowAb3ZM3FILyTNkkA:beeper.local undefined message upsert $386xjqszLAc0uAWlyhjJ4Ni3pflm3SIIjEDNXzM2YUk:beeper.local 
[log] [2026-04-17T20:22:45.173Z] ↓ state_sync !a2rOLntNtI4O3u7GpKdh:beeper.local undefined message upsert $U444d0leQA79yxT3SCWNGSBjX_dvGlVXZc3RMggmWbg:beeper.local 
[log] [2026-04-17T20:22:45.181Z] ↓ state_sync !hDFTqgKr25ZGUU5MKEJo:beeper.local undefined participant upsert @instagramgo_17842735584667669:beeper.local 
[log] [2026-04-17T20:22:45.182Z] ↓ state_sync !hDFTqgKr25ZGUU5MKEJo:beeper.local undefined participant update  
[log] [2026-04-17T20:22:45.185Z] ↓ state_sync !2WLowAb3ZM3FILyTNkkA:beeper.local undefined message upsert $5fyWg931l7JXEq2aG-Zkgch9tswN97N6rDDfpCpKkZo:beeper.local 
[log] [2026-04-17T20:22:45.190Z] ↓ state_sync !L3p2WdC0yESG2VSQs684:beeper.local undefined message upsert $ywXqi8LT6r6j8LN_IM7N5RSyolK0eSZnJpucJexISEM:beeper.local 
[log] [2026-04-17T20:22:45.191Z] ↓ state_sync !a2rOLntNtI4O3u7GpKdh:beeper.local undefined message upsert $ztLbtzDIXco21yPxmw-VwpLoVwl20NeJajHNZfzAn5Y:beeper.local 
[log] [2026-04-17T20:22:45.191Z] ↓ state_sync !SZcapkTs9iWf4GkRITUw:beeper.local undefined message upsert $cEInJI4Ugx8NuE7TfhyrDUX7iCsnCsCm57oy1RI3JB4:beeper.local 
[log] [2026-04-17T20:22:45.195Z] ↓ state_sync !L3p2WdC0yESG2VSQs684:beeper.local undefined message upsert $xXtPuU3MKPcej7bCt4zKoUcPN1A26E30LdUGGRBOoNQ:beeper.local 
[log] [2026-04-17T20:22:45.229Z] ↓ app sync event sync_processing_updated 71 [object Object] 
[log] [2026-04-17T20:22:45.229Z] [BeeperClientStore] Syncing state changed: true -> false 
[log] [2026-04-17T20:22:45.230Z] ↓ app sync event sync_processing_notice_updated 72 [object Object] 
[log] [2026-04-17T20:22:45.230Z] [BeeperClientStore] sync processing notice updated to  
[log] [2026-04-17T20:22:45.298Z] ↓ state_sync !SZcapkTs9iWf4GkRITUw:beeper.local undefined message upsert $fP9NksoSLxQbUqNhwaCfX9WHFKtyQ6jzbTcV_nbxqRM:beeper.local 
[log] [2026-04-17T20:22:45.300Z] ↓ state_sync !ZQ7if4ctEk4Gjenoku8Y:beeper.local undefined message upsert $qNCZ36SBO0vNQSLOGIul_lWjHR8UlkO1o2CDEosiIyc:beeper.local 
[log] [2026-04-17T20:22:45.301Z] ↓ state_sync !L3p2WdC0yESG2VSQs684:beeper.local undefined message upsert $VrqmNMyUjiOFiAFVzQK8IUlftmJw4rZJeZElh2MXS6k:beeper.local 
[log] [2026-04-17T20:22:45.303Z] ↓ state_sync !a2rOLntNtI4O3u7GpKdh:beeper.local undefined message upsert $nfUCfIoOTF88QDKdao8iV3qtnp5DS8IPAY58O1-llt0:beeper.local 
[log] [2026-04-17T20:22:45.310Z] ↓ state_sync !SZcapkTs9iWf4GkRITUw:beeper.local undefined message upsert $uXMqz2fu7cP93ANJbO31Ug-B2YDXyD__yL5Y7l1Az3k:beeper.local 
[log] [2026-04-17T20:22:45.313Z] ↓ state_sync !2WLowAb3ZM3FILyTNkkA:beeper.local undefined message upsert $Ea1qiNyyWaTkI8KU87graxSDxfCrrq53INbl9t0Cftk:beeper.local 
[log] [2026-04-17T20:22:45.316Z] ↓ state_sync !L3p2WdC0yESG2VSQs684:beeper.local undefined message upsert $KuoDjURZdo-1__Ij4LFq4WfmZza8NToAiqfivHX3Gu0:beeper.local 
[log] [2026-04-17T20:22:45.319Z] ↓ state_sync !a2rOLntNtI4O3u7GpKdh:beeper.local undefined message upsert $Y19avLbWCqumvGyBGtMuODQ307R0c472voPqnO3fHsQ:beeper.local 
[log] [2026-04-17T20:22:45.319Z] ↓ state_sync !q4oKYPWu8K1VcajjmtoD:beeper.local undefined message upsert $pgM4gp3rDUr9aaSPxTRORC7vxjkD5bJ-VAABLJ7DJOM:beeper.local 
[log] [2026-04-17T20:22:45.320Z] ↓ state_sync !SZcapkTs9iWf4GkRITUw:beeper.local undefined message upsert $kS3XbJclXcIF0Qjm22dHs3EYHgtWxNQK_ppMs0WOj9w:beeper.local 
[log] [2026-04-17T20:22:45.324Z] ↓ state_sync !2WLowAb3ZM3FILyTNkkA:beeper.local undefined message upsert $2WIQcXHBT66C9ntK5LPBnCumlGF87zgpMNl695Lyxjs:beeper.local 
[log] [2026-04-17T20:22:45.330Z] ↓ state_sync !a2rOLntNtI4O3u7GpKdh:beeper.local undefined message upsert $eug191Cqzott-qa5xuWY-biwP0h-HeWCR1Je8jlW27w:beeper.local 
[log] [2026-04-17T20:22:45.332Z] ↓ state_sync !2WLowAb3ZM3FILyTNkkA:beeper.local undefined message upsert $5WlpEw0gXSbUbR77znCaTifSAC6asAe5cOLATzOm-Fw:beeper.local 
[log] [2026-04-17T20:22:45.334Z] ↓ state_sync !a2rOLntNtI4O3u7GpKdh:beeper.local undefined message upsert $uaPnbY3su9bMXOnCBoqj3GNcXzxkJLHOFu_43fMk4jg:beeper.local 
[log] [2026-04-17T20:22:45.336Z] ↓ state_sync !ZQ7if4ctEk4Gjenoku8Y:beeper.local undefined message upsert $mPi2ZITKSjmVisQUmeb11k7UiXNhfEE0KUIEoTauwkI:beeper.local 
[log] [2026-04-17T20:22:45.337Z] ↓ state_sync !L3p2WdC0yESG2VSQs684:beeper.local undefined message upsert $D75kZ3_gZUq3OxAhwvYfbWDR_CBHh9CJxRZDCc8gowk:beeper.local 
[log] [2026-04-17T20:22:45.338Z] ↓ state_sync !q4oKYPWu8K1VcajjmtoD:beeper.local undefined message upsert $0wRHN2w5WRB2TIRAKx1pjhC1hL0Mzi6qtrU4il9RV1k:beeper.local 
[log] [2026-04-17T20:22:45.344Z] ↓ state_sync !q4oKYPWu8K1VcajjmtoD:beeper.local undefined message upsert $Q-4aYP7FH5RYcruvBBzHgHJLa8jXnu58sNzt5PM1V_c:beeper.local 
[log] [2026-04-17T20:22:45.345Z] ↓ state_sync !SZcapkTs9iWf4GkRITUw:beeper.local undefined message upsert $iC8SyYKipmosUOiVL-g0X1nJpWtyV_IpvP_MWwwobao:beeper.local 
[log] [2026-04-17T20:22:45.347Z] ↓ state_sync !2WLowAb3ZM3FILyTNkkA:beeper.local undefined message upsert $7eQk8VvtxhZ5wxETReYaJ9gafPlIR1t7iGVmf9Sxw0c:beeper.local 
[log] [2026-04-17T20:22:45.462Z] ↓ state_sync !a2rOLntNtI4O3u7GpKdh:beeper.local undefined message upsert $60bwM7gM9ZdPj85itC35bKu_eg7PF_Cjp7oEDAe8AQU:beeper.local 
[log] [2026-04-17T20:22:45.464Z] ↓ state_sync !q4oKYPWu8K1VcajjmtoD:beeper.local undefined message upsert $2PNW9WSCoK2Uqvk6SDNVOkeAx6Iq3Bfy11OiYsltZgE:beeper.local 
[log] [2026-04-17T20:22:45.471Z] ↓ state_sync !SZcapkTs9iWf4GkRITUw:beeper.local 40834 message_reaction upsert @instagramgo_17844866769121401:beeper.local 
[log] [2026-04-17T20:22:45.472Z] ↓ state_sync !SZcapkTs9iWf4GkRITUw:beeper.local 40862 message_send_status upsert  
[log] [2026-04-17T20:22:45.472Z] ↓ state_sync !SZcapkTs9iWf4GkRITUw:beeper.local 40862 message_reaction upsert @instagramgo_17844866769121401:beeper.local 
[log] [2026-04-17T20:22:45.474Z] ↓ state_sync !SZcapkTs9iWf4GkRITUw:beeper.local undefined participant upsert  
[log] [2026-04-17T20:22:45.474Z] ↓ state_sync !SZcapkTs9iWf4GkRITUw:beeper.local undefined participant update  
[log] [2026-04-17T20:22:45.475Z] ↓ state_sync !2WLowAb3ZM3FILyTNkkA:beeper.local undefined message upsert $kmtvRBYScfZHCo8otiPLqbg9Bde_PdaMK6krPbRfSbg:beeper.local 
[log] [2026-04-17T20:22:45.480Z] ↓ state_sync !a2rOLntNtI4O3u7GpKdh:beeper.local undefined message upsert $cyoO3D3ut-_F4DNVWQJvtGWMaPS7ZrOX1yTCa0ueAY8:beeper.local 
[log] [2026-04-17T20:22:45.481Z] ↓ state_sync !ZQ7if4ctEk4Gjenoku8Y:beeper.local 40835 message_send_status upsert  
[log] [2026-04-17T20:22:45.481Z] ↓ state_sync !ZQ7if4ctEk4Gjenoku8Y:beeper.local 40853 message_send_status upsert  
[log] [2026-04-17T20:22:45.481Z] ↓ state_sync !ZQ7if4ctEk4Gjenoku8Y:beeper.local 40868 message_send_status upsert  
[log] [2026-04-17T20:22:45.481Z] ↓ state_sync !ZQ7if4ctEk4Gjenoku8Y:beeper.local undefined participant upsert  
[log] [2026-04-17T20:22:45.482Z] ↓ state_sync !ZQ7if4ctEk4Gjenoku8Y:beeper.local undefined participant update  
[log] [2026-04-17T20:22:45.482Z] ↓ state_sync !L3p2WdC0yESG2VSQs684:beeper.local undefined message upsert $qylK7MlDfaR3kGKWFRLwuOP3VkpSmyjcsRAe4m6eW4E:beeper.local 
[log] [2026-04-17T20:22:45.483Z] ↓ state_sync !L3p2WdC0yESG2VSQs684:beeper.local undefined message upsert $ZFs05RorPTvaKolzN_FsT3W5RLIjHOW9GOTKJwItrgw:beeper.local 
[log] [2026-04-17T20:22:45.489Z] ↓ state_sync !L3p2WdC0yESG2VSQs684:beeper.local undefined message upsert $M1OVYRIEWxrw1u6pKkCyDB7Krl8h5OKrVqtmZlNd8gg:beeper.local 
[log] [2026-04-17T20:22:45.490Z] ↓ state_sync !q4oKYPWu8K1VcajjmtoD:beeper.local undefined message upsert $o5jGm_5YsQGP87XnG0XwjN2A8YzpdUpbJSuLo-onNI8:beeper.local 
[log] [2026-04-17T20:22:45.491Z] ↓ state_sync !2WLowAb3ZM3FILyTNkkA:beeper.local undefined message upsert $VoWkVFalVczUIoVxuAsI3-2N3RoTroMp21jKT7X8LD8:beeper.local 
[log] [2026-04-17T20:22:45.498Z] ↓ state_sync !L3p2WdC0yESG2VSQs684:beeper.local undefined message upsert $Mwl4KHKzNqKnocu02WP1jfsfHc4XbKDFi4oXoJXm0OE:beeper.local 
[log] [2026-04-17T20:22:45.500Z] ↓ state_sync !2WLowAb3ZM3FILyTNkkA:beeper.local undefined message upsert $oaeMR2SWpjZHf5U5qxvUY3rDprC3kdFJGA_ztH5jajA:beeper.local 
[log] [2026-04-17T20:22:45.504Z] ↓ state_sync !L3p2WdC0yESG2VSQs684:beeper.local undefined message upsert $GQQWtZ0Xow3E2A0WClOTb29fLn4RzPRwb0QUshCaqss:beeper.local 
[log] [2026-04-17T20:22:45.510Z] ↓ state_sync !a2rOLntNtI4O3u7GpKdh:beeper.local undefined message upsert $uVoGnPZ1IinPvJkQAhUz3YT8Q0KGWEpLbosbXLvIb_M:beeper.local 
[log] [2026-04-17T20:22:45.512Z] ↓ state_sync !q4oKYPWu8K1VcajjmtoD:beeper.local undefined message upsert $WcmtGnqGdwNtaWHxgHb_i3qbfd6zGUHbCLM3ZZ5S8nM:beeper.local 
[log] [2026-04-17T20:22:45.513Z] ↓ state_sync !2WLowAb3ZM3FILyTNkkA:beeper.local undefined message upsert $qSjwFrplY6dOphn82ksX2y8RvkRcGQFY9JvqUiZQOe4:beeper.local 
[log] [2026-04-17T20:22:45.513Z] ↓ state_sync !L3p2WdC0yESG2VSQs684:beeper.local undefined message upsert $JsPlpT-uktQHyTlzgWL8oCHeHGFD-IvxOfPByrVfEtY:beeper.local 
[log] [2026-04-17T20:22:45.515Z] ↓ state_sync !L3p2WdC0yESG2VSQs684:beeper.local undefined message upsert $nb-Iinz2RL0mX1ZYarFXaWRbE9HBu7k9hqVp8Hv_tis:beeper.local 
[log] [2026-04-17T20:22:45.516Z] ↓ state_sync !L3p2WdC0yESG2VSQs684:beeper.local undefined message upsert $Ircy694BzBcfdc7q3mgaR6lBwYkPt4NbhSOI15umlzg:beeper.local 
[log] [2026-04-17T20:22:45.620Z] ↓ state_sync !L3p2WdC0yESG2VSQs684:beeper.local undefined message upsert $SlTSTbt9996Hx0Ik9Qlcm-0L_R7q2KPyBjJ0CrLsumo:beeper.local 
[log] [2026-04-17T20:22:45.624Z] ↓ state_sync !L3p2WdC0yESG2VSQs684:beeper.local undefined message upsert $tmtNe2DiblWsaKyXMHzC9jK6Ktbgl5x927E3QIevrF4:beeper.local 
[log] [2026-04-17T20:22:45.627Z] ↓ state_sync !a2rOLntNtI4O3u7GpKdh:beeper.local undefined message upsert $MDojsXPGNJ0_2E30Z0fXBujsnzjKMoqEP5zD0FExBtk:beeper.local 
[log] [2026-04-17T20:22:45.629Z] ↓ state_sync !q4oKYPWu8K1VcajjmtoD:beeper.local undefined message upsert $yqN0IoDpm8CzM1vVb0NKEczI6H8zw2c1Wm4RQpEqu2o:beeper.local 
[log] [2026-04-17T20:22:45.630Z] ↓ state_sync !L3p2WdC0yESG2VSQs684:beeper.local undefined message upsert $efnmpJXC00IpZ7aRTAu3bR3qf_3shNt5dvXq6papbq0:beeper.local 
[log] [2026-04-17T20:22:45.632Z] ↓ state_sync !a2rOLntNtI4O3u7GpKdh:beeper.local undefined message upsert $wUHcn3fZy6_yL2SxaAgKNlc5RL6ofhaobeBC2lAJfpk:beeper.local 
[log] [2026-04-17T20:22:45.637Z] ↓ state_sync !2WLowAb3ZM3FILyTNkkA:beeper.local undefined message upsert $Bu_PdSSvAayVqZJAMA-0n0PWuL0_T-nGVDXO9q63qCU:beeper.local 
[log] [2026-04-17T20:22:45.640Z] ↓ state_sync !a2rOLntNtI4O3u7GpKdh:beeper.local undefined message upsert $K1-7ob5Wuo1dqtMq6IpXa__P9F_6HOq_lqE2e9feQSA:beeper.local 
[log] [2026-04-17T20:22:45.643Z] ↓ state_sync !2WLowAb3ZM3FILyTNkkA:beeper.local undefined message upsert $y6h79hPb95AL40KAC8q4QNIWOXhKYlk7uQMkXzIxsbc:beeper.local 
[log] [2026-04-17T20:22:45.647Z] ↓ state_sync !2WLowAb3ZM3FILyTNkkA:beeper.local undefined message upsert $ZJSp195o6ZCyPI-iCHIDnh6q1Tr4btLsFVsk-TJ3J6o:beeper.local 
[log] [2026-04-17T20:22:45.650Z] ↓ state_sync !q4oKYPWu8K1VcajjmtoD:beeper.local 40911 message_seen upsert  
[log] [2026-04-17T20:22:45.651Z] ↓ state_sync !L3p2WdC0yESG2VSQs684:beeper.local undefined message upsert $gBjywdouPInhKgpDawC7qmPIErwe89Kcbo79gVHkFXk:beeper.local 
[log] [2026-04-17T20:22:45.655Z] ↓ state_sync !L3p2WdC0yESG2VSQs684:beeper.local undefined message upsert $YLnNCpeKBI1lXKpJ7SMS3_6aDoNIP0bVDP4jWah3RGA:beeper.local 
[log] [2026-04-17T20:22:45.656Z] ↓ state_sync !a2rOLntNtI4O3u7GpKdh:beeper.local undefined message upsert $RVf24Pq_fJDiaT8Tv5Lf6YmvBXxcFIvqn-AfM5Y4vQI:beeper.local 
[log] [2026-04-17T20:22:45.658Z] ↓ state_sync !L3p2WdC0yESG2VSQs684:beeper.local undefined message upsert $CvNKiuzk-WU20EQy1mLZBnUr66D0s5byccaLGqbFKZw:beeper.local 
[log] [2026-04-17T20:22:45.658Z] ↓ state_sync !a2rOLntNtI4O3u7GpKdh:beeper.local undefined message upsert $nPnztvdFGcWJFmQy3TV4FXmwDRNPWf-RWIW32k3S8bU:beeper.local 
[log] [2026-04-17T20:22:45.665Z] ↓ state_sync !2WLowAb3ZM3FILyTNkkA:beeper.local undefined message upsert $Bv5mlxut6q5JZS5Pv7dMeSVUnBPLjv7wV8lTp_FqNLE:beeper.local 
[log] [2026-04-17T20:22:45.666Z] ↓ state_sync !L3p2WdC0yESG2VSQs684:beeper.local undefined message upsert $1dm7GKvjDPHjGdEISieFd4EN5lQYa-yzzcsv47gnMpk:beeper.local 
[log] [2026-04-17T20:22:45.668Z] ↓ state_sync !a2rOLntNtI4O3u7GpKdh:beeper.local undefined message upsert $Dg9PpTIo6bKSm95LaeP5O40aEFQYES6u0JWz7LC7nWw:beeper.local 
[log] [2026-04-17T20:22:45.669Z] ↓ state_sync undefined undefined thread update !q4oKYPWu8K1VcajjmtoD:beeper.local 
[log] [2026-04-17T20:22:45.669Z] ↓ state_sync !a2rOLntNtI4O3u7GpKdh:beeper.local undefined message upsert $m3av_YVbe-m9kkvnTq7kK7xu3VkcGrE0qBWq-gTyeYU:beeper.local 
[log] [2026-04-17T20:22:45.671Z] ↓ state_sync !q4oKYPWu8K1VcajjmtoD:beeper.local 40841 message_send_status upsert  
[log] [2026-04-17T20:22:45.671Z] ↓ state_sync !q4oKYPWu8K1VcajjmtoD:beeper.local 40861 message_send_status upsert  
[log] [2026-04-17T20:22:45.671Z] ↓ state_sync !q4oKYPWu8K1VcajjmtoD:beeper.local 40880 message_send_status upsert  
[log] [2026-04-17T20:22:45.671Z] ↓ state_sync !q4oKYPWu8K1VcajjmtoD:beeper.local 40890 message_send_status upsert  
[log] [2026-04-17T20:22:45.671Z] ↓ state_sync !q4oKYPWu8K1VcajjmtoD:beeper.local 40899 message_send_status upsert  
[log] [2026-04-17T20:22:45.671Z] ↓ state_sync !q4oKYPWu8K1VcajjmtoD:beeper.local 40911 message_send_status upsert  
[log] [2026-04-17T20:22:45.671Z] ↓ state_sync !q4oKYPWu8K1VcajjmtoD:beeper.local undefined participant upsert  
[log] [2026-04-17T20:22:45.672Z] ↓ state_sync !q4oKYPWu8K1VcajjmtoD:beeper.local undefined participant update  
[log] [2026-04-17T20:22:45.672Z] ↓ state_sync !2WLowAb3ZM3FILyTNkkA:beeper.local undefined message upsert $a8VVvlsEvcXR9RxwNn_wGtMJjOKx84Ali9eR83HbSUQ:beeper.local 
[log] [2026-04-17T20:22:45.803Z] ↓ state_sync !L3p2WdC0yESG2VSQs684:beeper.local undefined message upsert $AupbZWFRd6tbvoRgygCoddT15wmE8ukSJ-UXjrYa5F8:beeper.local 
[log] [2026-04-17T20:22:45.805Z] ↓ state_sync !2WLowAb3ZM3FILyTNkkA:beeper.local undefined message upsert $f6jXtdIWR3_jQuM7m-w-dZdIpeT5LjmoeA7W9EnnfCg:beeper.local 
[log] [2026-04-17T20:22:45.809Z] ↓ state_sync !a2rOLntNtI4O3u7GpKdh:beeper.local undefined message upsert $CL7Lqbkqox8aUob0v49_5HGjEUBIGDmvHnOFQUGmu50:beeper.local 
[log] [2026-04-17T20:22:45.810Z] ↓ state_sync !2WLowAb3ZM3FILyTNkkA:beeper.local undefined message upsert $eSB6oqaZHnjoh3C-KgGUmN58Wv74mWjROT0QPIZJx2I:beeper.local 
[log] [2026-04-17T20:22:45.811Z] ↓ state_sync !2WLowAb3ZM3FILyTNkkA:beeper.local undefined message upsert $1X5qP-5buU1O0uvcsL3qqmPE2idbueZALydG_4AJN3Q:beeper.local 
[log] [2026-04-17T20:22:45.816Z] ↓ state_sync !L3p2WdC0yESG2VSQs684:beeper.local undefined message upsert $UcXZnDviTqSOjpQlUE2DlNnGOG8KJNc6L1gvJ4UdHB4:beeper.local 
[log] [2026-04-17T20:22:45.829Z] ↓ state_sync !a2rOLntNtI4O3u7GpKdh:beeper.local undefined message upsert $MD8H92bZEpF5UYA_5sNtXzmwqkuwubxC_tVih6LxAcA:beeper.local 
[log] [2026-04-17T20:22:45.835Z] ↓ state_sync !L3p2WdC0yESG2VSQs684:beeper.local undefined message upsert $Mwl4KHKzNqKnocu02WP1jfsfHc4XbKDFi4oXoJXm0OE:beeper.local 
[log] [2026-04-17T20:22:45.836Z] ↓ state_sync !a2rOLntNtI4O3u7GpKdh:beeper.local undefined message upsert $yHxivzRYYZuE3myWQOg-9pKGo_ZXolrFflp5PMbUVUY:beeper.local 
[log] [2026-04-17T20:22:45.836Z] ↓ state_sync !2WLowAb3ZM3FILyTNkkA:beeper.local undefined message upsert $OVJeyhNJXwNcR8ztS5-wsQGO6mpohYtA6ZgliZ3cIpQ:beeper.local 
[log] [2026-04-17T20:22:45.843Z] ↓ state_sync !a2rOLntNtI4O3u7GpKdh:beeper.local undefined message upsert $3X9sxNFICFD7JzQGyb6orzRDrrT6mSDAY-pcseHQ414:beeper.local 
[log] [2026-04-17T20:22:45.844Z] ↓ state_sync !2WLowAb3ZM3FILyTNkkA:beeper.local undefined message upsert $He7OmmGSwushWMZXX8qrzbav87eqtzvzfUbqzauGQhQ:beeper.local 
[log] [2026-04-17T20:22:45.850Z] ↓ state_sync !L3p2WdC0yESG2VSQs684:beeper.local 40466 message_send_status upsert  
[log] [2026-04-17T20:22:45.851Z] ↓ state_sync !L3p2WdC0yESG2VSQs684:beeper.local 40859 message_send_status upsert  
[log] [2026-04-17T20:22:45.851Z] ↓ state_sync !L3p2WdC0yESG2VSQs684:beeper.local 40872 message_send_status upsert  
[log] [2026-04-17T20:22:45.851Z] ↓ state_sync !L3p2WdC0yESG2VSQs684:beeper.local 40895 message_send_status upsert  
[log] [2026-04-17T20:22:45.851Z] ↓ state_sync !L3p2WdC0yESG2VSQs684:beeper.local 40913 message_send_status upsert  
[log] [2026-04-17T20:22:45.851Z] ↓ state_sync !L3p2WdC0yESG2VSQs684:beeper.local 40929 message_send_status upsert  
[log] [2026-04-17T20:22:45.851Z] ↓ state_sync !L3p2WdC0yESG2VSQs684:beeper.local 40935 message_send_status upsert  
[log] [2026-04-17T20:22:45.851Z] ↓ state_sync !L3p2WdC0yESG2VSQs684:beeper.local undefined participant upsert  
[log] [2026-04-17T20:22:45.851Z] ↓ state_sync !L3p2WdC0yESG2VSQs684:beeper.local undefined participant update  
[log] [2026-04-17T20:22:45.851Z] ↓ state_sync !a2rOLntNtI4O3u7GpKdh:beeper.local undefined message upsert $f_OJ409z_2jfXhkaM_iLT5mJp5MJE32XsWQYm_JHl5U:beeper.local 
[log] [2026-04-17T20:22:45.857Z] ↓ state_sync !a2rOLntNtI4O3u7GpKdh:beeper.local undefined message upsert $Or3mdnksdrBeKTDa5w6CIrd2Xe-9ywZPxPTfc-92e3Q:beeper.local 
[log] [2026-04-17T20:22:45.859Z] ↓ state_sync !2WLowAb3ZM3FILyTNkkA:beeper.local undefined message upsert $fUkVcbGoQWQXPgreAnYEtDk7E7uV1lMUcv295SlzZDA:beeper.local 
[log] [2026-04-17T20:22:45.864Z] ↓ state_sync !2WLowAb3ZM3FILyTNkkA:beeper.local undefined message upsert $reyEuCfpp8JLkUHBNLB1DWrG0s9Iz4T1mxfWqpOLsF4:beeper.local 
[log] [2026-04-17T20:22:45.866Z] ↓ state_sync !a2rOLntNtI4O3u7GpKdh:beeper.local undefined message upsert $xwQMh9HZJ2GLMju1mdxMhdMIF5uJUoHAJUcEwt35A-s:beeper.local 
[log] [2026-04-17T20:22:45.986Z] ↓ state_sync !2WLowAb3ZM3FILyTNkkA:beeper.local undefined message upsert $cliik3I6qzEjU9issPPTSK_-bKiRFITHasOWIV_QI2o:beeper.local 
[log] [2026-04-17T20:22:45.992Z] ↓ state_sync !a2rOLntNtI4O3u7GpKdh:beeper.local undefined message upsert $_rbsvNv88xowlLgf0cul6M7WvflDuNyMFb4ZOwpl5Ig:beeper.local 
[log] [2026-04-17T20:22:45.994Z] ↓ state_sync !2WLowAb3ZM3FILyTNkkA:beeper.local undefined message upsert $N1dcFA9o7_l5w_ECctiMeyMwA_QwYz1MKNvtMWi7LZ8:beeper.local 
[log] [2026-04-17T20:22:46.001Z] ↓ state_sync !a2rOLntNtI4O3u7GpKdh:beeper.local undefined message upsert $wDmFJN5QnR7tMYPIsW-Bw6UgFX1SSN4td_3oA9TcRE4:beeper.local 
[log] [2026-04-17T20:22:46.001Z] ↓ state_sync !2WLowAb3ZM3FILyTNkkA:beeper.local undefined message upsert $qZjfiekp9Ig5GnX7dagNQlwfFQIFpNWGSFBZcyhGw-0:beeper.local 
[log] [2026-04-17T20:22:46.003Z] ↓ state_sync !a2rOLntNtI4O3u7GpKdh:beeper.local undefined message upsert $7iepl4d3lVQk3Gi02hMfIn2VFI6nI6QFyk02r-JqVEc:beeper.local 
[log] [2026-04-17T20:22:46.009Z] ↓ state_sync !2WLowAb3ZM3FILyTNkkA:beeper.local undefined message upsert $JXw7t388_YzuI2wO0YiS4OiQ2SD47p3tklxFI2UMEnM:beeper.local 
[log] [2026-04-17T20:22:46.012Z] ↓ state_sync !a2rOLntNtI4O3u7GpKdh:beeper.local undefined message upsert $xMZJOdqODrPf7xjmAtqIUALRLr9QyPTD3iBoLYD-EfM:beeper.local 
[log] [2026-04-17T20:22:46.014Z] ↓ state_sync !2WLowAb3ZM3FILyTNkkA:beeper.local undefined message upsert $eKU8XJudJidWA0QYJkj7daFDE-SeBAEPd-xlobmg9VE:beeper.local 
[log] [2026-04-17T20:22:46.014Z] ↓ state_sync !2WLowAb3ZM3FILyTNkkA:beeper.local undefined message upsert $G-5je9EvkcC_xDp-GUmIt6BJgGklWGlUzrOudwAWkU0:beeper.local 
[log] [2026-04-17T20:22:46.015Z] ↓ state_sync !2WLowAb3ZM3FILyTNkkA:beeper.local undefined message upsert $u3cQ5wR2jouQ3w9fG1kBCmksw6KUrr_XvDz2RgNr2ns:beeper.local 
[log] [2026-04-17T20:22:46.021Z] ↓ state_sync !a2rOLntNtI4O3u7GpKdh:beeper.local undefined message upsert $NeEo1mBiSOigTABHqsmj8I_RzLtreoyRjzCDFhugY3w:beeper.local 
[log] [2026-04-17T20:22:46.022Z] ↓ state_sync !2WLowAb3ZM3FILyTNkkA:beeper.local undefined message upsert $f3CaeWhfsLf4F9g0N7bIaPQV3Xb2NjrO6XuQ_eh3vHQ:beeper.local 
[log] [2026-04-17T20:22:46.024Z] ↓ state_sync !a2rOLntNtI4O3u7GpKdh:beeper.local undefined message upsert $O9_UovtVv5Q9tiQtoeohKY5qbwC1XZry8RpWvpU4uis:beeper.local 
[log] [2026-04-17T20:22:46.025Z] ↓ state_sync !a2rOLntNtI4O3u7GpKdh:beeper.local undefined message upsert $dBELBk-aN8s1lwh9tQ8C3r1BmnwhZlu7Sh3P24gdU1A:beeper.local 
[log] [2026-04-17T20:22:46.027Z] ↓ state_sync !2WLowAb3ZM3FILyTNkkA:beeper.local undefined message upsert $4NOL5akm0uhG1V7tJnX1IXaqf-ml_akb_uC7CaevW2g:beeper.local 
[log] [2026-04-17T20:22:46.148Z] ↓ state_sync !2WLowAb3ZM3FILyTNkkA:beeper.local undefined message upsert $CoR85PxJ07Lrn1ToKSJRXPlORqxkCFg4wlsR2Cd1PZo:beeper.local 
[log] [2026-04-17T20:22:46.151Z] ↓ app sync event sync_processing_updated 73 [object Object] 
[log] [2026-04-17T20:22:46.151Z] [BeeperClientStore] Syncing state changed: false -> true 
[log] [2026-04-17T20:22:46.154Z] ↓ app sync event sync_processing_notice_updated 74 [object Object] 
[log] [2026-04-17T20:22:46.156Z] [BeeperClientStore] sync processing notice updated to Catching up! Syncing 49 of 206 outstanding messages 
[log] [2026-04-17T20:22:46.156Z] ↓ state_sync !2WLowAb3ZM3FILyTNkkA:beeper.local undefined message upsert $QIjLN4lrKgfdNifvzFu3a14aEB8K0RcudN-6O1j_PV0:beeper.local 
[log] [2026-04-17T20:22:46.163Z] ↓ state_sync !2WLowAb3ZM3FILyTNkkA:beeper.local undefined message upsert $gnPZ8OTuamOHxVqjvvBDN4LyKNr2DI7ApPBlWWvZnMo:beeper.local 
[log] [2026-04-17T20:22:46.176Z] ↓ state_sync !a2rOLntNtI4O3u7GpKdh:beeper.local undefined message upsert $QZIERdxEPyjk5M5Z22Ws3xN_V_toi91dVUVoyicBwHk:beeper.local 
[log] [2026-04-17T20:22:46.182Z] ↓ state_sync !2WLowAb3ZM3FILyTNkkA:beeper.local undefined message upsert $3xLcktbeRABkVas2U9O_htcb32V5A3bao5pvIRAtsF0:beeper.local 
[log] [2026-04-17T20:22:46.187Z] ↓ state_sync !2WLowAb3ZM3FILyTNkkA:beeper.local undefined message upsert $OeyZuGaxvKonqHUI_WJHmuJQc-wGaI1RtZDJ1o4Xj5Y:beeper.local 
[log] [2026-04-17T20:22:46.189Z] ↓ state_sync !a2rOLntNtI4O3u7GpKdh:beeper.local undefined message upsert $QyB5x9aftItC2qXdn9t16CgW3uNnuylmUveugOy6Eqw:beeper.local 
[log] [2026-04-17T20:22:46.191Z] ↓ state_sync !2WLowAb3ZM3FILyTNkkA:beeper.local undefined message upsert $KCV28q_EGstyLkUiIU3zQPextQPiDvPNppU3BzV42Sg:beeper.local 
[log] [2026-04-17T20:22:46.192Z] ↓ state_sync !a2rOLntNtI4O3u7GpKdh:beeper.local undefined message upsert $BiqrmZlHDdYl4NGMbwsjv-k_RL5bTNrmeVtrrO8TqUM:beeper.local 
[log] [2026-04-17T20:22:46.195Z] ↓ state_sync !a2rOLntNtI4O3u7GpKdh:beeper.local undefined message upsert $H1wFoB40wiOclvN2QNhnoLjlaHUzsz6tPnW_4icQu3A:beeper.local 
[log] [2026-04-17T20:22:46.196Z] ↓ state_sync !2WLowAb3ZM3FILyTNkkA:beeper.local undefined message upsert $8r_sV_TO7hNDXUdAefGXz6Y1LDlYhxRKdvFePDRM13w:beeper.local 
[log] [2026-04-17T20:22:46.199Z] ↓ state_sync !a2rOLntNtI4O3u7GpKdh:beeper.local undefined message upsert $6Zy8By8jKmKQLLj_vIsdkB54VTuuVT-YO4V8BscmjhA:beeper.local 
[log] [2026-04-17T20:22:46.199Z] ↓ state_sync !2WLowAb3ZM3FILyTNkkA:beeper.local undefined message upsert $OifdrjTjTXxJqY9TrCD_Uv5NSFlhdlYk5N0Bj2NFgXI:beeper.local 
[log] [2026-04-17T20:22:46.202Z] ↓ state_sync !a2rOLntNtI4O3u7GpKdh:beeper.local undefined message upsert $BisyvjkMQltddbm61Mp8LNVRKDGaTnLG6PjdZvNhKV0:beeper.local 
[log] [2026-04-17T20:22:46.204Z] ↓ state_sync !2WLowAb3ZM3FILyTNkkA:beeper.local undefined message upsert $Cr1wqPEDuMnWe-SQIus2kEfgj5fBUyn5-K0_TX-X0Qs:beeper.local 
[log] [2026-04-17T20:22:46.209Z] ↓ state_sync !2WLowAb3ZM3FILyTNkkA:beeper.local undefined message upsert $0jQytXlbPErag67tjAs2nablTJQpGV_attdJjmge7lk:beeper.local 
[log] [2026-04-17T20:22:46.211Z] ↓ state_sync !a2rOLntNtI4O3u7GpKdh:beeper.local undefined message upsert $nebJEFuuG3Hc9lA0vuxKl1ExeozYCV-Q_gaRT0Em09Q:beeper.local 
[log] [2026-04-17T20:22:46.213Z] ↓ state_sync !2WLowAb3ZM3FILyTNkkA:beeper.local undefined message upsert $GeD3EtJUvtJXFtVBJqwXUEkPDb3eadtUu8l8PpM4OJo:beeper.local 
[log] [2026-04-17T20:22:46.317Z] ↓ state_sync !2WLowAb3ZM3FILyTNkkA:beeper.local undefined message upsert $lE8N2-__bM3LtyhAU6CdBT9sLApsMeF5WIoI5d2vIG4:beeper.local 
[log] [2026-04-17T20:22:46.330Z] ↓ state_sync !a2rOLntNtI4O3u7GpKdh:beeper.local undefined message upsert $0vUYYF4kbFqEGpOE12i_DM84ZayUdtylcv8dJ-zOK5k:beeper.local 
[log] [2026-04-17T20:22:46.331Z] ↓ state_sync !2WLowAb3ZM3FILyTNkkA:beeper.local undefined message upsert $mk7hcQBw1AvCmhziaJpwBZ_9ksibhywE79-zZPYC7Bg:beeper.local 
[log] [2026-04-17T20:22:46.339Z] ↓ state_sync !2WLowAb3ZM3FILyTNkkA:beeper.local undefined message upsert $b7yyEbjKXzk9xwmlRPpAlT1TWbqodDzezAA49ZHFP8A:beeper.local 
[log] [2026-04-17T20:22:46.352Z] ↓ state_sync !a2rOLntNtI4O3u7GpKdh:beeper.local undefined message upsert $Lm3zxoRoz6EiAGFgN8luM0J5w_6D229mJ-LihObjK2o:beeper.local 
[debug] [2026-04-17T20:22:46.353Z] [ThreadStore][!a2rOLntNtI4O3u7GpKdh:beeper.local] Incrementing unreadCount to 1 (id: 41016 eventID: $Lm3zxoRoz6EiAGFgN8luM0J5w_6D229mJ-LihObjK2o:beeper.local) 
[log] [2026-04-17T20:22:46.356Z] ↓ state_sync !a2rOLntNtI4O3u7GpKdh:beeper.local undefined message upsert $sUAHh_7TOmGI2DK4GMezTHTGtVV2bx-Tcn2WghXQ8HY:beeper.local 
[debug] [2026-04-17T20:22:46.356Z] [ThreadStore][!a2rOLntNtI4O3u7GpKdh:beeper.local] Incrementing unreadCount to 2 (id: 41017 eventID: $sUAHh_7TOmGI2DK4GMezTHTGtVV2bx-Tcn2WghXQ8HY:beeper.local) 
[log] [2026-04-17T20:22:46.357Z] ↓ state_sync !a2rOLntNtI4O3u7GpKdh:beeper.local undefined message upsert $-l7KRokTdr7kWxPFCkY8gaqhhqUuCNRVVZX_PbxtriA:beeper.local 
[debug] [2026-04-17T20:22:46.357Z] [ThreadStore][!a2rOLntNtI4O3u7GpKdh:beeper.local] Incrementing unreadCount to 3 (id: 41018 eventID: $-l7KRokTdr7kWxPFCkY8gaqhhqUuCNRVVZX_PbxtriA:beeper.local) 
[log] [2026-04-17T20:22:46.361Z] ↓ state_sync !a2rOLntNtI4O3u7GpKdh:beeper.local undefined message upsert $EVMmdKzEigPUOAhiIYK6nlmamrPmIQQPRVpg9YdQfKY:beeper.local 
[debug] [2026-04-17T20:22:46.363Z] [ThreadStore][!a2rOLntNtI4O3u7GpKdh:beeper.local] Incrementing unreadCount to 4 (id: 41020 eventID: $EVMmdKzEigPUOAhiIYK6nlmamrPmIQQPRVpg9YdQfKY:beeper.local) 
[log] [2026-04-17T20:22:46.366Z] ↓ state_sync !2WLowAb3ZM3FILyTNkkA:beeper.local undefined message upsert $6UaTukwaD6tcuZANlEcAAeQSFnlXkAaIAuPrXDdT9kc:beeper.local 
[log] [2026-04-17T20:22:46.369Z] ↓ state_sync !a2rOLntNtI4O3u7GpKdh:beeper.local undefined message upsert $XApsjbPn0CgwZsooNF20VlFUwW7yJf6D0lLijdi7krs:beeper.local 
[debug] [2026-04-17T20:22:46.369Z] [ThreadStore][!a2rOLntNtI4O3u7GpKdh:beeper.local] Incrementing unreadCount to 5 (id: 41022 eventID: $XApsjbPn0CgwZsooNF20VlFUwW7yJf6D0lLijdi7krs:beeper.local) 
[log] [2026-04-17T20:22:46.371Z] ↓ state_sync !a2rOLntNtI4O3u7GpKdh:beeper.local undefined message upsert $COUu-aqFvDn0srh5TUsX_3mLTcZO914ovq3QnJjKKVE:beeper.local 
[debug] [2026-04-17T20:22:46.371Z] [ThreadStore][!a2rOLntNtI4O3u7GpKdh:beeper.local] Incrementing unreadCount to 6 (id: 41023 eventID: $COUu-aqFvDn0srh5TUsX_3mLTcZO914ovq3QnJjKKVE:beeper.local) 
[log] [2026-04-17T20:22:46.376Z] ↓ state_sync !a2rOLntNtI4O3u7GpKdh:beeper.local 40866 message_send_status upsert  
[log] [2026-04-17T20:22:46.377Z] ↓ state_sync !a2rOLntNtI4O3u7GpKdh:beeper.local 40879 message_send_status upsert  
[log] [2026-04-17T20:22:46.377Z] ↓ state_sync !a2rOLntNtI4O3u7GpKdh:beeper.local 40883 message_send_status upsert  
[log] [2026-04-17T20:22:46.378Z] ↓ state_sync !a2rOLntNtI4O3u7GpKdh:beeper.local 40898 message_send_status upsert  
[log] [2026-04-17T20:22:46.378Z] ↓ state_sync !a2rOLntNtI4O3u7GpKdh:beeper.local 40916 message_send_status upsert  
[log] [2026-04-17T20:22:46.379Z] ↓ state_sync !a2rOLntNtI4O3u7GpKdh:beeper.local 40931 message_send_status upsert  
[log] [2026-04-17T20:22:46.379Z] ↓ state_sync !a2rOLntNtI4O3u7GpKdh:beeper.local 40938 message_send_status upsert  
[log] [2026-04-17T20:22:46.379Z] ↓ state_sync !a2rOLntNtI4O3u7GpKdh:beeper.local 40952 message_send_status upsert  
[log] [2026-04-17T20:22:46.379Z] ↓ state_sync !a2rOLntNtI4O3u7GpKdh:beeper.local 40957 message_send_status upsert  
[log] [2026-04-17T20:22:46.380Z] ↓ state_sync !a2rOLntNtI4O3u7GpKdh:beeper.local 40961 message_send_status upsert  
[log] [2026-04-17T20:22:46.380Z] ↓ state_sync !a2rOLntNtI4O3u7GpKdh:beeper.local 40965 message_send_status upsert  
[log] [2026-04-17T20:22:46.380Z] ↓ state_sync !a2rOLntNtI4O3u7GpKdh:beeper.local 40971 message_send_status upsert  
[log] [2026-04-17T20:22:46.380Z] ↓ state_sync !a2rOLntNtI4O3u7GpKdh:beeper.local 40976 message_send_status upsert  
[log] [2026-04-17T20:22:46.380Z] ↓ state_sync !a2rOLntNtI4O3u7GpKdh:beeper.local 40981 message_send_status upsert  
[log] [2026-04-17T20:22:46.380Z] ↓ state_sync !a2rOLntNtI4O3u7GpKdh:beeper.local 40988 message_send_status upsert  
[log] [2026-04-17T20:22:46.380Z] ↓ state_sync !a2rOLntNtI4O3u7GpKdh:beeper.local 40993 message_send_status upsert  
[log] [2026-04-17T20:22:46.380Z] ↓ state_sync !a2rOLntNtI4O3u7GpKdh:beeper.local 41002 message_send_status upsert  
[log] [2026-04-17T20:22:46.381Z] ↓ state_sync !a2rOLntNtI4O3u7GpKdh:beeper.local 41006 message_send_status upsert  
[log] [2026-04-17T20:22:46.381Z] ↓ state_sync !a2rOLntNtI4O3u7GpKdh:beeper.local 41011 message_send_status upsert  
[log] [2026-04-17T20:22:46.381Z] ↓ state_sync !a2rOLntNtI4O3u7GpKdh:beeper.local undefined participant upsert  
[log] [2026-04-17T20:22:46.381Z] ↓ state_sync !a2rOLntNtI4O3u7GpKdh:beeper.local undefined participant update  
[log] [2026-04-17T20:22:46.381Z] ↓ state_sync !2WLowAb3ZM3FILyTNkkA:beeper.local undefined message upsert $fEBGkXoGsLSlae-VW1FaoKalKzJAFvN3kJxdDAbunMU:beeper.local 
[log] [2026-04-17T20:22:46.383Z] ↓ state_sync !2WLowAb3ZM3FILyTNkkA:beeper.local undefined message upsert $mp6cpSyNpchPHUPmAyeu5w4D0LKxahy9V22bnCOfvZM:beeper.local 
[log] [2026-04-17T20:22:46.384Z] ↓ state_sync !2WLowAb3ZM3FILyTNkkA:beeper.local undefined message upsert $Tx7NOopmFefx58DzwbFLrYLlouJyYrcMyF7_qUbgnCA:beeper.local 
[log] [2026-04-17T20:22:46.392Z] ↓ state_sync !2WLowAb3ZM3FILyTNkkA:beeper.local undefined message upsert $RUVguB098Y0OhvzlqLmm7wELk1FVtZy6--W9-rxiI0U:beeper.local 
[log] [2026-04-17T20:22:46.396Z] ↓ state_sync !2WLowAb3ZM3FILyTNkkA:beeper.local undefined message upsert $PbVYy_hOx7Q9GiPDKbXgfXVnqHiDNLMdZCOdU6pO6po:beeper.local 
[log] [2026-04-17T20:22:46.397Z] ↓ state_sync !2WLowAb3ZM3FILyTNkkA:beeper.local undefined message upsert $qCiDLl-s3hX5nJYlvf_m3nKJUQR3wpZuCySIYbEhr4I:beeper.local 
[log] [2026-04-17T20:22:46.399Z] ↓ state_sync !2WLowAb3ZM3FILyTNkkA:beeper.local undefined message upsert $r7wpD8kxZqfaAefq0q_u3MDtgPiZWkJ02ZnKKYEDLhM:beeper.local 
[log] [2026-04-17T20:22:46.406Z] ↓ state_sync !2WLowAb3ZM3FILyTNkkA:beeper.local 40865 message_send_status upsert  
[log] [2026-04-17T20:22:46.407Z] ↓ state_sync !2WLowAb3ZM3FILyTNkkA:beeper.local 40881 message_send_status upsert  
[log] [2026-04-17T20:22:46.407Z] ↓ state_sync !2WLowAb3ZM3FILyTNkkA:beeper.local 40894 message_send_status upsert  
[log] [2026-04-17T20:22:46.407Z] ↓ state_sync !2WLowAb3ZM3FILyTNkkA:beeper.local 40902 message_send_status upsert  
[log] [2026-04-17T20:22:46.407Z] ↓ state_sync !2WLowAb3ZM3FILyTNkkA:beeper.local 40918 message_send_status upsert  
[log] [2026-04-17T20:22:46.409Z] ↓ state_sync !2WLowAb3ZM3FILyTNkkA:beeper.local 40928 message_send_status upsert  
[log] [2026-04-17T20:22:46.409Z] ↓ state_sync !2WLowAb3ZM3FILyTNkkA:beeper.local 40940 message_send_status upsert  
[log] [2026-04-17T20:22:46.409Z] ↓ state_sync !2WLowAb3ZM3FILyTNkkA:beeper.local 40950 message_send_status upsert  
[log] [2026-04-17T20:22:46.409Z] ↓ state_sync !2WLowAb3ZM3FILyTNkkA:beeper.local 40956 message_send_status upsert  
[log] [2026-04-17T20:22:46.411Z] ↓ state_sync !2WLowAb3ZM3FILyTNkkA:beeper.local 40962 message_send_status upsert  
[log] [2026-04-17T20:22:46.411Z] ↓ state_sync !2WLowAb3ZM3FILyTNkkA:beeper.local 40966 message_send_status upsert  
[log] [2026-04-17T20:22:46.411Z] ↓ state_sync !2WLowAb3ZM3FILyTNkkA:beeper.local 40974 message_send_status upsert  
[log] [2026-04-17T20:22:46.411Z] ↓ state_sync !2WLowAb3ZM3FILyTNkkA:beeper.local 40978 message_send_status upsert  
[log] [2026-04-17T20:22:46.411Z] ↓ state_sync !2WLowAb3ZM3FILyTNkkA:beeper.local 40986 message_send_status upsert  
[log] [2026-04-17T20:22:46.411Z] ↓ state_sync !2WLowAb3ZM3FILyTNkkA:beeper.local 40992 message_send_status upsert  
[log] [2026-04-17T20:22:46.412Z] ↓ state_sync !2WLowAb3ZM3FILyTNkkA:beeper.local 41004 message_send_status upsert  
[log] [2026-04-17T20:22:46.412Z] ↓ state_sync !2WLowAb3ZM3FILyTNkkA:beeper.local 41009 message_send_status upsert  
[log] [2026-04-17T20:22:46.412Z] ↓ state_sync !2WLowAb3ZM3FILyTNkkA:beeper.local 41014 message_send_status upsert  
[log] [2026-04-17T20:22:46.412Z] ↓ state_sync !2WLowAb3ZM3FILyTNkkA:beeper.local 41021 message_send_status upsert  
[log] [2026-04-17T20:22:46.412Z] ↓ state_sync !2WLowAb3ZM3FILyTNkkA:beeper.local 41031 message_send_status upsert  
[log] [2026-04-17T20:22:46.412Z] ↓ state_sync !2WLowAb3ZM3FILyTNkkA:beeper.local undefined participant upsert @instagramgo_17842915878536168:beeper.local 
[log] [2026-04-17T20:22:46.412Z] ↓ state_sync !2WLowAb3ZM3FILyTNkkA:beeper.local undefined participant update  
[log] [2026-04-17T20:22:46.425Z] ↓ state_sync !q6JFMOx72XgitYsVbRrq:beeper.local undefined message upsert $AmF7Q7iqINk07LzGWB4AreNIWP-t8-BHY3SLg_sDjkQ:beeper.local 
[log] [2026-04-17T20:22:46.430Z] ↓ state_sync !kvFNTYOat6AKFoVfUz87:beeper.local undefined message upsert $XenQ-EfEy1RBSrHkCUPcEyGbObBk_YajykH7cOZZrcI:beeper.local 
[log] [2026-04-17T20:22:46.432Z] ↓ state_sync !zHb5kgxpN9q6BsO9b6Li:beeper.local undefined message upsert $4Icg28tNxcOHUHN6zXqgK13-KEvPhSa483V-Vg6wNjQ:beeper.local 
[log] [2026-04-17T20:22:46.438Z] ↓ state_sync !q6JFMOx72XgitYsVbRrq:beeper.local undefined message upsert $3t3fhzGo5MSmwxCFN0cjkUcE_WnCFsNmy8JAGmcVMHE:beeper.local 
[log] [2026-04-17T20:22:46.438Z] ↓ state_sync !kvFNTYOat6AKFoVfUz87:beeper.local undefined message upsert $9Gjg01wkSROBMX7EpGOPO-xpVptL3qt6pEq3u_N8CPY:beeper.local 
[log] [2026-04-17T20:22:46.444Z] ↓ state_sync !q6JFMOx72XgitYsVbRrq:beeper.local undefined message upsert $jbI8Il0tZgH1E8TQKSOFpGp9TGXxIkHow5XjoFMwtr4:beeper.local 
[log] [2026-04-17T20:22:46.562Z] ↓ state_sync !zHb5kgxpN9q6BsO9b6Li:beeper.local undefined message upsert $TZkQgLDVHioaE8YlLpaxRzt0SfgeHVpyc9QTx4yinNc:beeper.local 
[log] [2026-04-17T20:22:46.570Z] ↓ state_sync !zHb5kgxpN9q6BsO9b6Li:beeper.local 41035 message_reaction upsert @instagramgo_17842022540250515:beeper.local 
[log] [2026-04-17T20:22:46.570Z] ↓ state_sync !zHb5kgxpN9q6BsO9b6Li:beeper.local undefined participant upsert  
[log] [2026-04-17T20:22:46.570Z] ↓ state_sync !zHb5kgxpN9q6BsO9b6Li:beeper.local undefined participant update  
[log] [2026-04-17T20:22:46.571Z] ↓ state_sync !kvFNTYOat6AKFoVfUz87:beeper.local undefined message upsert $dIn9QFdWfbJplRgfL83rLwE9hVQgBNQtHpzosmhN7S8:beeper.local 
[log] [2026-04-17T20:22:46.574Z] ↓ state_sync !q6JFMOx72XgitYsVbRrq:beeper.local 41038 message_reaction upsert @instagramgo_17845226201864164:beeper.local 
[log] [2026-04-17T20:22:46.574Z] ↓ state_sync !q6JFMOx72XgitYsVbRrq:beeper.local undefined participant upsert @instagramgo_17842735584667669:beeper.local,@instagramgo_17842799111364298:beeper.local 
[log] [2026-04-17T20:22:46.575Z] ↓ state_sync !q6JFMOx72XgitYsVbRrq:beeper.local undefined participant update  
[log] [2026-04-17T20:22:46.577Z] ↓ state_sync !kvFNTYOat6AKFoVfUz87:beeper.local undefined message upsert $gt44zExAxHSftsLSgv5hJ9BtEcazbG1wtStyUtECOSs:beeper.local 
[log] [2026-04-17T20:22:46.580Z] ↓ state_sync !kvFNTYOat6AKFoVfUz87:beeper.local undefined message upsert $DHf8cyB5y9jLnA2lT8-4kWMzVJtLMJUnnZ71MVVy5mY:beeper.local 
[log] [2026-04-17T20:22:46.583Z] ↓ state_sync !kvFNTYOat6AKFoVfUz87:beeper.local undefined message upsert $JS5KsroioGfCM5N-RdNYUrTMMVnOXcsAD8Sv5ci7Qp8:beeper.local 
[log] [2026-04-17T20:22:46.586Z] ↓ state_sync !kvFNTYOat6AKFoVfUz87:beeper.local undefined message upsert $xfbYq7i3bjFfhbzwnDQHWSLDn-KcHDsczp-NPVOjzho:beeper.local 
[log] [2026-04-17T20:22:46.589Z] ↓ state_sync !kvFNTYOat6AKFoVfUz87:beeper.local undefined message upsert $Tz90JZ0fqj-kdmUn67mag1dLH_wVODUlJTHlOr1Zlws:beeper.local 
[log] [2026-04-17T20:22:46.591Z] ↓ state_sync !kvFNTYOat6AKFoVfUz87:beeper.local undefined message upsert $5duNBNA4boIHjXf_SjWbquaWoBEt_oGD5nkUhbwkN7g:beeper.local 
[log] [2026-04-17T20:22:46.594Z] ↓ state_sync !kvFNTYOat6AKFoVfUz87:beeper.local undefined message upsert $2FuXBndwY-ABwzh8pXMHv9TgOJeLTPP42cFtr5rbVNM:beeper.local 
[log] [2026-04-17T20:22:46.597Z] ↓ state_sync !kvFNTYOat6AKFoVfUz87:beeper.local undefined message upsert $ohGWE9ryq1ODLQPATMKiTECG5hM8KkXqKC2ggkQPAPo:beeper.local 
[log] [2026-04-17T20:22:46.603Z] ↓ state_sync !kvFNTYOat6AKFoVfUz87:beeper.local undefined message upsert $v7cozGlXAcEf517NiIo03hVSlQDSb6967tR_gdxcgLQ:beeper.local 
[log] [2026-04-17T20:22:46.606Z] ↓ state_sync !kvFNTYOat6AKFoVfUz87:beeper.local undefined message upsert $VX-dD_nQ4xNsoITdN-b1bH47KD45MJZvjv4NTsFqXVM:beeper.local 
[log] [2026-04-17T20:22:46.610Z] ↓ state_sync !kvFNTYOat6AKFoVfUz87:beeper.local undefined message upsert $_AIVMNnweMwo6aA8D6CApYTrnr-fYvQ_AEbcQDVOW6A:beeper.local 
[log] [2026-04-17T20:22:46.614Z] ↓ state_sync !kvFNTYOat6AKFoVfUz87:beeper.local undefined message upsert $4cWgk9gMYY6qy2UfGpjGIOzA9W8hosqSGfowzcEgyJ4:beeper.local 
[log] [2026-04-17T20:22:46.616Z] ↓ state_sync !kvFNTYOat6AKFoVfUz87:beeper.local undefined message upsert $mxTZKKrKZhI4eeztNz8cw6kcd9XqAme-QS_bPeR3xYo:beeper.local 
[log] [2026-04-17T20:22:46.620Z] ↓ state_sync !kvFNTYOat6AKFoVfUz87:beeper.local undefined message upsert $WYp_e49fnlh67lKEbd9r7hyufiKvNCGGHi6Zh_3CZ7Y:beeper.local 
[log] [2026-04-17T20:22:46.623Z] ↓ state_sync !kvFNTYOat6AKFoVfUz87:beeper.local undefined message upsert $DeV5wIw_nZgSXJQt0q0bVu152Y9NVquxV4hZDi0vCzg:beeper.local 
[log] [2026-04-17T20:22:46.626Z] ↓ state_sync !kvFNTYOat6AKFoVfUz87:beeper.local undefined message upsert $gFTQtKX7ACwmpHg5_3zhHAK7BVFmPy0c9DqLPpwzf2g:beeper.local 
[log] [2026-04-17T20:22:46.628Z] ↓ state_sync !kvFNTYOat6AKFoVfUz87:beeper.local undefined message upsert $ghCOTEKAoh8vacTm2JrHY85LRZAhJ_sLgTjCN81hNes:beeper.local 
[log] [2026-04-17T20:22:46.631Z] ↓ state_sync !kvFNTYOat6AKFoVfUz87:beeper.local undefined message upsert $nPxIC2OUnzf0mneJkJyae75YwB5M9ou5e-3yaB6nWuQ:beeper.local 
[log] [2026-04-17T20:22:46.633Z] ↓ state_sync !kvFNTYOat6AKFoVfUz87:beeper.local undefined message upsert $QbTGFNBtspsjkEw4JaJ1B1wM-MrpFl8WCZX3lNRKK2E:beeper.local 
[log] [2026-04-17T20:22:46.636Z] ↓ state_sync !kvFNTYOat6AKFoVfUz87:beeper.local undefined message upsert $pluM3ijlwMPDXPwNAlIZvnNcWbKYZKtIOPcNc3mYUbM:beeper.local 
[log] [2026-04-17T20:22:46.638Z] ↓ state_sync !kvFNTYOat6AKFoVfUz87:beeper.local undefined message upsert $oWY4UiB6C04X1MATi7iLvmQUEfTwhqjY-slBV53XxGw:beeper.local 
[log] [2026-04-17T20:22:46.642Z] ↓ state_sync !kvFNTYOat6AKFoVfUz87:beeper.local undefined message upsert $JWc9A3siEi9j3J2FBNNqEh6j1bZyH_kPw9b-9ZxzzqQ:beeper.local 
[log] [2026-04-17T20:22:46.644Z] ↓ state_sync !kvFNTYOat6AKFoVfUz87:beeper.local undefined message upsert $ukMs3zAKWcLvPvMsysTtP9Rb0IXEz7s-QLGaXPJ6-xE:beeper.local 
[log] [2026-04-17T20:22:46.648Z] ↓ state_sync !kvFNTYOat6AKFoVfUz87:beeper.local undefined message upsert $a3Q5SRu9WYmhPkAqZ_qW5XDLcxXPjl5Zo1vul75-pRs:beeper.local 
[log] [2026-04-17T20:22:46.649Z] ↓ state_sync !kvFNTYOat6AKFoVfUz87:beeper.local undefined message upsert $iSqCBSTvWSAwdzMjDp_zcGbSmWaNT-KUcZjr6XQg5ts:beeper.local 
[log] [2026-04-17T20:22:46.653Z] ↓ state_sync !kvFNTYOat6AKFoVfUz87:beeper.local undefined message upsert $TgyM1FobC-RvIEq0JAq7JeAROXBx5wxtK8xxaj9Teg4:beeper.local 
[log] [2026-04-17T20:22:46.654Z] ↓ state_sync !kvFNTYOat6AKFoVfUz87:beeper.local undefined message upsert $1AWh3_hWEVfH3HBeuyTqR_hGnEWVRKjS6P_yRP5OBZs:beeper.local 
[log] [2026-04-17T20:22:46.658Z] ↓ state_sync !kvFNTYOat6AKFoVfUz87:beeper.local undefined message upsert $1n8qL-AaGiup0J3qMiwcSIXKL13plcOL0SQlcrRLnmY:beeper.local 
[log] [2026-04-17T20:22:46.659Z] ↓ state_sync !kvFNTYOat6AKFoVfUz87:beeper.local undefined message upsert $DDYnpdv1vWI7peBVFP6ucEKDosAwP5eWfLnp_dfhsQY:beeper.local 
[log] [2026-04-17T20:22:46.663Z] ↓ state_sync !kvFNTYOat6AKFoVfUz87:beeper.local undefined message upsert $f9pCMFryoMW0cHNhQeKkj1qdXeY9NkjXuJevrZa4BgA:beeper.local 
[log] [2026-04-17T20:22:46.664Z] ↓ app sync event sync_processing_updated 75 [object Object] 
[log] [2026-04-17T20:22:46.665Z] [BeeperClientStore] Syncing state changed: true -> false 
[log] [2026-04-17T20:22:46.665Z] ↓ app sync event sync_processing_notice_updated 76 [object Object] 
[log] [2026-04-17T20:22:46.665Z] [BeeperClientStore] sync processing notice updated to  
[log] [2026-04-17T20:22:46.665Z] ↓ state_sync !kvFNTYOat6AKFoVfUz87:beeper.local undefined message upsert $M3SZ6xgaGqKOaHquFITWW-Jb4QySKWkuE9933_HcKc8:beeper.local 
[log] [2026-04-17T20:22:46.667Z] ↓ state_sync !kvFNTYOat6AKFoVfUz87:beeper.local undefined message upsert $QnXTAAXi4HuxejQp_Oe5Ype8-aPqIMhg0ZP7JH7tzlo:beeper.local 
[log] [2026-04-17T20:22:46.670Z] ↓ state_sync !kvFNTYOat6AKFoVfUz87:beeper.local undefined message upsert $JolmRVjHKDRYBy0yq5MZZciXMlRQ9BPpTsPLMwR3iak:beeper.local 
[log] [2026-04-17T20:22:46.671Z] ↓ state_sync !kvFNTYOat6AKFoVfUz87:beeper.local undefined message upsert $vat7HZaGYcU_aKRxILVmBWKUaHWu76sO4XK8AnELUzs:beeper.local 
[log] [2026-04-17T20:22:46.674Z] ↓ state_sync !kvFNTYOat6AKFoVfUz87:beeper.local undefined message upsert $xuzPGlgeM_h7D0Oi-zo8nmRVOifutw5p_LqYxzFYd7U:beeper.local 
[log] [2026-04-17T20:22:46.678Z] ↓ state_sync !kvFNTYOat6AKFoVfUz87:beeper.local undefined message upsert $Qsn9lIA0Sxkfh0wdSvhb18H7S54Q5QgW6Y4HJGvaeP4:beeper.local 
[log] [2026-04-17T20:22:46.680Z] ↓ state_sync !kvFNTYOat6AKFoVfUz87:beeper.local undefined message upsert $vTqjIt0pa1QaQTTrJtdIvj-mTc0cXWNO-SS5CfB-YTY:beeper.local 
[log] [2026-04-17T20:22:46.681Z] ↓ state_sync !kvFNTYOat6AKFoVfUz87:beeper.local undefined message upsert $a2Gjg60YGfFa83vzwdYYx9HmeNNrDn6jR-_fJ_6GPL0:beeper.local 
[log] [2026-04-17T20:22:46.683Z] ↓ state_sync !kvFNTYOat6AKFoVfUz87:beeper.local undefined message upsert $sj1fEdck3BU66D2NZt2nkb9xL0ojmrKfnWZwANUkCKo:beeper.local 
[log] [2026-04-17T20:22:46.694Z] ↓ state_sync !kvFNTYOat6AKFoVfUz87:beeper.local undefined message upsert $XcXqCa_SVilLGF5Wl_B9gncvbfYoBt-JYfK8Uqf8Ch4:beeper.local 
[log] [2026-04-17T20:22:46.698Z] ↓ state_sync !kvFNTYOat6AKFoVfUz87:beeper.local undefined message upsert $ErNvAD7ryxzc4eFPp1czrY3MM21a6KxCVKQZPH3uIso:beeper.local 
[log] [2026-04-17T20:22:46.703Z] ↓ state_sync !kvFNTYOat6AKFoVfUz87:beeper.local undefined message upsert $v-0WeZzE5e44kXwIYuBup3_fFjzlQhR0brfw4hZodkc:beeper.local 
[log] [2026-04-17T20:22:46.704Z] ↓ state_sync !kvFNTYOat6AKFoVfUz87:beeper.local undefined message upsert $spnl-8jMiyMOMhdXEaR9LG9BsmpLhQQyyi4PPw8LvlU:beeper.local 
[log] [2026-04-17T20:22:46.705Z] ↓ state_sync !kvFNTYOat6AKFoVfUz87:beeper.local undefined message upsert $PQVPX2YFrGKPPydlTuHvYyrJiGYFCu9lwBfc2nZs7eY:beeper.local 
[log] [2026-04-17T20:22:46.706Z] ↓ state_sync !kvFNTYOat6AKFoVfUz87:beeper.local undefined message upsert $XLAXS1e1oJQtnr_HcX2jWU1PbdhyaIxW1QA9C5xlWZ8:beeper.local 
[log] [2026-04-17T20:22:46.915Z] ↓ state_sync !kvFNTYOat6AKFoVfUz87:beeper.local undefined message upsert $CbV3JpW9S3JkZEoYCJoLJmGR2JNbY_51TRovQ1mQGlU:beeper.local 
[log] [2026-04-17T20:22:46.918Z] ↓ state_sync !kvFNTYOat6AKFoVfUz87:beeper.local undefined message upsert $HIz58Fm7mwIC2m7bzjp1lH1AsA18OnBhvpu8jg6Y_4c:beeper.local 
[log] [2026-04-17T20:22:46.921Z] ↓ state_sync !kvFNTYOat6AKFoVfUz87:beeper.local undefined message upsert $qVzhneLk4ZUP2RCeN6O5nTBfrxbHQl039ZK719JFXkk:beeper.local 
[log] [2026-04-17T20:22:46.922Z] ↓ state_sync !kvFNTYOat6AKFoVfUz87:beeper.local undefined message upsert $nmMOrYwg8ozD2OvxB4I4uOPOQm-CnjY-FXq4-RYfOCQ:beeper.local 
[log] [2026-04-17T20:22:46.924Z] ↓ state_sync !kvFNTYOat6AKFoVfUz87:beeper.local undefined message upsert $rJn5Us0xTNWyUwxbue_5sWP5ZIAOYXjZy81SXQ-9nN4:beeper.local 
[log] [2026-04-17T20:22:46.926Z] ↓ state_sync !kvFNTYOat6AKFoVfUz87:beeper.local undefined message upsert $6Bf6NPvus6UDJbzDpY50ctVxnI0DLPvO7CTXYoIb9BI:beeper.local 
[log] [2026-04-17T20:22:46.928Z] ↓ state_sync !kvFNTYOat6AKFoVfUz87:beeper.local undefined message upsert $xR3fyRLSdJgKzPPtO8X5iOzlggChKu6a3RObu7vDe7I:beeper.local 
[log] [2026-04-17T20:22:46.930Z] ↓ state_sync !kvFNTYOat6AKFoVfUz87:beeper.local undefined message upsert $hoGctMjabXcWTcHVidwjuQJPLzQdDkkEizvlzBogYj0:beeper.local 
[log] [2026-04-17T20:22:46.933Z] ↓ state_sync !kvFNTYOat6AKFoVfUz87:beeper.local undefined message upsert $eqgAOLy_qPvzrRM3rF3YyoOyOaTby87yXlqNTUKFXp8:beeper.local 
[log] [2026-04-17T20:22:46.934Z] ↓ state_sync !kvFNTYOat6AKFoVfUz87:beeper.local undefined message upsert $JeNfg_Kz3hi3ME2a-BHRJWOWddqSgDnF9hRmZqVLGYA:beeper.local 
[log] [2026-04-17T20:22:46.940Z] ↓ state_sync !kvFNTYOat6AKFoVfUz87:beeper.local undefined message upsert $e1P8xik-SnHyM-3E90UlXPZwiUWlGP5Nza5UBi1BQNI:beeper.local 
[log] [2026-04-17T20:22:46.943Z] ↓ state_sync !kvFNTYOat6AKFoVfUz87:beeper.local undefined message upsert $ImtcSJgTzA8h6bVxwhvtzozS7N77UEvMPigbWEnJo7A:beeper.local 
[log] [2026-04-17T20:22:46.946Z] ↓ state_sync !kvFNTYOat6AKFoVfUz87:beeper.local undefined message upsert $73-7F6RR8gGmpl7VYgg5w6KhD80nKjpPTLNCB9fIS_o:beeper.local 
[log] [2026-04-17T20:22:46.948Z] ↓ state_sync !kvFNTYOat6AKFoVfUz87:beeper.local undefined message upsert $U6ej_NLcTrbyFSwR-AnWLKaMwTQm9zkscPrV500_CQY:beeper.local 
[log] [2026-04-17T20:22:46.951Z] ↓ state_sync !kvFNTYOat6AKFoVfUz87:beeper.local undefined message upsert $ahUtGzgCVyyuWabSAkKz5588BTsx0f-2BRnTEb8jOY0:beeper.local 
[log] [2026-04-17T20:22:46.954Z] ↓ state_sync !kvFNTYOat6AKFoVfUz87:beeper.local undefined message upsert $uj2A-bsIxGb_W5312BLS3yMm1FI-44uZ4qMwHauqyjM:beeper.local 
[log] [2026-04-17T20:22:46.954Z] ↓ state_sync !kvFNTYOat6AKFoVfUz87:beeper.local undefined message upsert $2kzHJzR4qbIJzn4vfsY9Dyr79qNzw33JFT40oQi5lbc:beeper.local 
[log] [2026-04-17T20:22:46.956Z] ↓ state_sync !kvFNTYOat6AKFoVfUz87:beeper.local undefined message upsert $M4IBALn4cTh582l1AE_AlG2ulH8x1ZljpZBxHwC4JzQ:beeper.local 
[log] [2026-04-17T20:22:47.069Z] ↓ state_sync !kvFNTYOat6AKFoVfUz87:beeper.local undefined message upsert $MCQ14SGqN_auTQakarxJY7HUBzzkUJnYsQ8OjwswTFE:beeper.local 
[log] [2026-04-17T20:22:47.071Z] ↓ state_sync !kvFNTYOat6AKFoVfUz87:beeper.local undefined message upsert $R4cNcgW1yc6SFy35WU0tagM0qcRvMBcT8mYLipL1mjw:beeper.local 
[log] [2026-04-17T20:22:47.074Z] ↓ state_sync !kvFNTYOat6AKFoVfUz87:beeper.local undefined message upsert $ARHFnxm5MnkrR4iVFQaSE-8yV9A0Y_OMjSSHiEvDNXU:beeper.local 
[log] [2026-04-17T20:22:47.080Z] ↓ state_sync !kvFNTYOat6AKFoVfUz87:beeper.local undefined message upsert $l0Ch60iVJmufKgGL0U6knE6bws6IXY5XzXy1HBQVq7A:beeper.local 
[log] [2026-04-17T20:22:47.082Z] ↓ state_sync !kvFNTYOat6AKFoVfUz87:beeper.local undefined message upsert $Xnq6VVBCJ5hcYSZkloUNRVmUrFdHWgoA--clJuAwTwI:beeper.local 
[log] [2026-04-17T20:22:47.085Z] ↓ state_sync !kvFNTYOat6AKFoVfUz87:beeper.local undefined message upsert $Y0e_OKHLsOMM5veUb0r0Orr4LZnrXIsRKtUXjQ4q0BM:beeper.local 
[log] [2026-04-17T20:22:47.087Z] ↓ state_sync !kvFNTYOat6AKFoVfUz87:beeper.local undefined message upsert $p3ikV_Z2kHutSZ60mG_N4P1K3UZREwU7XTD79hO-rMw:beeper.local 
[log] [2026-04-17T20:22:47.089Z] ↓ state_sync !kvFNTYOat6AKFoVfUz87:beeper.local undefined message upsert $TmQvwlCMd-wlQ2YK_AW7a2k0YHQQ-tQQFMHfQBbReLM:beeper.local 
[log] [2026-04-17T20:22:47.092Z] ↓ state_sync !kvFNTYOat6AKFoVfUz87:beeper.local undefined message upsert $wGFVxnzVgYbmEUZxcTdHETOE40oHs0bBFmGTTMZJl1I:beeper.local 
[log] [2026-04-17T20:22:47.094Z] ↓ state_sync !kvFNTYOat6AKFoVfUz87:beeper.local undefined message upsert $Qg2jGhHR58qOh5llTPh_c-aD59znaoFNoQKF8pFTdBo:beeper.local 
[log] [2026-04-17T20:22:47.096Z] ↓ state_sync !kvFNTYOat6AKFoVfUz87:beeper.local undefined message upsert $7NRJGYE4PvzEw7iRyQtqQY-0OZqAN6mdeMczvqwe0As:beeper.local 
[log] [2026-04-17T20:22:47.098Z] ↓ state_sync !kvFNTYOat6AKFoVfUz87:beeper.local undefined message upsert $CEQrhBGbDpG_et0gsav-MGaH5sJlDPuFTIw7vZPs9ZY:beeper.local 
[log] [2026-04-17T20:22:47.101Z] ↓ state_sync !kvFNTYOat6AKFoVfUz87:beeper.local undefined message upsert $RzNb3CCyMhXMfGn-mOtlsEUjd584-MCw8Bsw3FGbn1E:beeper.local 
[log] [2026-04-17T20:22:47.102Z] ↓ state_sync !kvFNTYOat6AKFoVfUz87:beeper.local undefined message upsert $rbZjx95UsYBzhJEUL-TfkID5Pa8WSysQxluab7YyaWE:beeper.local 
[log] [2026-04-17T20:22:47.104Z] ↓ state_sync !kvFNTYOat6AKFoVfUz87:beeper.local undefined message upsert $V1-1tvxUHjrpDXy8GWBceSTJVxRQKOmqs2Spfajvw1c:beeper.local 
[log] [2026-04-17T20:22:47.105Z] ↓ state_sync !kvFNTYOat6AKFoVfUz87:beeper.local undefined message upsert $wtvCQyL9rRpTd3WkpAtCMsXMSh_cPlHfinWokUvxUEI:beeper.local 
[log] [2026-04-17T20:22:47.107Z] ↓ state_sync !kvFNTYOat6AKFoVfUz87:beeper.local undefined message upsert $lY1L_7cPa1XJIKJU-VKlS_Pd8OamHUXbcOTFyKhZqrI:beeper.local 
[log] [2026-04-17T20:22:47.109Z] ↓ state_sync !kvFNTYOat6AKFoVfUz87:beeper.local undefined message upsert $59AxqGb5BSlFffIbiXDx650cUeEnAKaRRpCBaneP8-Y:beeper.local 
[log] [2026-04-17T20:22:47.111Z] ↓ state_sync !kvFNTYOat6AKFoVfUz87:beeper.local undefined message upsert $IFQWFqi3E0-IgWt2yVD9zgFYNyRDYWua7lkF3AZ-ZMM:beeper.local 
[log] [2026-04-17T20:22:47.113Z] ↓ state_sync !kvFNTYOat6AKFoVfUz87:beeper.local undefined message upsert $D6TfepCQrffrgtcYu0ZTtgiWtbqhB7XLb26Yg9ljZAM:beeper.local 
[log] [2026-04-17T20:22:47.114Z] ↓ state_sync !kvFNTYOat6AKFoVfUz87:beeper.local undefined message upsert $Q3LSH-PWuxjXB14s6LlFj00q5bJLWBGyuN3Yuzdwnc0:beeper.local 
[log] [2026-04-17T20:22:47.117Z] ↓ state_sync !kvFNTYOat6AKFoVfUz87:beeper.local undefined message upsert $jS0K2lyrQrPlZ210mWMLntxkHEPi7QQP3OyJHqmvNL0:beeper.local 
[log] [2026-04-17T20:22:47.118Z] ↓ state_sync !kvFNTYOat6AKFoVfUz87:beeper.local undefined message upsert $KHG5jqnhE3SItoIuXaFtA8LBGsvR3zQjmO7RQPL9CwY:beeper.local 
[log] [2026-04-17T20:22:47.120Z] ↓ state_sync !kvFNTYOat6AKFoVfUz87:beeper.local undefined message upsert $-fGOtZeqogtKfmK5_bRWVY2tr73UUZoPw8hjR18PZko:beeper.local 
[log] [2026-04-17T20:22:47.121Z] ↓ state_sync !kvFNTYOat6AKFoVfUz87:beeper.local undefined message upsert $OVNhr6097Dcuw-OWGXjDGTxZLyHTe7uzlkmsz9LxSHc:beeper.local 
[log] [2026-04-17T20:22:47.124Z] ↓ state_sync !kvFNTYOat6AKFoVfUz87:beeper.local undefined message upsert $GZoAkMMVmSo2pKovPeGrZKCUyXc7Pq-uGhJnK5vxqRo:beeper.local 
[log] [2026-04-17T20:22:47.126Z] ↓ state_sync !kvFNTYOat6AKFoVfUz87:beeper.local undefined message upsert $_UPjSmL5Ri-CYg3k8WTnM8wHC1LJAzl19cQsovKjtn4:beeper.local 
[log] [2026-04-17T20:22:47.127Z] ↓ state_sync !kvFNTYOat6AKFoVfUz87:beeper.local undefined message upsert $f_DAgwN8PUjRj6_McyU4VplpmJHeMH1JMQ5ftGyZzb4:beeper.local 
[log] [2026-04-17T20:22:47.129Z] ↓ state_sync !kvFNTYOat6AKFoVfUz87:beeper.local undefined message upsert $rmns8-5_H6TFO6jsbqDlco9wyMZGjulb4ZxHDjuMglE:beeper.local 
[log] [2026-04-17T20:22:47.130Z] ↓ state_sync !kvFNTYOat6AKFoVfUz87:beeper.local undefined message upsert $nwnYObPRU5bXFzcgOYqo87Rx0zeiQXwlh28YRt1sv-E:beeper.local 
[log] [2026-04-17T20:22:47.132Z] ↓ state_sync !kvFNTYOat6AKFoVfUz87:beeper.local undefined message upsert $5RlykYkjdEckAzxF-R9S1ijXqyd7KPA_ZWD2ocopSrg:beeper.local 
[log] [2026-04-17T20:22:47.135Z] ↓ state_sync !kvFNTYOat6AKFoVfUz87:beeper.local undefined message upsert $fox-EHRTFpVIW9EbJLuiuGW-xtZcr4N86DthrfaLvtY:beeper.local 
[log] [2026-04-17T20:22:47.136Z] ↓ state_sync !kvFNTYOat6AKFoVfUz87:beeper.local undefined message upsert $c4KGMuCz5U_eToFDrrxIl6JWHGj73QNATulf9beA_ps:beeper.local 
[log] [2026-04-17T20:22:47.137Z] ↓ state_sync !kvFNTYOat6AKFoVfUz87:beeper.local undefined message upsert $TJyQcNWGTc3_J-LAu2Z2no6fjf57K5rV2MgyIqP2HhU:beeper.local 
[log] [2026-04-17T20:22:47.139Z] ↓ state_sync !kvFNTYOat6AKFoVfUz87:beeper.local undefined message upsert $_des5mICrmelamnnLzCYJChCwi8bclA2bfpCNaDIyIk:beeper.local 
[log] [2026-04-17T20:22:47.141Z] ↓ state_sync !kvFNTYOat6AKFoVfUz87:beeper.local undefined message upsert $5MNgey31Hqjtvlcd8qy8qtq3XVC6hSmCmx53Gx9W1zw:beeper.local 
[log] [2026-04-17T20:22:47.142Z] ↓ state_sync !kvFNTYOat6AKFoVfUz87:beeper.local undefined message upsert $Xit2-rJHKP4VEYHSPro_QRb1mlC0tWvrYRbmXA-O1Bs:beeper.local 
[log] [2026-04-17T20:22:47.144Z] ↓ state_sync !kvFNTYOat6AKFoVfUz87:beeper.local undefined message upsert $TYEc4A8T6wOQcaniLFXMnWM7tAiMIlMadbobYEV0PVw:beeper.local 
[log] [2026-04-17T20:22:47.147Z] ↓ state_sync !kvFNTYOat6AKFoVfUz87:beeper.local undefined message upsert $Gv_yvcGDLfhGjoWcxKLcyiX4h80Tk_rgNyRDqpIjVzI:beeper.local 
[log] [2026-04-17T20:22:47.148Z] ↓ state_sync !kvFNTYOat6AKFoVfUz87:beeper.local undefined message upsert $NQBAdqAxyPWPPWCQ4p7p7CUl9aj166AejeeUYS6Ppgo:beeper.local 
[log] [2026-04-17T20:22:47.149Z] ↓ state_sync !kvFNTYOat6AKFoVfUz87:beeper.local undefined message upsert $wCiGxRyxYmUF0PpXIOkwx5Ba6YMIPzkOMjzWju218cQ:beeper.local 
[log] [2026-04-17T20:22:47.151Z] ↓ state_sync !kvFNTYOat6AKFoVfUz87:beeper.local undefined message upsert $YbwEXwbU73t6niV7zvRGjJAqLDZKGG9w7KgUJ_HiVIc:beeper.local 
[log] [2026-04-17T20:22:47.152Z] ↓ state_sync !kvFNTYOat6AKFoVfUz87:beeper.local undefined message upsert $6-_geZzlzpezw2pHhprGB39ZJWHqeQHDG1ZMfX14xZM:beeper.local 
[log] [2026-04-17T20:22:47.154Z] ↓ state_sync !kvFNTYOat6AKFoVfUz87:beeper.local undefined message upsert $C7KQsap32JR04EDxu981_eol_X135hGewd1mEJUXCbw:beeper.local 
[log] [2026-04-17T20:22:47.155Z] ↓ state_sync !kvFNTYOat6AKFoVfUz87:beeper.local undefined message upsert $bYcshdGq9nuUicmnaJr6JyTKU0cw23JdpyQKLCV-qL4:beeper.local 
[log] [2026-04-17T20:22:47.157Z] ↓ state_sync !kvFNTYOat6AKFoVfUz87:beeper.local undefined message upsert $7r46CJVa-Nn_SDzUTdyU6VnKrZHpdOS0yiYTYu6AOgA:beeper.local 
[log] [2026-04-17T20:22:47.158Z] ↓ state_sync !kvFNTYOat6AKFoVfUz87:beeper.local undefined message upsert $mIU3QmK9YmtzgVoUMgvshSpE5T4FBqlWUdoq-MJPp8c:beeper.local 
[log] [2026-04-17T20:22:47.158Z] ↓ state_sync !kvFNTYOat6AKFoVfUz87:beeper.local undefined message upsert $iHFLynq-yzSF7ozEXy-Bj1P72t_ZLCYSnt8BbW4ou8U:beeper.local 
[log] [2026-04-17T20:22:47.159Z] ↓ state_sync !kvFNTYOat6AKFoVfUz87:beeper.local undefined message upsert $DhwUsXjGlbfIU2uqq3F6VZu9s6JZkMO8lef7MkDhOHM:beeper.local 
[log] [2026-04-17T20:22:47.160Z] ↓ state_sync !kvFNTYOat6AKFoVfUz87:beeper.local undefined message upsert $11_cri37rwzQsVi-gpCHmGR2Alvcn0IlGVL628En8vY:beeper.local 
[log] [2026-04-17T20:22:47.161Z] ↓ state_sync !kvFNTYOat6AKFoVfUz87:beeper.local undefined message upsert $HJ6rH7ua4HSeqXwWHW59njeOwcZXzgiOKOdRMmm_3lc:beeper.local 
[log] [2026-04-17T20:22:47.162Z] ↓ state_sync !kvFNTYOat6AKFoVfUz87:beeper.local undefined message upsert $A6TxDmxQBOnzElQ_xhBvnCATau9Lbd_8YNo_RDXJQvI:beeper.local 
[log] [2026-04-17T20:22:47.164Z] ↓ state_sync !kvFNTYOat6AKFoVfUz87:beeper.local undefined message upsert $VaEE5Pkc7wDHS0zkezvx07iV_NlWR-bNoef-Mv_hH1c:beeper.local 
[log] [2026-04-17T20:22:47.166Z] ↓ state_sync !kvFNTYOat6AKFoVfUz87:beeper.local undefined message upsert $MCNHu3NzBXfXT-va6W5x5ynR-y271Gr0NOgzYU3tR4E:beeper.local 
[log] [2026-04-17T20:22:47.168Z] ↓ state_sync !kvFNTYOat6AKFoVfUz87:beeper.local undefined message upsert $jH0sOjcJq9gF-Zxc1J0xooT-qo_SJUDdmAn-mWVmA0c:beeper.local 
[log] [2026-04-17T20:22:47.170Z] ↓ state_sync !kvFNTYOat6AKFoVfUz87:beeper.local undefined message upsert $y9So2V-YOeVASOgSbO_S3qUFSaCFrKI_OWBYX4B4RH0:beeper.local 
[log] [2026-04-17T20:22:47.171Z] ↓ state_sync !kvFNTYOat6AKFoVfUz87:beeper.local undefined message upsert $mzxkO8kOLbzPpr0EmPmjSbvjJFv1N5NDeXozfMQtCIs:beeper.local 
[log] [2026-04-17T20:22:47.173Z] ↓ state_sync !kvFNTYOat6AKFoVfUz87:beeper.local undefined message upsert $MT62-H7rPecZNS4nOs3W10N9YsNgCVX4X8Lsxw9E4jo:beeper.local 
[log] [2026-04-17T20:22:47.190Z] ↓ state_sync !kvFNTYOat6AKFoVfUz87:beeper.local undefined message upsert $slw_4oLYqTlv_hT2gFPrIVAbVzRC1mWcm6RBTh0OP3I:beeper.local 
[log] [2026-04-17T20:22:47.194Z] ↓ state_sync !kvFNTYOat6AKFoVfUz87:beeper.local undefined message upsert $lDfBJHNZd_9FOj5NHd7JQm-yB5hk-XT589Gf5zB6qow:beeper.local 
[log] [2026-04-17T20:22:47.196Z] ↓ state_sync !kvFNTYOat6AKFoVfUz87:beeper.local undefined message upsert $tqi_-3Wr3NyDiWpkKUf3rltmosgLGAFxMmUYEQtfM-4:beeper.local 
[log] [2026-04-17T20:22:47.197Z] ↓ state_sync !kvFNTYOat6AKFoVfUz87:beeper.local undefined message upsert $mDcgI3nn2wVZa4INYLFjZPZrYMRk6NeMwqllAgm20C0:beeper.local 
[log] [2026-04-17T20:22:47.198Z] ↓ state_sync !kvFNTYOat6AKFoVfUz87:beeper.local undefined message upsert $z70pxd6rO8aU2nUA6yhkl6AK2of-rEEnUVix5sfl284:beeper.local 
[log] [2026-04-17T20:22:47.199Z] ↓ state_sync !kvFNTYOat6AKFoVfUz87:beeper.local undefined message upsert $R0fNECA-zOTKtRwjYUM8vso0OEFByAd71GJ8xR42x7s:beeper.local 
[log] [2026-04-17T20:22:47.202Z] ↓ state_sync !kvFNTYOat6AKFoVfUz87:beeper.local undefined message upsert $z8A-VbllXzh4PpAWDGO21wRuw4sEuZOpPrUh_FJtHwo:beeper.local 
[log] [2026-04-17T20:22:47.203Z] ↓ state_sync !kvFNTYOat6AKFoVfUz87:beeper.local undefined message upsert $wJ4HIYyWI7xsYzvCY5px9l04mNey685fMbO32nOHMqw:beeper.local 
[log] [2026-04-17T20:22:47.204Z] ↓ state_sync !kvFNTYOat6AKFoVfUz87:beeper.local undefined message upsert $l3LQm_gCZIdTvPNTAR6v-WN2CVoSWWaH8q0Nv4JO1dg:beeper.local 
[log] [2026-04-17T20:22:47.206Z] ↓ state_sync !kvFNTYOat6AKFoVfUz87:beeper.local undefined message upsert $eklVSzsb1nQC81yQe0BNXxu4BmE2XAiGYqAPfiC2Pto:beeper.local 
[log] [2026-04-17T20:22:47.208Z] ↓ state_sync !kvFNTYOat6AKFoVfUz87:beeper.local undefined message upsert $enijWPeQro_zzCgKWOGYJLUfJT3bjDOFPBtqNWvjoMM:beeper.local 
[log] [2026-04-17T20:22:47.209Z] ↓ state_sync !kvFNTYOat6AKFoVfUz87:beeper.local undefined message upsert $jTcl_w2OHsCsLpi0fvaUH2Hhqoac3IOyf95g6hkMYCs:beeper.local 
[log] [2026-04-17T20:22:47.211Z] ↓ state_sync !kvFNTYOat6AKFoVfUz87:beeper.local undefined message upsert $9a8FPkxhz8-3MXXiYxUs9TPww0Jm_2gcvLBy2iG6Dqo:beeper.local 
[log] [2026-04-17T20:22:47.214Z] ↓ state_sync !kvFNTYOat6AKFoVfUz87:beeper.local undefined message upsert $yreBnRgjxNdpldr-mOUL0PUlAP7X6Fp8KXOYr1GTrNE:beeper.local 
[log] [2026-04-17T20:22:47.217Z] ↓ state_sync !kvFNTYOat6AKFoVfUz87:beeper.local undefined message upsert $wfeRmpKMP3MVRKlUfToC1YEbrSQWA_qyFuHPhURvcdo:beeper.local 
[log] [2026-04-17T20:22:47.220Z] ↓ state_sync !kvFNTYOat6AKFoVfUz87:beeper.local undefined message upsert $0amCb8jc9IZs5HmnfpXN9xVH-zKJT0C-mMcGPOBTQDk:beeper.local 
[log] [2026-04-17T20:22:47.223Z] ↓ state_sync !kvFNTYOat6AKFoVfUz87:beeper.local undefined message upsert $KEgjoBOC1m8K_vlidvljv1pM9Jhi6IqFrS2Jo_gjoxM:beeper.local 
[log] [2026-04-17T20:22:47.226Z] ↓ state_sync !kvFNTYOat6AKFoVfUz87:beeper.local undefined message upsert $dFWKIn7vN2LWtRYVaXh_2FxkK96QGGM_6gOiMLFczlc:beeper.local 
[log] [2026-04-17T20:22:47.228Z] ↓ state_sync !kvFNTYOat6AKFoVfUz87:beeper.local undefined message upsert $BR4FWQM_wMaeDSmcwxjlZsW4FmxKS27t7XxJ1WOchmM:beeper.local 
[log] [2026-04-17T20:22:47.231Z] ↓ state_sync !kvFNTYOat6AKFoVfUz87:beeper.local undefined message upsert $ov9OzQFJo12YsuS48TbsLmii-iB92GUn7ti-cefxV4E:beeper.local 
[log] [2026-04-17T20:22:47.234Z] ↓ state_sync !kvFNTYOat6AKFoVfUz87:beeper.local undefined message upsert $QOzXzGTKLhkGjtzmW5reyQNBuuZq86eQUse3NolVt7w:beeper.local 
[log] [2026-04-17T20:22:47.236Z] ↓ state_sync !kvFNTYOat6AKFoVfUz87:beeper.local undefined message upsert $aUDlhNqxUVstdYllGbvniWGETMAMSmBhaVEtZPl91DI:beeper.local 
[log] [2026-04-17T20:22:47.239Z] ↓ state_sync !kvFNTYOat6AKFoVfUz87:beeper.local undefined message upsert $Z-URRvUGZcNw5xtnQvSs0vpD88oQa2iq0H1npPzWEKw:beeper.local 
[log] [2026-04-17T20:22:47.241Z] ↓ state_sync !kvFNTYOat6AKFoVfUz87:beeper.local undefined message upsert $g8ulHgVkw3NpiNfaP3nMy7dGO-40GDkLtcbDd_n6-nk:beeper.local 
[log] [2026-04-17T20:22:47.246Z] ↓ state_sync !kvFNTYOat6AKFoVfUz87:beeper.local undefined message upsert $7IRCAeuPBxNIWTeBCBZEg-gfyYXMKzALw8a7PM0ging:beeper.local 
[log] [2026-04-17T20:22:47.248Z] ↓ state_sync !kvFNTYOat6AKFoVfUz87:beeper.local undefined message upsert $f0FcciMXv8Xy-wdumm4yXgQqBRKHB8hIspasF6h_wf4:beeper.local 
[log] [2026-04-17T20:22:47.252Z] ↓ state_sync !kvFNTYOat6AKFoVfUz87:beeper.local undefined message upsert $67cJwfVAprV65_lhKdfdjx9iDdluH6OwwiLd_NKUBYM:beeper.local 
[log] [2026-04-17T20:22:47.254Z] ↓ state_sync !kvFNTYOat6AKFoVfUz87:beeper.local undefined message upsert $3GSiVz2_IK5BuH03LUSO0_YJY_27REg5APIQJorG88c:beeper.local 
[log] [2026-04-17T20:22:47.257Z] ↓ state_sync !kvFNTYOat6AKFoVfUz87:beeper.local undefined message upsert $DsrW0zQNJUOn8Jz-VbIkIfx5GKLX1q_g0na2xtRtGIY:beeper.local 
[log] [2026-04-17T20:22:47.260Z] ↓ state_sync !kvFNTYOat6AKFoVfUz87:beeper.local undefined message upsert $R2JrnEtB5Z-SU2yFSC72AJCPxMXlwmGglnvARWKEqGE:beeper.local 
[log] [2026-04-17T20:22:47.262Z] ↓ state_sync !kvFNTYOat6AKFoVfUz87:beeper.local undefined message upsert $n9p2rBZExaOutlXgA_g-iy_3Y4vuKAhvt7xoRr9UG8A:beeper.local 
[log] [2026-04-17T20:22:47.264Z] ↓ state_sync !kvFNTYOat6AKFoVfUz87:beeper.local undefined message upsert $Gstev10S6oo1EImQHYVB9qHb1QeXd3Ywcl_Mz-OuSi4:beeper.local 
[log] [2026-04-17T20:22:47.267Z] ↓ state_sync !kvFNTYOat6AKFoVfUz87:beeper.local undefined message upsert $YUigx2fd1ubYM0ISLRNZhSQr51GCq2DqFZg9osYriE0:beeper.local 
[log] [2026-04-17T20:22:47.270Z] ↓ state_sync !kvFNTYOat6AKFoVfUz87:beeper.local undefined message upsert $qucBAD1f29zdHpQY5NKcbesUcgvCgnsI8NTsKP1sS5A:beeper.local 
[log] [2026-04-17T20:22:47.273Z] ↓ state_sync !kvFNTYOat6AKFoVfUz87:beeper.local undefined message upsert $xfQJDEFlc29r5qgIFW_jhfxdFBCzyw3ogP2ntnZ9KJs:beeper.local 
[log] [2026-04-17T20:22:47.275Z] ↓ state_sync !kvFNTYOat6AKFoVfUz87:beeper.local undefined message upsert $cFo09Chdotnx3DHMQYeBs0F-NnQyWTBPmZykKeDYM8Q:beeper.local 
[log] [2026-04-17T20:22:47.277Z] ↓ state_sync !kvFNTYOat6AKFoVfUz87:beeper.local undefined message upsert $fYZxBcJB8eTtJIKz0g8f3mgpbojDZkl9GJ4ZdswY72A:beeper.local 
[log] [2026-04-17T20:22:47.280Z] ↓ state_sync !kvFNTYOat6AKFoVfUz87:beeper.local undefined message upsert $5qOzi03NBQJN175NJYd6EbQbObiqkcHE8mLlaOn-vOM:beeper.local 
[log] [2026-04-17T20:22:47.282Z] ↓ state_sync !kvFNTYOat6AKFoVfUz87:beeper.local undefined message upsert $3gxW8HnpBNOJ5Ei_juSrAhakFntm_BCi2mJhwhq0oSs:beeper.local 
[log] [2026-04-17T20:22:47.284Z] ↓ state_sync !kvFNTYOat6AKFoVfUz87:beeper.local undefined message upsert $RnJ0mrnDJRunkSIDXa-nAwhCC0bp23dZPXV82CP6Doo:beeper.local 
[log] [2026-04-17T20:22:47.285Z] ↓ state_sync !kvFNTYOat6AKFoVfUz87:beeper.local undefined message upsert $WrJSDZdsgxHeqVzj6two3skQ77Q1lWe4MKxKGs7htqg:beeper.local 
[log] [2026-04-17T20:22:47.288Z] ↓ state_sync !kvFNTYOat6AKFoVfUz87:beeper.local undefined message upsert $y8oZkeN1AlhVxFOVCCoBpSVDaWBJuy_p611qYjSmcyQ:beeper.local 
[log] [2026-04-17T20:22:47.289Z] ↓ state_sync !kvFNTYOat6AKFoVfUz87:beeper.local undefined message upsert $o_Vm4QsT9gk64B5MQlEsS-D_fXaaBy_mweVEjoLtfek:beeper.local 
[log] [2026-04-17T20:22:47.291Z] ↓ state_sync !kvFNTYOat6AKFoVfUz87:beeper.local undefined message upsert $VC5RkjnT1RhMV7YTqExiiSPClhx6NlYSf08AvOzxbls:beeper.local 
[log] [2026-04-17T20:22:47.292Z] ↓ state_sync !kvFNTYOat6AKFoVfUz87:beeper.local undefined message upsert $G1z4A2XPTzu60WWEzVvhZaTAvu8I9_A7Cdaa-fOxlBg:beeper.local 
[log] [2026-04-17T20:22:47.294Z] ↓ state_sync !kvFNTYOat6AKFoVfUz87:beeper.local undefined message upsert $U58iQ-bGy15nD641Bm0RgeBZVIL8UiKZ-YhaJzzT7u8:beeper.local 
[log] [2026-04-17T20:22:47.437Z] ↓ app sync event sync_processing_updated 77 [object Object] 
[log] [2026-04-17T20:22:47.437Z] [BeeperClientStore] Syncing state changed: false -> true 
[log] [2026-04-17T20:22:47.438Z] ↓ app sync event sync_processing_notice_updated 78 [object Object] 
[log] [2026-04-17T20:22:47.438Z] [BeeperClientStore] sync processing notice updated to Catching up! Syncing 193 of 409 outstanding messages 
[log] [2026-04-17T20:22:47.440Z] ↓ state_sync !kvFNTYOat6AKFoVfUz87:beeper.local undefined message upsert $cL3ZLFwVmdat-td4_DsGC-TN5FpF-vEVvoFCW9RReoY:beeper.local 
[log] [2026-04-17T20:22:47.457Z] ↓ state_sync !kvFNTYOat6AKFoVfUz87:beeper.local undefined message upsert $c2r-Cnop_OnJufcdmMesmGSQd8201_-Ug2p1V5aYTlE:beeper.local 
[log] [2026-04-17T20:22:47.460Z] ↓ state_sync !kvFNTYOat6AKFoVfUz87:beeper.local undefined message upsert $zmJWqmguqHkjdTs0Ci4eYq7zCerTg3jw1dAJ6gyqql4:beeper.local 
[log] [2026-04-17T20:22:47.462Z] ↓ state_sync !kvFNTYOat6AKFoVfUz87:beeper.local undefined message upsert $_6CgChpE6ztbuAYvLephn82Q756ghNQYWNZuHJYqyOM:beeper.local 
[log] [2026-04-17T20:22:47.462Z] ↓ state_sync !kvFNTYOat6AKFoVfUz87:beeper.local undefined message upsert $myf1IOHzTtnUa9eH6Opo1TWyRli0_pIFlyflcQ4xYy8:beeper.local 
[log] [2026-04-17T20:22:47.464Z] ↓ state_sync !kvFNTYOat6AKFoVfUz87:beeper.local undefined message upsert $uTqqMu8IQBobsIXjWCOtu3_wHVczLBZFssRb0N7sCSI:beeper.local 
[log] [2026-04-17T20:22:47.468Z] ↓ state_sync !kvFNTYOat6AKFoVfUz87:beeper.local undefined message upsert $VMjZmIrnjGfgVnS2KHfwfwBLcX8sZNIXZu3C_xFoJgQ:beeper.local 
[log] [2026-04-17T20:22:47.469Z] ↓ state_sync !kvFNTYOat6AKFoVfUz87:beeper.local undefined message upsert $IU3WaZLmOoPSgeOHR6QoOAn2OxB8JvjzoBMt_IIDu2E:beeper.local 
[log] [2026-04-17T20:22:47.473Z] ↓ state_sync !kvFNTYOat6AKFoVfUz87:beeper.local undefined message upsert $xc_PLIgkRvEgczs4HPfP13lApFVKkDLwAxagfF7ze3k:beeper.local 
[log] [2026-04-17T20:22:47.476Z] ↓ state_sync !kvFNTYOat6AKFoVfUz87:beeper.local undefined message upsert $AXfKVTdiRECBk2kswYAR7JtaQHgGnM8JVkCTa8fldd0:beeper.local 
[log] [2026-04-17T20:22:47.478Z] ↓ state_sync !kvFNTYOat6AKFoVfUz87:beeper.local undefined message upsert $i4JfIxag7PjI5rCZlEGDBhOWCpuyR_F573vXMdsd8b0:beeper.local 
[log] [2026-04-17T20:22:47.481Z] ↓ state_sync !kvFNTYOat6AKFoVfUz87:beeper.local undefined message upsert $7zQ6zZk0dsxHTtsTSkW1QnJwuDOKKNCxQBexy0Z5Ngc:beeper.local 
[log] [2026-04-17T20:22:47.486Z] ↓ state_sync !kvFNTYOat6AKFoVfUz87:beeper.local undefined message upsert $LJK_C0mrF07qbPoHSMVilZw9XXZ6L_glQkEKS38C1xE:beeper.local 
[log] [2026-04-17T20:22:47.488Z] ↓ state_sync !kvFNTYOat6AKFoVfUz87:beeper.local undefined message upsert $agEIonxSNdgqmf0GRlIZIgsr0IIpYjLht23rJ0fAfkE:beeper.local 
[log] [2026-04-17T20:22:47.490Z] ↓ state_sync !kvFNTYOat6AKFoVfUz87:beeper.local undefined message upsert $De2w2BUMhJDmNtGCg6kZA6bR7VJOZCN30Q-Gq-rN7GU:beeper.local 
[log] [2026-04-17T20:22:47.584Z] ↓ state_sync !kvFNTYOat6AKFoVfUz87:beeper.local undefined message upsert $cCV_sE7AnMW7drkXoy7sxytmSwqcAmAwCsELlLsuF0E:beeper.local 
[log] [2026-04-17T20:22:47.587Z] ↓ state_sync !kvFNTYOat6AKFoVfUz87:beeper.local undefined message upsert $00JoKFwceZFiI9ginM0OsurDOBZjaQbsWDJgMj-S-Yk:beeper.local 
[log] [2026-04-17T20:22:47.590Z] ↓ state_sync !kvFNTYOat6AKFoVfUz87:beeper.local undefined message upsert $hxCnGX8zT7h8Qqeyh0JZsrU8FLJ_l4SzuRc3IlOGph0:beeper.local 
[log] [2026-04-17T20:22:47.593Z] ↓ state_sync !kvFNTYOat6AKFoVfUz87:beeper.local undefined message upsert $gVoTFRcQGhP7eHgr-2Tv2bQn1u4P8cB0XJrPPu_m7yg:beeper.local 
[log] [2026-04-17T20:22:47.596Z] ↓ state_sync !kvFNTYOat6AKFoVfUz87:beeper.local undefined message upsert $nTaiMUhuoe_HymX3G_tPj2w8nDNl0hxsD4cugitqdYo:beeper.local 
[log] [2026-04-17T20:22:47.599Z] ↓ state_sync !kvFNTYOat6AKFoVfUz87:beeper.local undefined message upsert $Bgr88jOFgOt3mc_ARmxh0RuMbnajJN13XV6AsUa1178:beeper.local 
[log] [2026-04-17T20:22:47.603Z] ↓ state_sync !kvFNTYOat6AKFoVfUz87:beeper.local undefined message upsert $hCCGwiLHoCDvQJ6swnJrcnfMZjVjpg9b7x6MDyXmEbM:beeper.local 
[log] [2026-04-17T20:22:47.605Z] ↓ state_sync !kvFNTYOat6AKFoVfUz87:beeper.local undefined message upsert $RsrqMb7UQgi5eQo2VCC6-ub2wzfpQ9qMHXLLGV0RMZM:beeper.local 
[log] [2026-04-17T20:22:47.607Z] ↓ state_sync !kvFNTYOat6AKFoVfUz87:beeper.local undefined message upsert $1XJe3oInFA7sTafe2ts9vR635OeFEbpRuqQ3Dcd0BFk:beeper.local 
[log] [2026-04-17T20:22:47.610Z] ↓ state_sync !kvFNTYOat6AKFoVfUz87:beeper.local undefined message upsert $Tx5O7w-Yl94z6_Cxi7C_Myi6w42KrphKbI0__aXaPyI:beeper.local 
[log] [2026-04-17T20:22:47.613Z] ↓ state_sync !kvFNTYOat6AKFoVfUz87:beeper.local undefined message upsert $rbGje2Pu0k5hPh9IzGLvi-nZV3FhFIgWUU38XKRdRv4:beeper.local 
[log] [2026-04-17T20:22:47.616Z] ↓ state_sync !kvFNTYOat6AKFoVfUz87:beeper.local undefined message upsert $LQOij7u4vx4Z2Z6Z40585Du9jCUFTSkV6pSSap0vZP4:beeper.local 
[log] [2026-04-17T20:22:47.620Z] ↓ state_sync !kvFNTYOat6AKFoVfUz87:beeper.local undefined message upsert $WBezSCes2Do8PI_c7-BJrJmNThkjHftPLTekp8dcxuo:beeper.local 
[log] [2026-04-17T20:22:47.621Z] ↓ state_sync !kvFNTYOat6AKFoVfUz87:beeper.local undefined message upsert $8IM1VKsxV-ZdXOv2KP5Ei3INmAVqAOeoTEHe5LtHjyc:beeper.local 
[log] [2026-04-17T20:22:47.623Z] ↓ state_sync !kvFNTYOat6AKFoVfUz87:beeper.local undefined message upsert $kLYLCvwR0vwO7E9SzSQGE9_kF0ZvmBLSlKX4cpveYEU:beeper.local 
[log] [2026-04-17T20:22:47.626Z] ↓ state_sync !kvFNTYOat6AKFoVfUz87:beeper.local undefined message upsert $QqWf7_zqAXErKUls3Kg3nO7kjTo9j1bgIINIsjhwsLQ:beeper.local 
[log] [2026-04-17T20:22:47.628Z] ↓ state_sync !kvFNTYOat6AKFoVfUz87:beeper.local undefined message upsert $Q-NpR_mfcbRnsit36CdaHS6EF33EBTUeJfJFlpoNXNQ:beeper.local 
[log] [2026-04-17T20:22:47.630Z] ↓ state_sync !kvFNTYOat6AKFoVfUz87:beeper.local undefined message upsert $iRhHDIOUEMezMH-Zx346ZgVhQaO2zceA9MZS-L-IRPs:beeper.local 
[log] [2026-04-17T20:22:47.634Z] ↓ state_sync !kvFNTYOat6AKFoVfUz87:beeper.local undefined message upsert $y11DQIFh72LzmQYhLddZf3n55mI8sRjYHumKicZteKo:beeper.local 
[log] [2026-04-17T20:22:47.635Z] ↓ state_sync !kvFNTYOat6AKFoVfUz87:beeper.local undefined message upsert $O1vOJ6pUh8ihwsjmBV0Le9YGF-Gj3l0VzYctEXwbGtw:beeper.local 
[log] [2026-04-17T20:22:47.637Z] ↓ state_sync !kvFNTYOat6AKFoVfUz87:beeper.local undefined message upsert $oXgq-ujMRIcHgJWESAVfx7PgD-dBdR6-9_OL0_oODV4:beeper.local 
[log] [2026-04-17T20:22:47.638Z] ↓ state_sync !kvFNTYOat6AKFoVfUz87:beeper.local undefined message upsert $b8C_zBqBvGc-3omvtdd_-KXpziCFXI_vt83PMmTeqbU:beeper.local 
[log] [2026-04-17T20:22:47.641Z] ↓ state_sync !kvFNTYOat6AKFoVfUz87:beeper.local undefined message upsert $Q-1huDozTDpkSNNaDb0c5lyt02W7rhEjOFBVAvF7Yog:beeper.local 
[log] [2026-04-17T20:22:47.645Z] ↓ state_sync !kvFNTYOat6AKFoVfUz87:beeper.local undefined message upsert $M9JOzLd6jIa17uBB9ogQ8vNtBciWY-PjZwMS03SzydA:beeper.local 
[log] [2026-04-17T20:22:47.647Z] ↓ state_sync !kvFNTYOat6AKFoVfUz87:beeper.local undefined message upsert $GI1Wew7HelYlWdfxjXovnjYw1L8gWoly_WuI4ThUgd0:beeper.local 
[log] [2026-04-17T20:22:47.652Z] ↓ state_sync !kvFNTYOat6AKFoVfUz87:beeper.local undefined message upsert $PS4NNssEqFOZ8fNRcFwLfLRF4qxbH3VI35retYqFxl0:beeper.local 
[log] [2026-04-17T20:22:47.652Z] ↓ state_sync !kvFNTYOat6AKFoVfUz87:beeper.local undefined message upsert $Picyhl9bm44nR1DGa_IXIc7u82cOsdcQtZzpA5GXdwI:beeper.local 
[log] [2026-04-17T20:22:47.655Z] ↓ state_sync !kvFNTYOat6AKFoVfUz87:beeper.local undefined message upsert $-4pxd6yzqwwFf5IYbOxZEeVTMH4yCek8o-4lO8xRYPM:beeper.local 
[log] [2026-04-17T20:22:47.659Z] ↓ state_sync !kvFNTYOat6AKFoVfUz87:beeper.local undefined message upsert $Pz-em2Mm5Sq5D4R_DIohEnDimxiQ0RcxFneJYDtz08o:beeper.local 
[log] [2026-04-17T20:22:47.661Z] ↓ state_sync !kvFNTYOat6AKFoVfUz87:beeper.local undefined message upsert $pWLn430oGOAFmHU-l689qmtvWmy9vWGpAR1_20PWsFw:beeper.local 
[log] [2026-04-17T20:22:47.663Z] ↓ state_sync !kvFNTYOat6AKFoVfUz87:beeper.local undefined message upsert $O6sz0f8rKL5eSjpmsZilyxu7nAJ-jIUHhML9MXj30OM:beeper.local 
[log] [2026-04-17T20:22:47.665Z] ↓ state_sync !kvFNTYOat6AKFoVfUz87:beeper.local undefined message upsert $DJWOo7b8R-J7FADsnGEfasFHgPawh_GdKyYubf1chiE:beeper.local 
[log] [2026-04-17T20:22:47.668Z] ↓ state_sync !kvFNTYOat6AKFoVfUz87:beeper.local undefined message upsert $6J-eFvWq6z0XanM8aO1PTMNOCCXAzSPa3va2YlRIdh4:beeper.local 
[log] [2026-04-17T20:22:47.670Z] ↓ state_sync !kvFNTYOat6AKFoVfUz87:beeper.local undefined message upsert $-XaCxTYLkout7K-dmUQTwpu_QK8JCG-JZ6jk_xyoVvk:beeper.local 
[log] [2026-04-17T20:22:47.671Z] ↓ state_sync !kvFNTYOat6AKFoVfUz87:beeper.local undefined message upsert $uqpHxbo0ZuKjGEjP9F3aTie8CJifYC74sI0PGYqisQM:beeper.local 
[log] [2026-04-17T20:22:47.675Z] ↓ state_sync !kvFNTYOat6AKFoVfUz87:beeper.local undefined message upsert $gwAxeJFAcLX3JF8uPhqbblTbN1uWL-uJ0CVEmwdr3eA:beeper.local 
[log] [2026-04-17T20:22:47.677Z] ↓ state_sync !kvFNTYOat6AKFoVfUz87:beeper.local undefined message upsert $m02bOkuUJbN6NLgmJYqUKJX82p3DkTSr-nGMYT4HqII:beeper.local 
[log] [2026-04-17T20:22:47.679Z] ↓ state_sync !kvFNTYOat6AKFoVfUz87:beeper.local undefined message upsert $7aG4PpbtkgerowZmM9jt0Pkv78bfDIpC5KRcEWu_bNw:beeper.local 
[log] [2026-04-17T20:22:47.681Z] ↓ state_sync !kvFNTYOat6AKFoVfUz87:beeper.local undefined message upsert $lk_kTh-YpqskuTW8DMP56lmicCJGtP7_706FfkKnN4M:beeper.local 
[log] [2026-04-17T20:22:47.682Z] ↓ state_sync !kvFNTYOat6AKFoVfUz87:beeper.local undefined message upsert $s3qKOkeMK0G1dMPz_xICOEI-jTrVY5C2RLCcKTT-Vyw:beeper.local 
[log] [2026-04-17T20:22:47.684Z] ↓ state_sync !kvFNTYOat6AKFoVfUz87:beeper.local undefined message upsert $ZNUANuuqipJdvVzs-fgfzss32_qasaqa8J5uKXCVP58:beeper.local 
[log] [2026-04-17T20:22:47.686Z] ↓ state_sync !kvFNTYOat6AKFoVfUz87:beeper.local undefined message upsert $B5nIG3bIueZMJcXn68lsBdOlDGxdeomSH6klZWjqt0Q:beeper.local 
[log] [2026-04-17T20:22:47.688Z] ↓ state_sync !kvFNTYOat6AKFoVfUz87:beeper.local undefined message upsert $CbbmGIJk1o0GOiclRLXrh4nbDck2cf31JHAV55gPM4Y:beeper.local 
[log] [2026-04-17T20:22:47.692Z] ↓ state_sync !kvFNTYOat6AKFoVfUz87:beeper.local undefined message upsert $DXjdvJDyQfKnKqwx3U8U8Xip-WffVtM38FQYyn0oy2E:beeper.local 
[log] [2026-04-17T20:22:47.694Z] ↓ state_sync !kvFNTYOat6AKFoVfUz87:beeper.local undefined message upsert $kUjqgNTQ_qna6no_XFr2d6m7SzqHBGKUt6MwIgdEVso:beeper.local 
[log] [2026-04-17T20:22:47.697Z] ↓ state_sync !kvFNTYOat6AKFoVfUz87:beeper.local undefined message upsert $SE3F-ypxv0GJfYCMCVtPNVloQE5vY83OJFB5ryhQZbo:beeper.local 
[log] [2026-04-17T20:22:47.702Z] ↓ state_sync !kvFNTYOat6AKFoVfUz87:beeper.local undefined message upsert $88E1WNr83C5xHXxSoFLg8uSI2C5ZKVHuulr25lYPj34:beeper.local 
[log] [2026-04-17T20:22:47.702Z] ↓ state_sync !kvFNTYOat6AKFoVfUz87:beeper.local undefined message upsert $MTIZ7hX1lh3HxZlr_fTrNJChpqh90FQH7idrynX0F7g:beeper.local 
[log] [2026-04-17T20:22:47.704Z] ↓ state_sync !kvFNTYOat6AKFoVfUz87:beeper.local undefined message upsert $_NZdqmsDYz5CySANb2ZjwHeZDzTBIUGJ0DY_Ldi2ZEw:beeper.local 
[log] [2026-04-17T20:22:47.707Z] ↓ state_sync !kvFNTYOat6AKFoVfUz87:beeper.local undefined message upsert $4vTR8nwwHdnchJSnoAjkaqz8pCiFzll56X7SNiqsfiA:beeper.local 
[log] [2026-04-17T20:22:47.710Z] ↓ state_sync !kvFNTYOat6AKFoVfUz87:beeper.local undefined message upsert $Fk4CtjtoJxIaPz1o3d-nU_T9Lp4D9Q3JJDRQffp1OaI:beeper.local 
[log] [2026-04-17T20:22:47.714Z] ↓ state_sync !kvFNTYOat6AKFoVfUz87:beeper.local undefined message upsert $UO015R812Z_nm9yyEWQtLaz_7NWkLTVQYYvCovsPEW4:beeper.local 
[log] [2026-04-17T20:22:47.720Z] ↓ state_sync !kvFNTYOat6AKFoVfUz87:beeper.local undefined message upsert $IDVChjQocS48EMEV20Pz-YZyeXkZENeJPoQaYTi1Uqk:beeper.local 
[log] [2026-04-17T20:22:47.722Z] ↓ state_sync !kvFNTYOat6AKFoVfUz87:beeper.local undefined message upsert $QhttvtzB0aP7INCMdKRNEh_LFFIXo3RBC-w-adGAz8s:beeper.local 
[log] [2026-04-17T20:22:47.723Z] ↓ state_sync !kvFNTYOat6AKFoVfUz87:beeper.local undefined message upsert $QZgdVIfJgX15zJEcY-QtuPRkuOOoC8I3vEaQmvfgON0:beeper.local 
[log] [2026-04-17T20:22:47.725Z] ↓ state_sync !kvFNTYOat6AKFoVfUz87:beeper.local undefined message upsert $WiIm7edKu42vti780YTEN_gaQnKbI6Jy2ovyFiVmm18:beeper.local 
[log] [2026-04-17T20:22:47.730Z] ↓ state_sync !kvFNTYOat6AKFoVfUz87:beeper.local undefined message upsert $nBtMno5oYvkI6lW0ZXNZScxS0iHfATMgHJfskpqNx0E:beeper.local 
[log] [2026-04-17T20:22:47.732Z] ↓ state_sync !kvFNTYOat6AKFoVfUz87:beeper.local undefined message upsert $zBsjyGa7Paabq9Z71UyeS0_kQN-Z-6wnSxfpZeJb87Y:beeper.local 
[log] [2026-04-17T20:22:47.740Z] ↓ state_sync !kvFNTYOat6AKFoVfUz87:beeper.local undefined message upsert $vRjH8Z_NFzUNesvqIxicOvmWlc7gig2WJxeVsgjz4Zs:beeper.local 
[log] [2026-04-17T20:22:47.740Z] ↓ state_sync !kvFNTYOat6AKFoVfUz87:beeper.local undefined message upsert $zOEPl0YFdtY4B8-2C1uBL529xdMU9bjTRc2TZD2Awh8:beeper.local 
[log] [2026-04-17T20:22:47.742Z] ↓ state_sync !kvFNTYOat6AKFoVfUz87:beeper.local undefined message upsert $bR1X-yXEs9byDX7tfIv4jvaZFKXCcJevODZK-3_o44M:beeper.local 
[log] [2026-04-17T20:22:47.746Z] ↓ state_sync !kvFNTYOat6AKFoVfUz87:beeper.local undefined message upsert $Nre3hJ-vA-aBIZNiJRu2SPgyQ4cXtvnkfBMDIY2nGa0:beeper.local 
[log] [2026-04-17T20:22:47.748Z] ↓ state_sync !kvFNTYOat6AKFoVfUz87:beeper.local undefined message upsert $5zUbyox-5QD_IJfvBNIakXSIlEXd4h-bEUTTlb9JhCU:beeper.local 
[log] [2026-04-17T20:22:47.754Z] ↓ state_sync !kvFNTYOat6AKFoVfUz87:beeper.local undefined message upsert $KojygLFAIAoaTtTZgYCk7AFAZaAraJ4wo6N7s_cXBQE:beeper.local 
[log] [2026-04-17T20:22:47.755Z] ↓ state_sync !kvFNTYOat6AKFoVfUz87:beeper.local undefined message upsert $qtICSc5lfTEMj1JyDFr7-euNYbD5gNPCaAeb3Y0CQ1Y:beeper.local 
[log] [2026-04-17T20:22:47.756Z] ↓ state_sync !kvFNTYOat6AKFoVfUz87:beeper.local undefined message upsert $YtJv6lYXVW9HEoOZPYKCK2lRgx6bOQiUNfSw79VrZS0:beeper.local 
[log] [2026-04-17T20:22:47.759Z] ↓ state_sync !kvFNTYOat6AKFoVfUz87:beeper.local undefined message upsert $NwWZZVWYOkbJkyS8Y-uYUgy16_wtMq8F_RCHR5oEcTU:beeper.local 
[log] [2026-04-17T20:22:47.761Z] ↓ state_sync !kvFNTYOat6AKFoVfUz87:beeper.local undefined message upsert $Cm2oSCLaf-TAD2Vu14BmVWSxRu6aOFn-a1m4wqG7bDU:beeper.local 
[log] [2026-04-17T20:22:47.762Z] ↓ state_sync !kvFNTYOat6AKFoVfUz87:beeper.local undefined message upsert $YlOaAB6kq4Q5PQIAaaiEoB3zbjJ0UWxjcNcpGJqCmfI:beeper.local 
[log] [2026-04-17T20:22:47.922Z] ↓ state_sync !kvFNTYOat6AKFoVfUz87:beeper.local undefined message upsert $ER0NXYny_xadpGMBITH3Hk96SV2Jel5SLIO4pNx8B1s:beeper.local 
[log] [2026-04-17T20:22:47.927Z] ↓ state_sync !kvFNTYOat6AKFoVfUz87:beeper.local undefined message upsert $0UpmrjgHb93fkLIkcimsfxTstbvV6TB0SaJF32bDz-k:beeper.local 
[log] [2026-04-17T20:22:47.931Z] ↓ state_sync !kvFNTYOat6AKFoVfUz87:beeper.local undefined message upsert $UuYDFPlsG4FPIAbeGCGCyNtI6-obDbXKlam85Se-w0o:beeper.local 
[log] [2026-04-17T20:22:47.933Z] ↓ state_sync !kvFNTYOat6AKFoVfUz87:beeper.local undefined message upsert $k4ikpbG02GYtBIvLTc8Hpr2wIdwNzQp8UDzHo0kUCbk:beeper.local 
[log] [2026-04-17T20:22:47.936Z] ↓ state_sync !kvFNTYOat6AKFoVfUz87:beeper.local undefined message upsert $tBj0klGGna59yeOtrCm3-vIFMIhhbYX2zZN1cz7lfJA:beeper.local 
[log] [2026-04-17T20:22:47.938Z] ↓ state_sync !kvFNTYOat6AKFoVfUz87:beeper.local undefined message upsert $By20mtKvC67DS8Hc5mo8WGs_LoZieYWo95VjRNeGRac:beeper.local 
[log] [2026-04-17T20:22:47.941Z] ↓ state_sync !kvFNTYOat6AKFoVfUz87:beeper.local undefined message upsert $5nJO5LDiMorjNzWDsBlDeUhMrdePxPAf01SHVJMDKm0:beeper.local 
[log] [2026-04-17T20:22:47.944Z] ↓ app sync event sync_processing_notice_updated 79 [object Object] 
[log] [2026-04-17T20:22:47.944Z] [BeeperClientStore] sync processing notice updated to Catching up! Syncing 298 of 409 outstanding messages 
[log] [2026-04-17T20:22:47.945Z] ↓ state_sync !kvFNTYOat6AKFoVfUz87:beeper.local undefined message upsert $SXrkysTxkdl_kpfcEEp0b13kywlOyCS2WLWD4ncrumQ:beeper.local 
[log] [2026-04-17T20:22:47.950Z] ↓ state_sync !kvFNTYOat6AKFoVfUz87:beeper.local undefined message upsert $d-iNHfKNpmJRFOEh_QmpMvf1dnNDT7qw5QlKqquMNLU:beeper.local 
[log] [2026-04-17T20:22:47.952Z] ↓ state_sync !kvFNTYOat6AKFoVfUz87:beeper.local undefined message upsert $3ezZx0AQEw05XgddIof_aov8EU7GFgHCNvdXQwnNfiE:beeper.local 
[log] [2026-04-17T20:22:47.969Z] ↓ state_sync !kvFNTYOat6AKFoVfUz87:beeper.local undefined message upsert $77LULTpeszJfu3_Yf-BVjfWf8Ul73yiC3AJH8c6svE8:beeper.local 
[log] [2026-04-17T20:22:47.976Z] ↓ state_sync !kvFNTYOat6AKFoVfUz87:beeper.local undefined message upsert $lzkZV5QYeSl9FjdXsMNZ_g1S95ImHbBd1As9ayLOipY:beeper.local 
[log] [2026-04-17T20:22:47.979Z] ↓ state_sync !kvFNTYOat6AKFoVfUz87:beeper.local undefined message upsert $DTc-kh52csn47SLXPhvYZy9JhvwMM2mho_wWhwDYeT0:beeper.local 
[log] [2026-04-17T20:22:47.981Z] ↓ state_sync !kvFNTYOat6AKFoVfUz87:beeper.local undefined message upsert $eUCSHOrLjIMrn4YY-xxus07I-x3cwrYrdwmvd4ZzeF0:beeper.local 
[log] [2026-04-17T20:22:47.983Z] ↓ state_sync !kvFNTYOat6AKFoVfUz87:beeper.local undefined message upsert $Ty12Phlp_o8NAL8VINRChRDJV6Ulhqcpqmju6XRg5rI:beeper.local 
[log] [2026-04-17T20:22:47.986Z] ↓ state_sync !kvFNTYOat6AKFoVfUz87:beeper.local undefined message upsert $Bt35hiVvzAgMkhjZ-XYR4jLA7rPzo7DxDPfexvfdhaQ:beeper.local 
[log] [2026-04-17T20:22:47.988Z] ↓ state_sync !kvFNTYOat6AKFoVfUz87:beeper.local undefined message upsert $3Qf79XRz0dYVWNz3yqxdG3Ng-w01y276rLpYEh0ZtuA:beeper.local 
[log] [2026-04-17T20:22:47.990Z] ↓ state_sync !kvFNTYOat6AKFoVfUz87:beeper.local undefined message upsert $hvvBC5mm-2nIdBIp7ThFqY4e1-BOLtCLsku_rjQ7bKU:beeper.local 
[log] [2026-04-17T20:22:47.992Z] ↓ state_sync !kvFNTYOat6AKFoVfUz87:beeper.local undefined message upsert $diQsgxS-vAWKaMmc5kT0He18jrfWtTiZMwECpjBjMHs:beeper.local 
[log] [2026-04-17T20:22:48.063Z] ↓ state_sync !kvFNTYOat6AKFoVfUz87:beeper.local undefined message upsert $01ZZj8Qt1n1Eaac8TZDsN7Si4zHH5t3NvKNRucIdUGM:beeper.local 
[log] [2026-04-17T20:22:48.068Z] ↓ state_sync !kvFNTYOat6AKFoVfUz87:beeper.local undefined message upsert $buUn3MC7OLeiPsaQDIpVcdZmDNLh7j19j_kkhxtoywU:beeper.local 
[log] [2026-04-17T20:22:48.071Z] ↓ state_sync !kvFNTYOat6AKFoVfUz87:beeper.local undefined message upsert $4tQniTp2KbVYJyhYeDKN2gxXHVZ8blYRW7HLCEUxN-c:beeper.local 
[log] [2026-04-17T20:22:48.075Z] ↓ state_sync !kvFNTYOat6AKFoVfUz87:beeper.local undefined message upsert $ArKasLe1BMXH0Q94c-hQ-bpqwivv7bZd1h-Rybde7Ys:beeper.local 
[log] [2026-04-17T20:22:48.079Z] ↓ state_sync !kvFNTYOat6AKFoVfUz87:beeper.local undefined message upsert $l_OXVFQVC5bJ3Q12auRiSXH0Mcrec9JNSllFkp-JsO8:beeper.local 
[log] [2026-04-17T20:22:48.081Z] ↓ state_sync !kvFNTYOat6AKFoVfUz87:beeper.local undefined message upsert $LbCGOsaKcxAsYmmgUec-khJDQLjQXs2KqAF_H7dpHEw:beeper.local 
[log] [2026-04-17T20:22:48.085Z] ↓ state_sync !kvFNTYOat6AKFoVfUz87:beeper.local undefined message upsert $EXEoKRaS8QAM77CX8c86FayPMOMsH_tuv3HujI_ET_o:beeper.local 
[log] [2026-04-17T20:22:48.087Z] ↓ state_sync !kvFNTYOat6AKFoVfUz87:beeper.local undefined message upsert $7M5XCrINmm9GGocBWG9SNRMCoBKyBHFwxY4lz4khIn8:beeper.local 
[log] [2026-04-17T20:22:48.088Z] ↓ state_sync !kvFNTYOat6AKFoVfUz87:beeper.local undefined message upsert $fcXfgAVwAyD_N4GA7msR97GnJHbaHkl9xKzheOCeAGM:beeper.local 
[log] [2026-04-17T20:22:48.091Z] ↓ state_sync !kvFNTYOat6AKFoVfUz87:beeper.local undefined message upsert $ViW9Gbl92SSM0N7PLgxhPwo7yIA0rR76tsJRpxGsE5g:beeper.local 
[log] [2026-04-17T20:22:48.094Z] ↓ state_sync !kvFNTYOat6AKFoVfUz87:beeper.local undefined message upsert $RnnglGLNR2x7mHg-cExYZck_1DIx24s3NOIm4oDafxs:beeper.local 
[log] [2026-04-17T20:22:48.096Z] ↓ state_sync !kvFNTYOat6AKFoVfUz87:beeper.local undefined message upsert $QGHn4X2fH_mM3r6H270DmicrN5J2Kp2wARCwPe44iFY:beeper.local 
[log] [2026-04-17T20:22:48.099Z] ↓ state_sync !kvFNTYOat6AKFoVfUz87:beeper.local undefined message upsert $2bcEH2uzaeaya6-8wCIWgMz60Qof8LkYqKV5rmlKyTM:beeper.local 
[log] [2026-04-17T20:22:48.103Z] ↓ state_sync !kvFNTYOat6AKFoVfUz87:beeper.local undefined message upsert $kg909UqjTCo5Um3Sl0D1Pm3FBxs7lbHUgbxzLJqQsCQ:beeper.local 
[log] [2026-04-17T20:22:48.106Z] ↓ state_sync !kvFNTYOat6AKFoVfUz87:beeper.local undefined message upsert $3BRqY04ULWRaLCgxFy300emyq0QdjN4m-_OD4_YTWGE:beeper.local 
[log] [2026-04-17T20:22:48.108Z] ↓ state_sync !kvFNTYOat6AKFoVfUz87:beeper.local undefined message upsert $PeE0ybYNZEDAruOCR6u7iacBtsL8nvNUbm-B6nECFgU:beeper.local 
[log] [2026-04-17T20:22:48.112Z] ↓ state_sync !kvFNTYOat6AKFoVfUz87:beeper.local undefined message upsert $g_oiL0N49KoGUZVvbgOtwaQNXiPTE3X818wqNCnaUUA:beeper.local 
[log] [2026-04-17T20:22:48.114Z] ↓ state_sync !kvFNTYOat6AKFoVfUz87:beeper.local undefined message upsert $FaiHFGPhcLHdxG6GFoVnQY2i5gDEcxc432HqGlk9c9k:beeper.local 
[log] [2026-04-17T20:22:48.227Z] ↓ state_sync !kvFNTYOat6AKFoVfUz87:beeper.local undefined message upsert $hdMl2-n_nLaf6n-0pg-0Uo4g-qFMX3o-dp2BdB6lb30:beeper.local 
[log] [2026-04-17T20:22:48.230Z] ↓ state_sync !kvFNTYOat6AKFoVfUz87:beeper.local undefined message upsert $4QBxffuReQ8nI_kOk6QdEh0ZJ6lwO2eL0HrQBpQDlMc:beeper.local 
[log] [2026-04-17T20:22:48.233Z] ↓ state_sync !kvFNTYOat6AKFoVfUz87:beeper.local undefined message upsert $zn_TdVDixHBlEQ9NuAvL3-kCO8XUHjGjSmoFuI30OoQ:beeper.local 
[log] [2026-04-17T20:22:48.237Z] ↓ state_sync !kvFNTYOat6AKFoVfUz87:beeper.local undefined message upsert $EKOG4qxpr3fbWsU8WQox04aroBfnJFxQE90JpZ6-5KE:beeper.local 
[log] [2026-04-17T20:22:48.241Z] ↓ state_sync !kvFNTYOat6AKFoVfUz87:beeper.local undefined message upsert $RwYJCAEK3tHkZ6v6E8fk9q3byMje_bog7q3rjzJpm7A:beeper.local 
[log] [2026-04-17T20:22:48.244Z] ↓ state_sync !kvFNTYOat6AKFoVfUz87:beeper.local undefined message upsert $F0a9TBVW2BfLdB47wL-yczIxyugxBkj8ExKvAYSMh4Q:beeper.local 
[log] [2026-04-17T20:22:48.248Z] ↓ state_sync !kvFNTYOat6AKFoVfUz87:beeper.local undefined message upsert $EjDkNU-TpPt0DyMo6sv50iTXjQUM_yK-w4JriIdKGqs:beeper.local 
[log] [2026-04-17T20:22:48.251Z] ↓ state_sync !kvFNTYOat6AKFoVfUz87:beeper.local undefined message upsert $IxphBGL4VcXRXi-xZ9Ntv9IsG5L_GDVugJxFk_HAmqY:beeper.local 
[log] [2026-04-17T20:22:48.254Z] ↓ state_sync !kvFNTYOat6AKFoVfUz87:beeper.local undefined message upsert $1y-FrBWv6FE0YMBnx6Pnqox6KHFmW78LyolyaLEITLs:beeper.local 
[log] [2026-04-17T20:22:48.257Z] ↓ state_sync !kvFNTYOat6AKFoVfUz87:beeper.local undefined message upsert $angGG3_IwN74adw06u2q2DomFh3kQlcP-a30l6NRPUg:beeper.local 
[log] [2026-04-17T20:22:48.259Z] ↓ state_sync !kvFNTYOat6AKFoVfUz87:beeper.local undefined message upsert $gMuNbS_diZPcYA5e56gm8N9z9Q6ija0Uqy5hFwtSUQo:beeper.local 
[log] [2026-04-17T20:22:48.262Z] ↓ state_sync !kvFNTYOat6AKFoVfUz87:beeper.local undefined message upsert $o5HbuWhaR9hD43g-Sgv9WcvADweKOloD3K9r3vcu_H8:beeper.local 
[log] [2026-04-17T20:22:48.265Z] ↓ state_sync !kvFNTYOat6AKFoVfUz87:beeper.local undefined message upsert $_XTJ_exOUV406ZhWFl6T8JVLvgq5LC4Y4ORPLPb2Apk:beeper.local 
[log] [2026-04-17T20:22:48.269Z] ↓ state_sync !kvFNTYOat6AKFoVfUz87:beeper.local undefined message upsert $xVfNXMMeswcZGBzylRmrzK9y8O2IaB9UH_FoPTmjCtk:beeper.local 
[log] [2026-04-17T20:22:48.271Z] ↓ state_sync !kvFNTYOat6AKFoVfUz87:beeper.local undefined message upsert $jho5wuEwAENkW-gkARWGp029IWFSigCETDnp0rdC4fc:beeper.local 
[log] [2026-04-17T20:22:48.381Z] ↓ state_sync !kvFNTYOat6AKFoVfUz87:beeper.local undefined message upsert $XUgfeFcdRfGa8OzOOqnzSzjpQgttbhPdl5q0cMVVmvg:beeper.local 
[log] [2026-04-17T20:22:48.388Z] ↓ state_sync !kvFNTYOat6AKFoVfUz87:beeper.local undefined message upsert $_cxZE9O4VUhS-pLPHbSKNk6a71Luc-TEwZBbEaumMYQ:beeper.local 
[log] [2026-04-17T20:22:48.393Z] ↓ state_sync !kvFNTYOat6AKFoVfUz87:beeper.local undefined message upsert $DXQBXQRK0PsFPeaEyMDwfytm9B1qMdr-Bof_f4f_RQY:beeper.local 
[log] [2026-04-17T20:22:48.397Z] ↓ state_sync !kvFNTYOat6AKFoVfUz87:beeper.local undefined message upsert $W2owT6mGMj8i51SEx5bz1Dna8G-aNLpVy7YtDKdodiM:beeper.local 
[log] [2026-04-17T20:22:48.400Z] ↓ state_sync !kvFNTYOat6AKFoVfUz87:beeper.local undefined message upsert $WaNmugpru7Htkx_PJVkbMawSYVHcEtByedGJy36PMxE:beeper.local 
[log] [2026-04-17T20:22:48.402Z] ↓ state_sync !kvFNTYOat6AKFoVfUz87:beeper.local undefined message upsert $Rdo7EVssOg2X6AhgIp0ib6XjYgb4EzNYXKQ-OG0PuME:beeper.local 
[log] [2026-04-17T20:22:48.405Z] ↓ state_sync !kvFNTYOat6AKFoVfUz87:beeper.local undefined message upsert $R3ifWnIaE_7xijAHCjvGRY-eCYPLp-9ocYudolE_Wkw:beeper.local 
[log] [2026-04-17T20:22:48.408Z] ↓ state_sync !kvFNTYOat6AKFoVfUz87:beeper.local undefined message upsert $8rlO0Ucj2lz_qD2Ux7IYG3ovJDOpSRXT0XUE_ND0RFE:beeper.local 
[log] [2026-04-17T20:22:48.412Z] ↓ state_sync !kvFNTYOat6AKFoVfUz87:beeper.local undefined message upsert $SJKG4KldBUOl0rqT5Y26-8uIGBeWhWmhlorcQnaJ1U0:beeper.local 
[log] [2026-04-17T20:22:48.425Z] ↓ state_sync !kvFNTYOat6AKFoVfUz87:beeper.local undefined message upsert $SnjCwcugj_YTv1rsxBpj2qI8Q8fpvsIgbC31nfIbe_Y:beeper.local 
[log] [2026-04-17T20:22:48.425Z] ↓ state_sync !kvFNTYOat6AKFoVfUz87:beeper.local undefined message upsert $PVKGa1ebF8ERJAs7s2hXlQkPaM92NgW8c-s9KMf6JuM:beeper.local 
[log] [2026-04-17T20:22:48.425Z] ↓ state_sync !kvFNTYOat6AKFoVfUz87:beeper.local undefined message upsert $hFQDo6oSzzTVbiBHf47U7YEUbbdTJ6tLWpoKxmOAaS0:beeper.local 
[log] [2026-04-17T20:22:48.425Z] ↓ state_sync !kvFNTYOat6AKFoVfUz87:beeper.local undefined message upsert $FU8v_JZKhEGwQovTF2wZBn5PrDP4d_iUYkf9hcWuz50:beeper.local 
[log] [2026-04-17T20:22:48.427Z] ↓ state_sync !kvFNTYOat6AKFoVfUz87:beeper.local undefined message upsert $x8aXcgqP3iynlJ9aM-WWWSbGI51atLmdGL1giotVYN8:beeper.local 
[log] [2026-04-17T20:22:48.428Z] ↓ state_sync !kvFNTYOat6AKFoVfUz87:beeper.local undefined message upsert $iGRR9TGZUlf92FezMZwd3muDrsLFXXiiiEjWfYpSYkQ:beeper.local 
[log] [2026-04-17T20:22:48.432Z] ↓ state_sync !kvFNTYOat6AKFoVfUz87:beeper.local undefined message upsert $XVsFzEICtgUqHAHk6VTXXyqZiBO5pxFwc82CIdlajHM:beeper.local 
[log] [2026-04-17T20:22:48.438Z] ↓ state_sync !kvFNTYOat6AKFoVfUz87:beeper.local 41037 message_send_status upsert  
[log] [2026-04-17T20:22:48.438Z] ↓ state_sync !kvFNTYOat6AKFoVfUz87:beeper.local 41042 message_send_status upsert  
[log] [2026-04-17T20:22:48.438Z] ↓ state_sync !kvFNTYOat6AKFoVfUz87:beeper.local 41044 message_send_status upsert  
[log] [2026-04-17T20:22:48.439Z] ↓ state_sync !kvFNTYOat6AKFoVfUz87:beeper.local 41049 message_send_status upsert  
[log] [2026-04-17T20:22:48.439Z] ↓ state_sync !kvFNTYOat6AKFoVfUz87:beeper.local 41051 message_send_status upsert  
[log] [2026-04-17T20:22:48.439Z] ↓ state_sync !kvFNTYOat6AKFoVfUz87:beeper.local 41053 message_send_status upsert  
[log] [2026-04-17T20:22:48.439Z] ↓ state_sync !kvFNTYOat6AKFoVfUz87:beeper.local 41055 message_send_status upsert  
[log] [2026-04-17T20:22:48.439Z] ↓ state_sync !kvFNTYOat6AKFoVfUz87:beeper.local 41057 message_send_status upsert  
[log] [2026-04-17T20:22:48.439Z] ↓ state_sync !kvFNTYOat6AKFoVfUz87:beeper.local 41059 message_send_status upsert  
[log] [2026-04-17T20:22:48.439Z] ↓ state_sync !kvFNTYOat6AKFoVfUz87:beeper.local 41095 message_send_status upsert  
[log] [2026-04-17T20:22:48.440Z] ↓ state_sync !kvFNTYOat6AKFoVfUz87:beeper.local 41100 message_send_status upsert  
[log] [2026-04-17T20:22:48.440Z] ↓ state_sync !kvFNTYOat6AKFoVfUz87:beeper.local 41103 message_send_status upsert  
[log] [2026-04-17T20:22:48.440Z] ↓ state_sync !kvFNTYOat6AKFoVfUz87:beeper.local 41106 message_send_status upsert  
[log] [2026-04-17T20:22:48.440Z] ↓ state_sync !kvFNTYOat6AKFoVfUz87:beeper.local 41108 message_send_status upsert  
[log] [2026-04-17T20:22:48.441Z] ↓ state_sync !kvFNTYOat6AKFoVfUz87:beeper.local 41114 message_send_status upsert  
[log] [2026-04-17T20:22:48.441Z] ↓ state_sync !kvFNTYOat6AKFoVfUz87:beeper.local 41118 message_send_status upsert  
[log] [2026-04-17T20:22:48.441Z] ↓ state_sync !kvFNTYOat6AKFoVfUz87:beeper.local 41120 message_send_status upsert  
[log] [2026-04-17T20:22:48.441Z] ↓ state_sync !kvFNTYOat6AKFoVfUz87:beeper.local 41122 message_send_status upsert  
[log] [2026-04-17T20:22:48.441Z] ↓ state_sync !kvFNTYOat6AKFoVfUz87:beeper.local 41124 message_send_status upsert  
[log] [2026-04-17T20:22:48.441Z] ↓ state_sync !kvFNTYOat6AKFoVfUz87:beeper.local 41126 message_send_status upsert  
[log] [2026-04-17T20:22:48.441Z] ↓ state_sync !kvFNTYOat6AKFoVfUz87:beeper.local 41131 message_send_status upsert  
[log] [2026-04-17T20:22:48.441Z] ↓ state_sync !kvFNTYOat6AKFoVfUz87:beeper.local 41229 message_send_status upsert  
[log] [2026-04-17T20:22:48.441Z] ↓ state_sync !kvFNTYOat6AKFoVfUz87:beeper.local 41231 message_send_status upsert  
[log] [2026-04-17T20:22:48.441Z] ↓ state_sync !kvFNTYOat6AKFoVfUz87:beeper.local 41233 message_send_status upsert  
[log] [2026-04-17T20:22:48.442Z] ↓ state_sync !kvFNTYOat6AKFoVfUz87:beeper.local 41235 message_send_status upsert  
[log] [2026-04-17T20:22:48.442Z] ↓ state_sync !kvFNTYOat6AKFoVfUz87:beeper.local 41239 message_send_status upsert  
[log] [2026-04-17T20:22:48.442Z] ↓ state_sync !kvFNTYOat6AKFoVfUz87:beeper.local 41241 message_send_status upsert  
[log] [2026-04-17T20:22:48.442Z] ↓ state_sync !kvFNTYOat6AKFoVfUz87:beeper.local 41243 message_send_status upsert  
[log] [2026-04-17T20:22:48.442Z] ↓ state_sync !kvFNTYOat6AKFoVfUz87:beeper.local 41245 message_send_status upsert  
[log] [2026-04-17T20:22:48.442Z] ↓ state_sync !kvFNTYOat6AKFoVfUz87:beeper.local 41249 message_send_status upsert  
[log] [2026-04-17T20:22:48.442Z] ↓ state_sync !kvFNTYOat6AKFoVfUz87:beeper.local 41251 message_send_status upsert  
[log] [2026-04-17T20:22:48.442Z] ↓ state_sync !kvFNTYOat6AKFoVfUz87:beeper.local 41253 message_send_status upsert  
[log] [2026-04-17T20:22:48.442Z] ↓ state_sync !kvFNTYOat6AKFoVfUz87:beeper.local 41255 message_send_status upsert  
[log] [2026-04-17T20:22:48.443Z] ↓ state_sync !kvFNTYOat6AKFoVfUz87:beeper.local 41259 message_send_status upsert  
[log] [2026-04-17T20:22:48.443Z] ↓ state_sync !kvFNTYOat6AKFoVfUz87:beeper.local 41260 message_send_status upsert  
[log] [2026-04-17T20:22:48.443Z] ↓ state_sync !kvFNTYOat6AKFoVfUz87:beeper.local 41327 message_send_status upsert  
[log] [2026-04-17T20:22:48.443Z] ↓ state_sync !kvFNTYOat6AKFoVfUz87:beeper.local 41335 message_send_status upsert  
[log] [2026-04-17T20:22:48.443Z] ↓ state_sync !kvFNTYOat6AKFoVfUz87:beeper.local 41337 message_send_status upsert  
[log] [2026-04-17T20:22:48.443Z] ↓ state_sync !kvFNTYOat6AKFoVfUz87:beeper.local 41339 message_send_status upsert  
[log] [2026-04-17T20:22:48.443Z] ↓ state_sync !kvFNTYOat6AKFoVfUz87:beeper.local 41341 message_send_status upsert  
[log] [2026-04-17T20:22:48.443Z] ↓ state_sync !kvFNTYOat6AKFoVfUz87:beeper.local 41347 message_send_status upsert  
[log] [2026-04-17T20:22:48.443Z] ↓ state_sync !kvFNTYOat6AKFoVfUz87:beeper.local 41349 message_send_status upsert  
[log] [2026-04-17T20:22:48.444Z] ↓ state_sync !kvFNTYOat6AKFoVfUz87:beeper.local 41351 message_send_status upsert  
[log] [2026-04-17T20:22:48.444Z] ↓ state_sync !kvFNTYOat6AKFoVfUz87:beeper.local 41353 message_send_status upsert  
[log] [2026-04-17T20:22:48.444Z] ↓ state_sync !kvFNTYOat6AKFoVfUz87:beeper.local 41354 message_send_status upsert  
[log] [2026-04-17T20:22:48.444Z] ↓ state_sync !kvFNTYOat6AKFoVfUz87:beeper.local 41357 message_send_status upsert  
[log] [2026-04-17T20:22:48.444Z] ↓ state_sync !kvFNTYOat6AKFoVfUz87:beeper.local 41353 message_reaction upsert @instagramgo_17844370914624737:beeper.local 
[log] [2026-04-17T20:22:48.444Z] ↓ state_sync !kvFNTYOat6AKFoVfUz87:beeper.local 41351 message_reaction upsert @instagramgo_17844370914624737:beeper.local 
[log] [2026-04-17T20:22:48.444Z] ↓ state_sync !kvFNTYOat6AKFoVfUz87:beeper.local 41365 message_send_status upsert  
[log] [2026-04-17T20:22:48.444Z] ↓ state_sync !kvFNTYOat6AKFoVfUz87:beeper.local 41368 message_send_status upsert  
[log] [2026-04-17T20:22:48.444Z] ↓ state_sync !kvFNTYOat6AKFoVfUz87:beeper.local 41372 message_send_status upsert  
[log] [2026-04-17T20:22:48.445Z] ↓ state_sync !kvFNTYOat6AKFoVfUz87:beeper.local 41374 message_send_status upsert  
[log] [2026-04-17T20:22:48.445Z] ↓ state_sync !kvFNTYOat6AKFoVfUz87:beeper.local 41376 message_send_status upsert  
[log] [2026-04-17T20:22:48.445Z] ↓ state_sync !kvFNTYOat6AKFoVfUz87:beeper.local 41378 message_send_status upsert  
[log] [2026-04-17T20:22:48.445Z] ↓ state_sync !kvFNTYOat6AKFoVfUz87:beeper.local 41381 message_send_status upsert  
[log] [2026-04-17T20:22:48.445Z] ↓ state_sync !kvFNTYOat6AKFoVfUz87:beeper.local 41383 message_send_status upsert  
[log] [2026-04-17T20:22:48.445Z] ↓ state_sync !kvFNTYOat6AKFoVfUz87:beeper.local 41386 message_send_status upsert  
[log] [2026-04-17T20:22:48.445Z] ↓ state_sync !kvFNTYOat6AKFoVfUz87:beeper.local 41388 message_send_status upsert  
[log] [2026-04-17T20:22:48.445Z] ↓ state_sync !kvFNTYOat6AKFoVfUz87:beeper.local 41390 message_send_status upsert  
[log] [2026-04-17T20:22:48.445Z] ↓ state_sync !kvFNTYOat6AKFoVfUz87:beeper.local 41392 message_send_status upsert  
[log] [2026-04-17T20:22:48.445Z] ↓ state_sync !kvFNTYOat6AKFoVfUz87:beeper.local 41395 message_send_status upsert  
[log] [2026-04-17T20:22:48.445Z] ↓ state_sync !kvFNTYOat6AKFoVfUz87:beeper.local 41399 message_send_status upsert  
[log] [2026-04-17T20:22:48.445Z] ↓ state_sync !kvFNTYOat6AKFoVfUz87:beeper.local 41401 message_send_status upsert  
[log] [2026-04-17T20:22:48.445Z] ↓ state_sync !kvFNTYOat6AKFoVfUz87:beeper.local 41404 message_send_status upsert  
[log] [2026-04-17T20:22:48.445Z] ↓ state_sync !kvFNTYOat6AKFoVfUz87:beeper.local 41406 message_send_status upsert  
[log] [2026-04-17T20:22:48.445Z] ↓ state_sync !kvFNTYOat6AKFoVfUz87:beeper.local 41408 message_send_status upsert  
[log] [2026-04-17T20:22:48.445Z] ↓ state_sync !kvFNTYOat6AKFoVfUz87:beeper.local 41410 message_send_status upsert  
[log] [2026-04-17T20:22:48.446Z] ↓ state_sync !kvFNTYOat6AKFoVfUz87:beeper.local 41415 message_send_status upsert  
[log] [2026-04-17T20:22:48.446Z] ↓ state_sync !kvFNTYOat6AKFoVfUz87:beeper.local 41422 message_send_status upsert  
[log] [2026-04-17T20:22:48.446Z] ↓ state_sync !kvFNTYOat6AKFoVfUz87:beeper.local 41424 message_send_status upsert  
[log] [2026-04-17T20:22:48.446Z] ↓ state_sync !kvFNTYOat6AKFoVfUz87:beeper.local 41427 message_send_status upsert  
[log] [2026-04-17T20:22:48.446Z] ↓ state_sync !kvFNTYOat6AKFoVfUz87:beeper.local 41428 message_send_status upsert  
[log] [2026-04-17T20:22:48.446Z] ↓ state_sync !kvFNTYOat6AKFoVfUz87:beeper.local undefined participant upsert  
[log] [2026-04-17T20:22:48.446Z] ↓ state_sync !kvFNTYOat6AKFoVfUz87:beeper.local undefined participant update  
[log] [2026-04-17T20:22:48.446Z] ↓ app sync event sync_processing_updated 80 [object Object] 
[log] [2026-04-17T20:22:48.446Z] [BeeperClientStore] Syncing state changed: true -> false 
[log] [2026-04-17T20:22:48.446Z] ↓ app sync event sync_processing_notice_updated 81 [object Object] 
[log] [2026-04-17T20:22:48.446Z] [BeeperClientStore] sync processing notice updated to  
[log] [2026-04-17T20:22:49.492Z] [Navigation][settings-nav] {"view":"accounts","window":"prefs"} 
[log] [2026-04-17T20:22:49.499Z] ↑ call getDevices {} 
[log] [2026-04-17T20:22:49.499Z] ↑ call getDevices {} 
[log] [2026-04-17T20:22:49.583Z] skipped sending events to legacy /metrics endpoint [object Object],[object Object],[object Object],[object Object],[object Object] 
[log] [2026-04-17T20:22:49.800Z] ↓ return beeper getDevices  [302 ms] 
[log] [2026-04-17T20:22:50.018Z] ↓ return beeper getDevices  [520 ms] 
[log] [2026-04-17T20:22:51.742Z] ↓ state_sync undefined undefined thread upsert !5SYahhVX2JM2dZcPvzhA:beeper.local 
[log] [2026-04-17T20:22:51.744Z] ↓ state_sync !5SYahhVX2JM2dZcPvzhA:beeper.local undefined participant upsert @beebtw:beeper.com 
[log] [2026-04-17T20:22:51.744Z] ↓ state_sync !5SYahhVX2JM2dZcPvzhA:beeper.local undefined participant update  
[log] [2026-04-17T20:22:51.877Z] ↓ state_sync undefined undefined thread upsert !Kf1c0B5kDeGBeO5amNOl:beeper.local 
[log] [2026-04-17T20:22:51.880Z] ↓ state_sync !Kf1c0B5kDeGBeO5amNOl:beeper.local undefined message upsert $MEfflcQtmWzx8ylW5-ccouA2awYR1EK7yS_y3V8mceU:signal.org 
[error] [2026-04-17T20:22:51.880Z] [ThreadStore][!Kf1c0B5kDeGBeO5amNOl:beeper.local] pushMessages: newestMessageTimestamp is falsy and messages will notify and mark unread 
[log] [2026-04-17T20:22:51.881Z] ↓ state_sync !Kf1c0B5kDeGBeO5amNOl:beeper.local undefined message upsert $JHi9Ufvp92qZVc_QH8w6fKLZZXrutBWabY-Z6g2Gpj4:signal.org 
[log] [2026-04-17T20:22:51.881Z] ↓ state_sync !Kf1c0B5kDeGBeO5amNOl:beeper.local undefined message upsert $zkidKorVLZ45ieuJtbRH0ucF9QHUsLOB81Z6Id0GHHo:signal.org 
[log] [2026-04-17T20:22:51.881Z] ↓ state_sync !Kf1c0B5kDeGBeO5amNOl:beeper.local undefined message upsert $ANiLS2G4BxzxVxfUAlgtIrZXp8QUuzzXRkBHyr5ZjHU:signal.org 
[log] [2026-04-17T20:22:51.882Z] ↓ state_sync !Kf1c0B5kDeGBeO5amNOl:beeper.local undefined message upsert $YWFG1T8bFzrExlGsLnIlDwsFT2lIW1HEoRgOakVVRcQ:signal.org 
[log] [2026-04-17T20:22:51.882Z] ↓ state_sync !Kf1c0B5kDeGBeO5amNOl:beeper.local undefined message upsert $bWkYxWPoYUSlCUd7jc91SUJ5af_j8913rUxYJZaNLPE:signal.org 
[log] [2026-04-17T20:22:51.883Z] ↓ state_sync !Kf1c0B5kDeGBeO5amNOl:beeper.local undefined message upsert $PbTR8H_BIjEsm9v5P-NUi4nSDHQe8daBcOquhykt1Q8:signal.org 
[log] [2026-04-17T20:22:51.884Z] ↓ state_sync !Kf1c0B5kDeGBeO5amNOl:beeper.local undefined message upsert $D-rQuy-HNqks7OqDTFZKaN14FZJfwY83FaNDiRAomsI:signal.org 
[log] [2026-04-17T20:22:51.885Z] ↓ state_sync !Kf1c0B5kDeGBeO5amNOl:beeper.local undefined message upsert $HgCHBbWGhjM3L0U2C0NJCZoQiXuBC_44dflsA5LFQso:signal.org 
[log] [2026-04-17T20:22:51.885Z] ↓ state_sync !Kf1c0B5kDeGBeO5amNOl:beeper.local undefined message upsert $R-Uf4cMzB91aL9FWufQVecfIVReS8LR2bzd8NThCvyg:signal.org 
[log] [2026-04-17T20:22:51.885Z] ↓ state_sync !Kf1c0B5kDeGBeO5amNOl:beeper.local undefined participant upsert @signal_8fa3f805-392d-4b65-af0c-d05583c33b30:beeper.local,@beebtw:beeper.com 
[log] [2026-04-17T20:22:51.886Z] ↓ state_sync !Kf1c0B5kDeGBeO5amNOl:beeper.local undefined participant update  
[log] [2026-04-17T20:22:52.061Z] ↓ state_sync undefined undefined thread upsert !6sbSDJxDoj0thJvahzLT:beeper.local 
[log] [2026-04-17T20:22:52.063Z] ↓ state_sync !6sbSDJxDoj0thJvahzLT:beeper.local undefined message upsert $BvINH7HHYaUACx7Wfmlqj7NmhVczWEFObulKzus-yoE:signal.org 
[error] [2026-04-17T20:22:52.063Z] [ThreadStore][!6sbSDJxDoj0thJvahzLT:beeper.local] pushMessages: newestMessageTimestamp is falsy and messages will notify and mark unread 
[log] [2026-04-17T20:22:52.063Z] ↓ state_sync !6sbSDJxDoj0thJvahzLT:beeper.local undefined message upsert $qH7G692MMWrXMsMgex_aCg21eKSdvZNqxnrKg-H5cdc:signal.org 
[log] [2026-04-17T20:22:52.064Z] ↓ state_sync !6sbSDJxDoj0thJvahzLT:beeper.local undefined message upsert $hzgfISHDuhS9vOvCc7hYMIOJkQJvPsihuqhCXhDBIE8:signal.org 
[log] [2026-04-17T20:22:52.064Z] ↓ state_sync !6sbSDJxDoj0thJvahzLT:beeper.local undefined message upsert $JITwbb7nrkQ6SxkpRjsDqlZDYTIVUgZhl7NmrMOtQ2w:signal.org 
[log] [2026-04-17T20:22:52.064Z] ↓ state_sync !6sbSDJxDoj0thJvahzLT:beeper.local undefined message upsert $aMgp7zIP-r5LT08UGiYeYPFIEBZ6boLcJqCDj0a-Hww:signal.org 
[log] [2026-04-17T20:22:52.064Z] ↓ state_sync !6sbSDJxDoj0thJvahzLT:beeper.local undefined message upsert $ulYWBxa22g2jQLmd4dHKAPnZiloIJGl0OmuEupHH4QQ:signal.org 
[log] [2026-04-17T20:22:52.065Z] ↓ state_sync !6sbSDJxDoj0thJvahzLT:beeper.local undefined message upsert $sHl0XeKxNdw4Gn0wEx02EV1CN8Swh7H3uSLj5jHfNiQ:signal.org 
[log] [2026-04-17T20:22:52.065Z] ↓ state_sync !6sbSDJxDoj0thJvahzLT:beeper.local undefined message upsert $S9UD8Ga2_T_u0VXLHeR5DaQaR5dcH8MfGCBTVZQY7z4:signal.org 
[log] [2026-04-17T20:22:52.065Z] ↓ state_sync !6sbSDJxDoj0thJvahzLT:beeper.local undefined message upsert $zr1MN6vpY2AX3KHDaW-ODmYHNSXUst7kUkK5Txyv3Hk:signal.org 
[log] [2026-04-17T20:22:52.065Z] ↓ state_sync !6sbSDJxDoj0thJvahzLT:beeper.local undefined message upsert $mbaUJ-D55iblpwbSuja8fftDOAC5IkUOnouVfmwG8eQ:signal.org 
[log] [2026-04-17T20:22:52.065Z] ↓ state_sync !6sbSDJxDoj0thJvahzLT:beeper.local undefined message upsert $nYfXu15iV_AGEbXbbUJJ_OBFjGCibB0JYgLOkU8pMg4:signal.org 
[log] [2026-04-17T20:22:52.066Z] ↓ state_sync !6sbSDJxDoj0thJvahzLT:beeper.local undefined message upsert $2J_aNGV56O0o8TwmHA-5hOC_0Gy5Hm3BJdEyEZWNlRM:signal.org 
[log] [2026-04-17T20:22:52.066Z] ↓ state_sync !6sbSDJxDoj0thJvahzLT:beeper.local undefined message upsert $IyNJ1y8t9nWP9Fq0TquwZ8wllsvhtO0KEwpq3_A1BXQ:signal.org 
[log] [2026-04-17T20:22:52.066Z] ↓ state_sync !6sbSDJxDoj0thJvahzLT:beeper.local undefined message upsert $M7rqqZvr0fq_QkS78V260J-STyl-iJL7BcTopjxNY54:signal.org 
[log] [2026-04-17T20:22:52.067Z] ↓ state_sync !6sbSDJxDoj0thJvahzLT:beeper.local undefined message upsert $IrUsOSaMhl7PqxE_D5mei7wNcRDcpebt8HIz3GoTMNY:signal.org 
[log] [2026-04-17T20:22:52.067Z] ↓ state_sync !6sbSDJxDoj0thJvahzLT:beeper.local undefined message upsert $LYoBBYVOgIRRwkl1WHGbeY0zau54a6vfecuuPdtGakQ:signal.org 
[log] [2026-04-17T20:22:52.067Z] ↓ state_sync !6sbSDJxDoj0thJvahzLT:beeper.local undefined message upsert $pcwWFPZEJmDJsWrrS-bv3PBGq02TpMbIWEqpplesReA:signal.org 
[log] [2026-04-17T20:22:52.068Z] ↓ state_sync !6sbSDJxDoj0thJvahzLT:beeper.local undefined message upsert $I5SI8P84FE1lsIWfGOMR8uClxD-OFjrOsR0JBiiNNYo:signal.org 
[log] [2026-04-17T20:22:52.068Z] ↓ state_sync !6sbSDJxDoj0thJvahzLT:beeper.local undefined message upsert $K6nE8ytZtFyEl_fQfhjrc3v6uCNWWS2e_r8sMYp84bY:signal.org 
[log] [2026-04-17T20:22:52.068Z] ↓ state_sync !6sbSDJxDoj0thJvahzLT:beeper.local undefined message upsert $84SgNoS997XztdtmyqBPKx6TcBmzn3eHPtmwM5g1eCE:signal.org 
[log] [2026-04-17T20:22:52.068Z] ↓ state_sync !6sbSDJxDoj0thJvahzLT:beeper.local undefined message upsert $CyyKthvgtWbkGms7RZOXu5JXHRWu5MpaV06x-5AxmgU:signal.org 
[log] [2026-04-17T20:22:52.069Z] ↓ state_sync !6sbSDJxDoj0thJvahzLT:beeper.local undefined message upsert $3N5cH0__RFlSm4eaWWuI9ZYld02aW6SkORLxVovOZaE:signal.org 
[log] [2026-04-17T20:22:52.069Z] ↓ state_sync !6sbSDJxDoj0thJvahzLT:beeper.local undefined message upsert $oCB67VZHvU--QrE5aakAht7Fnn4V4YWzbhaWqayEU-E:signal.org 
[log] [2026-04-17T20:22:52.069Z] ↓ state_sync !6sbSDJxDoj0thJvahzLT:beeper.local undefined message upsert $Iu9GgKQFJ3WLtv-Dg0lkXrXWFgtMqlQOB2Xq7Dxu_tI:signal.org 
[log] [2026-04-17T20:22:52.069Z] ↓ state_sync !6sbSDJxDoj0thJvahzLT:beeper.local undefined message upsert $Evyk9qquqLV5AJpxfaYmYw-QGVz4uHK7_rm3wtFl9lc:signal.org 
[log] [2026-04-17T20:22:52.070Z] ↓ state_sync !6sbSDJxDoj0thJvahzLT:beeper.local undefined message upsert $L2ysrAlchHExE9k4KSL9pRxSSrfaBIFpMhtC32kJWKE:signal.org 
[log] [2026-04-17T20:22:52.070Z] ↓ state_sync !6sbSDJxDoj0thJvahzLT:beeper.local undefined message upsert $cig5YUoI8tFY-T5uxcG0ZW1Wzx4IeGuua8JqTSS62w0:signal.org 
[log] [2026-04-17T20:22:52.070Z] ↓ state_sync !6sbSDJxDoj0thJvahzLT:beeper.local undefined message upsert $vTe9uYjsG9fmAqVIU3Pni6SuUoNx0GhrbHntNTAk1Fk:signal.org 
[log] [2026-04-17T20:22:52.071Z] ↓ state_sync !6sbSDJxDoj0thJvahzLT:beeper.local undefined message upsert $HQ1bxSEC2QBvHD2TE2v-fzKRaVM7pPbW8AQkoTzpTnU:signal.org 
[log] [2026-04-17T20:22:52.071Z] ↓ state_sync !6sbSDJxDoj0thJvahzLT:beeper.local undefined message upsert $zheeOEw4M1loqU7jTNa_atlzfw1nujStUOpFXjxn1JA:signal.org 
[log] [2026-04-17T20:22:52.072Z] ↓ state_sync !6sbSDJxDoj0thJvahzLT:beeper.local undefined message upsert $gSpKxwjD_jcI0AUppnNLYd0UAeonQM3qeweaG23mx3g:signal.org 
[log] [2026-04-17T20:22:52.072Z] ↓ state_sync !6sbSDJxDoj0thJvahzLT:beeper.local undefined message upsert $SQ0eUPMhdCBHwyv76nRBMA05ZkPLfOwlwlDT_E7EgyI:signal.org 
[log] [2026-04-17T20:22:52.072Z] ↓ state_sync !6sbSDJxDoj0thJvahzLT:beeper.local undefined message upsert $LO8B9SoMBWdfNfKxqIxCi4W_B5iVN8rZTYTG6vNwVgY:signal.org 
[log] [2026-04-17T20:22:52.072Z] ↓ state_sync !6sbSDJxDoj0thJvahzLT:beeper.local undefined message upsert $Ic4z7pgGVrRcO_s4Bvks79f12c2cxBI7yUxKm0WryC8:signal.org 
[log] [2026-04-17T20:22:52.072Z] ↓ state_sync !6sbSDJxDoj0thJvahzLT:beeper.local undefined message upsert $qV8ebtOuZ5fz6TFIr83vNKqGRJpXDrixfbHJseUq9YQ:signal.org 
[log] [2026-04-17T20:22:52.072Z] ↓ state_sync !6sbSDJxDoj0thJvahzLT:beeper.local undefined message upsert $qtaeXhURxYm-CCUUSWBO6g4X3fmw4pxWXY8gbs17ouY:signal.org 
[log] [2026-04-17T20:22:52.072Z] ↓ state_sync !6sbSDJxDoj0thJvahzLT:beeper.local undefined message upsert $7mTZU02PIXvzrPOVobDwE1dCPDhjyXRS5y3p-HFHVuQ:signal.org 
[log] [2026-04-17T20:22:52.073Z] ↓ state_sync !6sbSDJxDoj0thJvahzLT:beeper.local undefined message upsert $Ltm2FpT30IHhGPsEn2V_dll1hLivFiLBOcanfEIH9DM:signal.org 
[log] [2026-04-17T20:22:52.073Z] ↓ state_sync !6sbSDJxDoj0thJvahzLT:beeper.local undefined message upsert $fQcA4R-tPxTPg0yMINwSok1_OTcC9KE-EY1eOYLRt8A:signal.org 
[log] [2026-04-17T20:22:52.073Z] ↓ state_sync !6sbSDJxDoj0thJvahzLT:beeper.local undefined message upsert $oFW3bZrKbHDkuKCsl6r_sAgVTQu3-f34QRYkbDrMFVE:signal.org 
[log] [2026-04-17T20:22:52.073Z] ↓ state_sync !6sbSDJxDoj0thJvahzLT:beeper.local undefined message upsert $e-I9trhkmx79uULkd2POR-vYDt9Pqst3Q2X0P2LzoMA:signal.org 
[log] [2026-04-17T20:22:52.074Z] ↓ state_sync !6sbSDJxDoj0thJvahzLT:beeper.local undefined message upsert $1BTV2RA0-B_kJUxRiUsXpkCbRZ3MQJ4IieFdN5GygmI:signal.org 
[log] [2026-04-17T20:22:52.074Z] ↓ state_sync !6sbSDJxDoj0thJvahzLT:beeper.local undefined message upsert $M89kh65TY77PMzYCtaAkdqQSTvrlWa29mRFY_eyrN_E:signal.org 
[log] [2026-04-17T20:22:52.074Z] ↓ state_sync !6sbSDJxDoj0thJvahzLT:beeper.local undefined message upsert $nV5gadiaB1-HnEIQv-eDG2d1EmvEt476Eu7aKDZOJks:signal.org 
[log] [2026-04-17T20:22:52.074Z] ↓ state_sync !6sbSDJxDoj0thJvahzLT:beeper.local undefined message upsert $yu7lAyHH20hOiP6c72SYQXk1lHi5Q_7cgugZmGqD6j4:signal.org 
[log] [2026-04-17T20:22:52.074Z] ↓ state_sync !6sbSDJxDoj0thJvahzLT:beeper.local undefined message upsert $SzohmWOiXAA1FNxSx0-z2KpR6BMNyMl3b5xHky8dJwE:signal.org 
[log] [2026-04-17T20:22:52.075Z] ↓ state_sync !6sbSDJxDoj0thJvahzLT:beeper.local undefined message upsert $098aWp5JNX1A0Fv8LzWKNZk4Pt9yLUFUwFDKe_jC3qA:signal.org 
[log] [2026-04-17T20:22:52.075Z] ↓ state_sync !6sbSDJxDoj0thJvahzLT:beeper.local undefined message upsert $t40wyLQavFhv3r7ofpqeoeWDDaKOLzcNen_u74EU6Hs:signal.org 
[log] [2026-04-17T20:22:52.075Z] ↓ state_sync !6sbSDJxDoj0thJvahzLT:beeper.local undefined message upsert $Cz_0d8VMm4RIZjjpL8H_oBMaKEKyt0hbnYiSywrbA3Y:signal.org 
[log] [2026-04-17T20:22:52.076Z] ↓ state_sync !6sbSDJxDoj0thJvahzLT:beeper.local undefined message upsert $eSZedvtekqGgyddDDrf0ZuUkk2j-GTs_Vz3IiEokhPY:signal.org 
[log] [2026-04-17T20:22:52.076Z] ↓ state_sync !6sbSDJxDoj0thJvahzLT:beeper.local undefined participant upsert @signal_c67cf175-15a8-466b-bfa7-eaea7c92c332:beeper.local,@beebtw:beeper.com 
[log] [2026-04-17T20:22:52.076Z] ↓ state_sync !6sbSDJxDoj0thJvahzLT:beeper.local undefined participant update  
[log] [2026-04-17T20:22:52.079Z] ↓ state_sync undefined undefined thread upsert !N16QofQATlzYnQxM3RMV:beeper.local 
[log] [2026-04-17T20:22:52.079Z] ↓ state_sync !N16QofQATlzYnQxM3RMV:beeper.local undefined message upsert $z606qucQJ8f16koEpicXq0C2D89zDro0_wV7oka9br4:signal.org 
[error] [2026-04-17T20:22:52.080Z] [ThreadStore][!N16QofQATlzYnQxM3RMV:beeper.local] pushMessages: newestMessageTimestamp is falsy and messages will notify and mark unread 
[log] [2026-04-17T20:22:52.080Z] ↓ state_sync !N16QofQATlzYnQxM3RMV:beeper.local undefined message upsert $O9MsJSA7J8DX7meUpjJkx9EvMkO_QvGXG44jtxxA2bE:signal.org 
[log] [2026-04-17T20:22:52.080Z] ↓ state_sync !N16QofQATlzYnQxM3RMV:beeper.local undefined message upsert $L3J5dgy9nICMKHNLfyPYzMTmplRqpnfkCDqDuajb6zQ:signal.org 
[log] [2026-04-17T20:22:52.080Z] ↓ state_sync !N16QofQATlzYnQxM3RMV:beeper.local undefined message upsert $7XrFpgZAw7k4qld-CLKgXQKZxn1M69c4EiEtBmv0FzQ:signal.org 
[log] [2026-04-17T20:22:52.081Z] ↓ state_sync !N16QofQATlzYnQxM3RMV:beeper.local undefined message upsert $FA580WZxt3GnAgGRNPIpFx8cxgZYsDdeh8ITdyfS9xA:signal.org 
[log] [2026-04-17T20:22:52.081Z] ↓ state_sync !N16QofQATlzYnQxM3RMV:beeper.local undefined message upsert $SpvM6zrURR13khXkNb38iDcTtsqQaAHU_XVj61D1u5I:signal.org 
[log] [2026-04-17T20:22:52.081Z] ↓ state_sync !N16QofQATlzYnQxM3RMV:beeper.local undefined message upsert $koaoN8mUMb-TU2rKXhrthxrJNhPDMAKZ8Wzr37g1Psg:signal.org 
[log] [2026-04-17T20:22:52.082Z] ↓ state_sync !N16QofQATlzYnQxM3RMV:beeper.local undefined message upsert $ykPptdjzk7C8zNTEwcPLMRds4zJ2ncMoxHlCwnSD4VM:signal.org 
[log] [2026-04-17T20:22:52.082Z] ↓ state_sync !N16QofQATlzYnQxM3RMV:beeper.local undefined message upsert $Sdj-cj2VjJSOCD1QjV3LJCRKp2dPA7Gw3jWxmV7H-JE:signal.org 
[log] [2026-04-17T20:22:52.082Z] ↓ state_sync !N16QofQATlzYnQxM3RMV:beeper.local undefined message upsert $F--KPtkpVCMSRnVNuK-dsDYqWWzeU6DTDcbrj7mPK8o:signal.org 
[log] [2026-04-17T20:22:52.082Z] ↓ state_sync !N16QofQATlzYnQxM3RMV:beeper.local undefined message upsert $z6KN8zXgT3dqci5OzVmnk7vH8iTeJBD4htFXgMVmiJ8:signal.org 
[log] [2026-04-17T20:22:52.083Z] ↓ state_sync !N16QofQATlzYnQxM3RMV:beeper.local undefined message upsert $DLXzGZB36zz_ZEvNI3St1wFUHfPgYZ4QSsrnlAX6ZSw:signal.org 
[log] [2026-04-17T20:22:52.083Z] ↓ state_sync !N16QofQATlzYnQxM3RMV:beeper.local undefined message upsert $Xy1L57hWHNNlpRuCQCFehAZXvo9VPkvg1e8RZBI1w6I:signal.org 
[log] [2026-04-17T20:22:52.084Z] ↓ state_sync !N16QofQATlzYnQxM3RMV:beeper.local undefined message upsert $bYTs-fYz97EfmtAcrAfzyykgIac1JBe6yhJQDfT-exo:signal.org 
[log] [2026-04-17T20:22:52.084Z] ↓ state_sync !N16QofQATlzYnQxM3RMV:beeper.local undefined message upsert $GWNKZUi22kQe6W13uC-vUYDhehDgu1GlNm0nOizD6-8:signal.org 
[log] [2026-04-17T20:22:52.084Z] ↓ state_sync !N16QofQATlzYnQxM3RMV:beeper.local undefined message upsert $AfS8zDypU5MGNTOKjJO0rKw4XOxhwyUF7o3qiXBZbmI:signal.org 
[log] [2026-04-17T20:22:52.084Z] ↓ state_sync !N16QofQATlzYnQxM3RMV:beeper.local undefined message upsert $2JMRABN3LYQ0pIFNcg0McRoiR1hC3FOjQBxKIfR_GaI:signal.org 
[log] [2026-04-17T20:22:52.084Z] ↓ state_sync !N16QofQATlzYnQxM3RMV:beeper.local undefined message upsert $tEnRxoFTdQYju7UdoyNnEJ1nWNjXwsUin-PesCumv1k:signal.org 
[log] [2026-04-17T20:22:52.084Z] ↓ state_sync !N16QofQATlzYnQxM3RMV:beeper.local undefined message upsert $Oh0tzN3u9x0Z_gykO3sDFn3-j6PYGI3QwQ-DkfaXTB8:signal.org 
[log] [2026-04-17T20:22:52.085Z] ↓ state_sync !N16QofQATlzYnQxM3RMV:beeper.local undefined message upsert $__5ccn-vzu1OZVQWBGNEYDVC097Tl_b7ON_eSzT5RXo:signal.org 
[log] [2026-04-17T20:22:52.085Z] ↓ state_sync !N16QofQATlzYnQxM3RMV:beeper.local undefined message upsert $UF9cFthzexOkgA26rVr4ubVmxT-xuKdTq6dFAe7kVGU:signal.org 
[log] [2026-04-17T20:22:52.085Z] ↓ state_sync !N16QofQATlzYnQxM3RMV:beeper.local undefined message upsert $dcsPk7CIgmZYhGS6qeEqflOTTVuokMydrRpsRzdwvNY:signal.org 
[log] [2026-04-17T20:22:52.086Z] ↓ state_sync !N16QofQATlzYnQxM3RMV:beeper.local undefined message upsert $YiwQNP1nscVKclfH1z92D0zcNDzk3h_5cVfOKC0mTuc:signal.org 
[log] [2026-04-17T20:22:52.086Z] ↓ state_sync !N16QofQATlzYnQxM3RMV:beeper.local undefined message upsert $Feeol9kwAzgaPjqn1VXN9nBf0Mvedn9WtIwxSTMf73I:signal.org 
[log] [2026-04-17T20:22:52.086Z] ↓ state_sync !N16QofQATlzYnQxM3RMV:beeper.local undefined message upsert $4Tx06Kn-Xni3fVpMqZYnYzqhA4mSubhYsrBP63TBVNA:signal.org 
[log] [2026-04-17T20:22:52.086Z] ↓ state_sync !N16QofQATlzYnQxM3RMV:beeper.local undefined message upsert $M5uAC8GaSIjXvXYhxsahSqMOl0CAUVUPWiB79QTX-jY:signal.org 
[log] [2026-04-17T20:22:52.086Z] ↓ state_sync !N16QofQATlzYnQxM3RMV:beeper.local undefined message upsert $rONnCU4LzZ-NoLCvaw2Wz7odBwz4PwnhaWm4PZdpcB0:signal.org 
[log] [2026-04-17T20:22:52.086Z] ↓ state_sync !N16QofQATlzYnQxM3RMV:beeper.local undefined message upsert $dkeDbw9PqO2ExiTj6xwwBF4w02wJHhEHUlSiO4aE3kg:signal.org 
[log] [2026-04-17T20:22:52.086Z] ↓ state_sync !N16QofQATlzYnQxM3RMV:beeper.local undefined message upsert $TgJLpI0oA8FAYiUzm460szaGXQOBCDOKrSlj_M4Hh_c:signal.org 
[log] [2026-04-17T20:22:52.087Z] ↓ state_sync !N16QofQATlzYnQxM3RMV:beeper.local undefined message upsert $P2YDJGibJrat-NYtb_-I9PLPOs2uFFXfLb4OpwxE6dY:signal.org 
[log] [2026-04-17T20:22:52.087Z] ↓ state_sync !N16QofQATlzYnQxM3RMV:beeper.local undefined message upsert $c1q8lczAllCS3G9jMKrWW8tEz1ozPMCfZZoRMFW8pRw:signal.org 
[log] [2026-04-17T20:22:52.087Z] ↓ state_sync !N16QofQATlzYnQxM3RMV:beeper.local undefined message upsert $CwaS1woHfuztuMWGib3Jb7uUv_tEOVGOehYvfXkfCAA:signal.org 
[log] [2026-04-17T20:22:52.087Z] ↓ state_sync !N16QofQATlzYnQxM3RMV:beeper.local undefined message upsert $-oOE03gWdhI1TGc_OlXKU43_e9nr47e_Y9GhE7iejwM:signal.org 
[log] [2026-04-17T20:22:52.088Z] ↓ state_sync !N16QofQATlzYnQxM3RMV:beeper.local undefined message upsert $IusRYGJo2tCwEnaOa-1_-gIHnmNdZwLnmoXfR6eIcmA:signal.org 
[log] [2026-04-17T20:22:52.088Z] ↓ state_sync !N16QofQATlzYnQxM3RMV:beeper.local undefined message upsert $e9I8z1_r5LqrV6mZxhzhhopC-7DnAoju3Nwj_qDrUuw:signal.org 
[log] [2026-04-17T20:22:52.088Z] ↓ state_sync !N16QofQATlzYnQxM3RMV:beeper.local undefined message upsert $dEfOe0TQfwOXExGPXd9o5RyAS0-tQhEqa3i8_QUVOEk:signal.org 
[log] [2026-04-17T20:22:52.088Z] ↓ state_sync !N16QofQATlzYnQxM3RMV:beeper.local undefined message upsert $u6tVt4oktjuEMTXHvpFO-d2fQvBRa6gCR24QHyLF4HE:signal.org 
[log] [2026-04-17T20:22:52.088Z] ↓ state_sync !N16QofQATlzYnQxM3RMV:beeper.local undefined message upsert $FxCwlOgFJaRi37cSLiEcagecozpyx7M-6ko5p-by9C4:signal.org 
[log] [2026-04-17T20:22:52.088Z] ↓ state_sync !N16QofQATlzYnQxM3RMV:beeper.local undefined message upsert $qzjSfO_AvO9egxnu3bT9DRRPLQuz64_IX4sAKbUayCI:signal.org 
[log] [2026-04-17T20:22:52.089Z] ↓ state_sync !N16QofQATlzYnQxM3RMV:beeper.local undefined message upsert $IXU9e-dOSoYqD__xRMqO_H5pwSKgWt4izcNsG42lQvM:signal.org 
[log] [2026-04-17T20:22:52.089Z] ↓ state_sync !N16QofQATlzYnQxM3RMV:beeper.local undefined message upsert $BUcIWAQZLSCgDIf71ytSNMhB3bAP-erZZE0EWxbLOqk:signal.org 
[log] [2026-04-17T20:22:52.089Z] ↓ state_sync !N16QofQATlzYnQxM3RMV:beeper.local undefined message upsert $tx6i8nHdytH-aC78MC2sMeZKgbqZFMR-JE19Z2h7Jw4:signal.org 
[log] [2026-04-17T20:22:52.089Z] ↓ state_sync !N16QofQATlzYnQxM3RMV:beeper.local undefined message upsert $8Pqxdqym9AxCWgMOWvU502V9FG2ic5-GvCKLY5OBuNk:signal.org 
[log] [2026-04-17T20:22:52.089Z] ↓ state_sync !N16QofQATlzYnQxM3RMV:beeper.local undefined message upsert $LZXYq7gFSuHHRMoEWzFqf94Mv-8CdMDm7CfU52BFc_c:signal.org 
[log] [2026-04-17T20:22:52.090Z] ↓ state_sync !N16QofQATlzYnQxM3RMV:beeper.local undefined message upsert $y7P14XkpjQR9kiJDewuSfJ5Opj9f7TwKFfxZe0UmM98:signal.org 
[log] [2026-04-17T20:22:52.090Z] ↓ state_sync !N16QofQATlzYnQxM3RMV:beeper.local undefined message upsert $QYTKgneyB_EYbT7yN8eeRgqJT5DZt_RjZAcIkwJqXig:signal.org 
[log] [2026-04-17T20:22:52.090Z] ↓ state_sync !N16QofQATlzYnQxM3RMV:beeper.local undefined message upsert $FiJcjt63xzidCNgsiMPnZQaArvfwI4EBvWGWtfVxpCU:signal.org 
[log] [2026-04-17T20:22:52.090Z] ↓ state_sync !N16QofQATlzYnQxM3RMV:beeper.local undefined message upsert $zl8xSF2d3bBRuqDqbjM6dPzlUrXDzsWGyOHkYhhayVo:signal.org 
[log] [2026-04-17T20:22:52.090Z] ↓ state_sync !N16QofQATlzYnQxM3RMV:beeper.local undefined message upsert $ftoPk_GU0KDRNQlLsS6X_x11g5EpCvEk63b_RwMTlhU:signal.org 
[log] [2026-04-17T20:22:52.091Z] ↓ state_sync !N16QofQATlzYnQxM3RMV:beeper.local undefined message upsert $6EYazCpkGJWuhF9n9L9XnDq8pEI8OJFPq9KsuO7UDXs:signal.org 
[log] [2026-04-17T20:22:52.091Z] ↓ state_sync !N16QofQATlzYnQxM3RMV:beeper.local undefined participant upsert @signal_5f3dcb92-ea5d-4ea9-94e6-4ff61e4a2cd8:beeper.local,@beebtw:beeper.com 
[log] [2026-04-17T20:22:52.091Z] ↓ state_sync !N16QofQATlzYnQxM3RMV:beeper.local undefined participant update  
[log] [2026-04-17T20:22:55.070Z] Slow network is detected. See https://www.chromestatus.com/feature/5636954674692096 for more details. Fallback font will be used while loading: file:///tmp/.mount_BeeperzjqrtD/resources/app/build/renderer/TwemojiMozilla-colr-DbgL4jMq.woff2 
[log] [2026-04-17T20:22:55.293Z] ↑ call trackEventBatch {"event":"string:string[11]","properties":"{\"$screen_height\":\"number:1080\",\"$screen_width\":\"number:1920\",\"$window_height\":\"number:1026\",\"$window_width\":\"number:1898\",\"window type\":\"string:string[4]\"}","timestamp":"object:2026-04-17T20:22:50.041Z"},{"event":"string:string[11]","properties":"{\"$screen_height\":\"number:1080\",\"$screen_width\":\"number:1920\",\"$window_height\":\"number:1026\",\"$window_width\":\"number:1898\",\"window type\":\"string:string[5]\"}","timestamp":"object:2026-04-17T20:22:50.630Z"},{"event":"string:string[11]","properties":"{\"$screen_height\":\"number:1080\",\"$screen_width\":\"number:1920\",\"$window_height\":\"number:1026\",\"$window_width\":\"number:1898\",\"window type\":\"string:string[4]\"}","timestamp":"object:2026-04-17T20:22:51.774Z"},{"event":"string:string[11]","properties":"{\"$screen_height\":\"number:1080\",\"$screen_width\":\"number:1920\",\"$window_height\":\"number:1026\",\"$window_width\":\"number:1898\",\"window type\":\"string:string[5]\"}","timestamp":"object:2026-04-17T20:22:53.214Z"},{"event":"string:string[11]","properties":"{\"$screen_height\":\"number:1080\",\"$screen_width\":\"number:1920\",\"$window_height\":\"number:1026\",\"$window_width\":\"number:1898\",\"window type\":\"string:string[4]\"}","timestamp":"object:2026-04-17T20:22:55.004Z"} 
[log] [2026-04-17T20:22:55.307Z] ↓ return beeper trackEventBatch  [15 ms] 
[log] [2026-04-17T20:22:58.935Z] [Action] #1 switchSpace Executing {"source":"Popup Menu","spaceIds":["signal"],"spaceNames":["signal"]} 
[log] [2026-04-17T20:22:58.938Z] [Navigation][inbox-view-change] {"type":"space-filter","value":["signal"],"window":""} 
[log] [2026-04-17T20:22:58.993Z] [Action] #1 switchSpace Completed (58ms) 
[log] [2026-04-17T20:23:00.597Z] ↑ call signal getMessages !6sbSDJxDoj0thJvahzLT:beeper.local,, 
[log] [2026-04-17T20:23:00.599Z] [ThreadStore][!6sbSDJxDoj0thJvahzLT:beeper.local] onThreadSelected: {"unreadCount":0,"isUnread":false,"unreadDividerMessageSortKey":42003,"lastReadMessageSortKey":42003,"isLoadingUnreadMessages":false} 
[log] [2026-04-17T20:23:00.600Z] [Navigation][chat-open] {"roomID":"!6sbSDJxDoj0thJvahzLT:beeper.local","window":""} 
[log] [2026-04-17T20:23:00.602Z] [ThreadStore][!6sbSDJxDoj0thJvahzLT:beeper.local] onThreadSelected: Finished loading messages up to 42003 
[debug] [2026-04-17T20:23:01.268Z] [InboxStore] notifying interested platform about thread being selected: !6sbSDJxDoj0thJvahzLT:beeper.local 
[log] [2026-04-17T20:23:01.268Z] ↑ call signal onThreadSelected !6sbSDJxDoj0thJvahzLT:beeper.local 
[log] [2026-04-17T20:23:01.271Z] ↓ return signal getMessages  [673 ms] 
[debug] [2026-04-17T20:23:01.343Z] [INP] Thread Clicked: 746.60ms 
[log] [2026-04-17T20:23:01.348Z] ↓ return signal onThreadSelected  [81 ms] 
[log] [2026-04-17T20:23:03.994Z] ↑ call trackEventBatch {"event":"string:string[15]","properties":"{\"$screen_height\":\"number:1080\",\"$screen_width\":\"number:1920\",\"$window_height\":\"number:1026\",\"$window_width\":\"number:1898\",\"actionId\":\"string:string[11]\",\"source\":\"string:string[10]\",\"durationMs\":\"number:58\",\"spaceIds\":[\"string:string[6]\"],\"spaceNames\":[\"string:string[6]\"]}","timestamp":"object:2026-04-17T20:22:58.993Z"},{"event":"string:string[14]","properties":"{\"$screen_height\":\"number:1080\",\"$screen_width\":\"number:1920\",\"$window_height\":\"number:1026\",\"$window_width\":\"number:1898\",\"interaction to next paint\":\"number:746.6000000000931\",\"label\":\"string:string[22]\"}","timestamp":"object:2026-04-17T20:23:01.342Z"} 
[log] [2026-04-17T20:23:03.997Z] ↓ return beeper trackEventBatch  [3 ms] 
[log] [2026-04-17T20:23:04.348Z] ↑ call signal sendActivityIndicator typing,!6sbSDJxDoj0thJvahzLT:beeper.local 
[log] [2026-04-17T20:23:04.362Z] ↓ return signal sendActivityIndicator  [13 ms] 
[log] [2026-04-17T20:23:05.867Z] [db] call setThreadProp signal,!6sbSDJxDoj0thJvahzLT:beeper.local,draftJSON,[object Object] 
[log] [2026-04-17T20:23:05.871Z] [db] return from setThreadProp [4 ms] 
[log] [2026-04-17T20:23:07.289Z] RootStore::sendButtonClick signal !6sbSDJxDoj0thJvahzLT:beeper.local 
[log] [2026-04-17T20:23:07.295Z] ↑ call signal sendActivityIndicator none,!6sbSDJxDoj0thJvahzLT:beeper.local 
[log] [2026-04-17T20:23:07.295Z] [db] call setKeyValue lastActivity,[object Object] 
[log] [2026-04-17T20:23:07.301Z] ↑ call generatePendingMessageID string:string[34] 
[log] [2026-04-17T20:23:07.309Z] ↓ return signal sendActivityIndicator  [14 ms] 
[log] [2026-04-17T20:23:07.311Z] [db] return from setKeyValue [14 ms] 
[log] [2026-04-17T20:23:07.311Z] ↓ return beeper generatePendingMessageID  [8 ms] 
[log] [2026-04-17T20:23:07.312Z] [Composer][sendIntent] {"method":"hotkey","txnID":"~beeper-mautrix-go_1776457387302033251_2"} 
[log] [2026-04-17T20:23:07.327Z] [db] call setThreadProp signal,!6sbSDJxDoj0thJvahzLT:beeper.local,pms.~beeper-mautrix-go_1776457387302033251_2,[object Object] 
[log] [2026-04-17T20:23:07.331Z] [db] call deleteThreadProp signal,!6sbSDJxDoj0thJvahzLT:beeper.local,draftAttachments 
[log] [2026-04-17T20:23:07.356Z] [db] call setThreadProp signal,!6sbSDJxDoj0thJvahzLT:beeper.local,draftJSON, 
[log] [2026-04-17T20:23:07.455Z] ThreadStore::sendQueuedMessages send ~beeper-mautrix-go_1776457387302033251_2 
[log] [2026-04-17T20:23:07.456Z] ↑ call signal sendMessage !6sbSDJxDoj0thJvahzLT:beeper.local,[object Object],[object Object] 
[log] [2026-04-17T20:23:07.456Z] [db] return from setThreadProp [130 ms] 
[log] [2026-04-17T20:23:07.456Z] [db] return from deleteThreadProp [125 ms] 
[log] [2026-04-17T20:23:07.459Z] [db] return from setThreadProp [103 ms] 
[log] [2026-04-17T20:23:07.645Z] ↓ return signal sendMessage  [191 ms] 
[log] [2026-04-17T20:23:07.645Z] ThreadStore::sendQueuedMessages onSent ~beeper-mautrix-go_1776457387302033251_2 
[log] [2026-04-17T20:23:07.646Z] [db] call deleteThreadProp signal,!6sbSDJxDoj0thJvahzLT:beeper.local,pms.~beeper-mautrix-go_1776457387302033251_2 
[log] [2026-04-17T20:23:07.648Z] [db] return from deleteThreadProp [2 ms] 
[log] [2026-04-17T20:23:07.694Z] ↓ state_sync !6sbSDJxDoj0thJvahzLT:beeper.local undefined message upsert $qK3utT4FdgOVFgTNX0CADhZhkyqnE7JZ4NWCOktecQs:beeper.local 
[debug] [2026-04-17T20:23:07.696Z] [ThreadStore][!6sbSDJxDoj0thJvahzLT:beeper.local] optimisticMarkAsRead setting unreadCount to 0 (ids: []) 
[debug] [2026-04-17T20:23:07.696Z] [ThreadStore][!6sbSDJxDoj0thJvahzLT:beeper.local] [ReadState][markAsRead][state] read up to message id: 41596, cursor: undefined 
[log] [2026-04-17T20:23:07.696Z] ↑ call signal sendReadReceipt !6sbSDJxDoj0thJvahzLT:beeper.local,41596, 
[log] [2026-04-17T20:23:07.762Z] ↓ state_sync !6sbSDJxDoj0thJvahzLT:beeper.local 41596 message_seen upsert  
[log] [2026-04-17T20:23:07.763Z] ↓ state_sync undefined undefined thread update !6sbSDJxDoj0thJvahzLT:beeper.local 
[log] [2026-04-17T20:23:07.767Z] ↓ state_sync !6sbSDJxDoj0thJvahzLT:beeper.local undefined participant upsert  
[log] [2026-04-17T20:23:07.768Z] ↓ state_sync !6sbSDJxDoj0thJvahzLT:beeper.local undefined participant update  
[log] [2026-04-17T20:23:08.051Z] ↓ return signal sendReadReceipt  [355 ms] 
[log] [2026-04-17T20:23:08.359Z] ↓ state_sync undefined undefined thread update !6sbSDJxDoj0thJvahzLT:beeper.local 
[log] [2026-04-17T20:23:08.361Z] ↓ state_sync !6sbSDJxDoj0thJvahzLT:beeper.local 41596 message_send_status upsert  
[log] [2026-04-17T20:23:08.361Z] ↓ state_sync !6sbSDJxDoj0thJvahzLT:beeper.local undefined participant upsert  
[log] [2026-04-17T20:23:08.361Z] ↓ state_sync !6sbSDJxDoj0thJvahzLT:beeper.local undefined participant update  
[log] [2026-04-17T20:23:08.577Z] ↑ call signal sendActivityIndicator typing,!6sbSDJxDoj0thJvahzLT:beeper.local 
[log] [2026-04-17T20:23:08.587Z] ↓ return signal sendActivityIndicator  [10 ms] 
[log] [2026-04-17T20:23:09.888Z] ↓ state_sync !6sbSDJxDoj0thJvahzLT:beeper.local 41596 message_send_status upsert  
[log] [2026-04-17T20:23:12.455Z] ↑ call trackEventBatch {"event":"string:string[20]","properties":"{\"$screen_height\":\"number:1080\",\"$screen_width\":\"number:1920\",\"$window_height\":\"number:1026\",\"$window_width\":\"number:1898\",\"chat type\":\"string:string[2]\",\"chat id\":\"string:string[34]\",\"bridge account id\":\"string:string[36]\",\"bridge name\":\"string:string[6]\",\"bridge protocol\":\"string:string[6]\",\"message timestamp\":\"number:1776457387326\",\"original message id\":\"string:string[40]\",\"internal message id\":\"string:string[40]\",\"message type\":\"string:string[4]\",\"matrix event id\":\"string:string[0]\",\"platformName\":\"string:string[13]\",\"attachmentSize\":\"number:0\",\"textLength\":\"number:17\",\"quoted\":\"boolean:false\",\"couldHaveLink\":\"boolean:false\",\"couldHaveMention\":\"boolean:false\",\"scheduled\":\"boolean:false\",\"participantCount\":\"number:2\",\"appBootTime\":\"string:string[13]\",\"sleepWakeCount\":\"number:0\",\"uptimeSinceWake\":\"string:string[24]\"}","timestamp":"object:2026-04-17T20:23:07.454Z"},{"event":"string:string[12]","properties":"{\"$screen_height\":\"number:1080\",\"$screen_width\":\"number:1920\",\"$window_height\":\"number:1026\",\"$window_width\":\"number:1898\",\"chat type\":\"string:string[2]\",\"chat id\":\"string:string[34]\",\"bridge account id\":\"string:string[36]\",\"bridge name\":\"string:string[6]\",\"bridge protocol\":\"string:string[6]\",\"message timestamp\":\"number:1776457387522\",\"original message id\":\"string:string[40]\",\"internal message id\":\"string:string[5]\",\"message type\":\"string:string[4]\",\"matrix event id\":\"string:string[57]\",\"platformName\":\"string:string[13]\",\"attachmentSize\":\"number:0\",\"textLength\":\"number:17\",\"quoted\":\"boolean:false\",\"couldHaveLink\":\"boolean:false\",\"couldHaveMention\":\"boolean:false\",\"scheduled\":\"boolean:false\",\"participantCount\":\"number:2\",\"appBootTime\":\"string:string[13]\",\"sleepWakeCount\":\"number:0\",\"uptimeSinceWake\":\"string:string[24]\",\"response time\":\"number:372\"}","timestamp":"object:2026-04-17T20:23:07.698Z"} 
[log] [2026-04-17T20:23:12.457Z] ↓ return beeper trackEventBatch  [3 ms] 
[log] [2026-04-17T20:23:13.403Z] RootStore::sendButtonClick signal !6sbSDJxDoj0thJvahzLT:beeper.local 
[log] [2026-04-17T20:23:13.408Z] ↑ call signal sendActivityIndicator none,!6sbSDJxDoj0thJvahzLT:beeper.local 
[log] [2026-04-17T20:23:13.408Z] [db] call setKeyValue lastActivity,[object Object] 
[log] [2026-04-17T20:23:13.412Z] ↑ call generatePendingMessageID string:string[34] 
[log] [2026-04-17T20:23:13.420Z] ↓ return signal sendActivityIndicator  [11 ms] 
[log] [2026-04-17T20:23:13.420Z] [db] return from setKeyValue [11 ms] 
[log] [2026-04-17T20:23:13.420Z] ↓ return beeper generatePendingMessageID  [8 ms] 
[log] [2026-04-17T20:23:13.420Z] [Composer][sendIntent] {"method":"hotkey","txnID":"~beeper-mautrix-go_1776457393412797789_3"} 
[log] [2026-04-17T20:23:13.429Z] [db] call setThreadProp signal,!6sbSDJxDoj0thJvahzLT:beeper.local,pms.~beeper-mautrix-go_1776457393412797789_3,[object Object] 
[log] [2026-04-17T20:23:13.432Z] [db] call deleteThreadProp signal,!6sbSDJxDoj0thJvahzLT:beeper.local,draftAttachments 
[log] [2026-04-17T20:23:13.458Z] [db] call setThreadProp signal,!6sbSDJxDoj0thJvahzLT:beeper.local,draftJSON, 
[log] [2026-04-17T20:23:13.524Z] ThreadStore::sendQueuedMessages send ~beeper-mautrix-go_1776457393412797789_3 
[log] [2026-04-17T20:23:13.525Z] ↑ call signal sendMessage !6sbSDJxDoj0thJvahzLT:beeper.local,[object Object],[object Object] 
[log] [2026-04-17T20:23:13.525Z] [db] return from setThreadProp [95 ms] 
[log] [2026-04-17T20:23:13.525Z] [db] return from deleteThreadProp [93 ms] 
[log] [2026-04-17T20:23:13.527Z] [db] return from setThreadProp [70 ms] 
[log] [2026-04-17T20:23:13.846Z] ↓ return signal sendMessage  [322 ms] 
[log] [2026-04-17T20:23:13.846Z] ThreadStore::sendQueuedMessages onSent ~beeper-mautrix-go_1776457393412797789_3 
[log] [2026-04-17T20:23:13.848Z] [db] call deleteThreadProp signal,!6sbSDJxDoj0thJvahzLT:beeper.local,pms.~beeper-mautrix-go_1776457393412797789_3 
[log] [2026-04-17T20:23:13.852Z] [db] return from deleteThreadProp [6 ms] 
[log] [2026-04-17T20:23:13.857Z] ↓ state_sync !6sbSDJxDoj0thJvahzLT:beeper.local undefined message upsert $w-UI2WxFFySDcRpXRODWnpU5gRiOxefScBm3TQSY31A:beeper.local 
[debug] [2026-04-17T20:23:13.858Z] [ThreadStore][!6sbSDJxDoj0thJvahzLT:beeper.local] optimisticMarkAsRead setting unreadCount to 0 (ids: []) 
[debug] [2026-04-17T20:23:13.858Z] [ThreadStore][!6sbSDJxDoj0thJvahzLT:beeper.local] [ReadState][markAsRead][state] read up to message id: 41599, cursor: undefined 
[log] [2026-04-17T20:23:13.858Z] ↑ call signal sendReadReceipt !6sbSDJxDoj0thJvahzLT:beeper.local,41599, 
[log] [2026-04-17T20:23:13.923Z] ↓ state_sync !6sbSDJxDoj0thJvahzLT:beeper.local 41599 message_seen upsert  
[log] [2026-04-17T20:23:13.923Z] ↓ state_sync undefined undefined thread update !6sbSDJxDoj0thJvahzLT:beeper.local 
[log] [2026-04-17T20:23:13.928Z] ↓ state_sync !6sbSDJxDoj0thJvahzLT:beeper.local undefined participant upsert  
[log] [2026-04-17T20:23:13.929Z] ↓ state_sync !6sbSDJxDoj0thJvahzLT:beeper.local undefined participant update  
[log] [2026-04-17T20:23:14.121Z] ↑ call signal sendActivityIndicator typing,!6sbSDJxDoj0thJvahzLT:beeper.local 
[log] [2026-04-17T20:23:14.131Z] ↓ return signal sendActivityIndicator  [10 ms] 
[log] [2026-04-17T20:23:14.304Z] ↓ return signal sendReadReceipt  [447 ms] 
[log] [2026-04-17T20:23:14.994Z] ↓ state_sync undefined undefined thread update !6sbSDJxDoj0thJvahzLT:beeper.local 
[log] [2026-04-17T20:23:14.995Z] ↓ state_sync !6sbSDJxDoj0thJvahzLT:beeper.local 41599 message_send_status upsert  
[log] [2026-04-17T20:23:14.995Z] ↓ state_sync !6sbSDJxDoj0thJvahzLT:beeper.local 41596 message_send_status upsert  
[log] [2026-04-17T20:23:14.995Z] ↓ state_sync !6sbSDJxDoj0thJvahzLT:beeper.local 41599 message_send_status upsert  
[log] [2026-04-17T20:23:14.995Z] ↓ state_sync !6sbSDJxDoj0thJvahzLT:beeper.local undefined participant upsert  
[log] [2026-04-17T20:23:14.995Z] ↓ state_sync !6sbSDJxDoj0thJvahzLT:beeper.local undefined participant update  
[log] [2026-04-17T20:23:17.372Z] ↓ state_sync !6sbSDJxDoj0thJvahzLT:beeper.local 41599 message_send_status upsert  
[log] [2026-04-17T20:23:18.524Z] ↑ call trackEventBatch {"event":"string:string[20]","properties":"{\"$screen_height\":\"number:1080\",\"$screen_width\":\"number:1920\",\"$window_height\":\"number:1026\",\"$window_width\":\"number:1898\",\"chat type\":\"string:string[2]\",\"chat id\":\"string:string[34]\",\"bridge account id\":\"string:string[36]\",\"bridge name\":\"string:string[6]\",\"bridge protocol\":\"string:string[6]\",\"message timestamp\":\"number:1776457393428\",\"original message id\":\"string:string[40]\",\"internal message id\":\"string:string[40]\",\"message type\":\"string:string[4]\",\"matrix event id\":\"string:string[0]\",\"platformName\":\"string:string[13]\",\"attachmentSize\":\"number:0\",\"textLength\":\"number:34\",\"quoted\":\"boolean:false\",\"couldHaveLink\":\"boolean:false\",\"couldHaveMention\":\"boolean:false\",\"scheduled\":\"boolean:false\",\"participantCount\":\"number:2\",\"appBootTime\":\"string:string[13]\",\"sleepWakeCount\":\"number:0\",\"uptimeSinceWake\":\"string:string[24]\"}","timestamp":"object:2026-04-17T20:23:13.523Z"},{"event":"string:string[12]","properties":"{\"$screen_height\":\"number:1080\",\"$screen_width\":\"number:1920\",\"$window_height\":\"number:1026\",\"$window_width\":\"number:1898\",\"chat type\":\"string:string[2]\",\"chat id\":\"string:string[34]\",\"bridge account id\":\"string:string[36]\",\"bridge name\":\"string:string[6]\",\"bridge protocol\":\"string:string[6]\",\"message timestamp\":\"number:1776457393679\",\"original message id\":\"string:string[40]\",\"internal message id\":\"string:string[5]\",\"message type\":\"string:string[4]\",\"matrix event id\":\"string:string[57]\",\"platformName\":\"string:string[13]\",\"attachmentSize\":\"number:0\",\"textLength\":\"number:34\",\"quoted\":\"boolean:false\",\"couldHaveLink\":\"boolean:false\",\"couldHaveMention\":\"boolean:false\",\"scheduled\":\"boolean:false\",\"participantCount\":\"number:2\",\"appBootTime\":\"string:string[13]\",\"sleepWakeCount\":\"number:0\",\"uptimeSinceWake\":\"string:string[24]\",\"response time\":\"number:431\"}","timestamp":"object:2026-04-17T20:23:13.859Z"} 
[log] [2026-04-17T20:23:18.525Z] ↓ return beeper trackEventBatch  [2 ms] 
[log] [2026-04-17T20:23:19.122Z] [db] call setThreadProp signal,!6sbSDJxDoj0thJvahzLT:beeper.local,draftJSON,[object Object] 
[log] [2026-04-17T20:23:19.123Z] [db] return from setThreadProp [1 ms] 
[log] [2026-04-17T20:23:21.237Z] ↓ state_sync !6sbSDJxDoj0thJvahzLT:beeper.local 41599 message_seen upsert  
[log] [2026-04-17T20:23:23.131Z] RootStore::sendButtonClick signal !6sbSDJxDoj0thJvahzLT:beeper.local 
[log] [2026-04-17T20:23:23.136Z] ↑ call signal sendActivityIndicator none,!6sbSDJxDoj0thJvahzLT:beeper.local 
[log] [2026-04-17T20:23:23.136Z] [db] call setKeyValue lastActivity,[object Object] 
[log] [2026-04-17T20:23:23.140Z] ↑ call generatePendingMessageID string:string[34] 
[log] [2026-04-17T20:23:23.148Z] ↓ return signal sendActivityIndicator  [11 ms] 
[log] [2026-04-17T20:23:23.148Z] [db] return from setKeyValue [11 ms] 
[log] [2026-04-17T20:23:23.148Z] ↓ return beeper generatePendingMessageID  [8 ms] 
[log] [2026-04-17T20:23:23.148Z] [Composer][sendIntent] {"method":"hotkey","txnID":"~beeper-mautrix-go_1776457403141122624_4"} 
[log] [2026-04-17T20:23:23.149Z] [db] call setThreadProp signal,!6sbSDJxDoj0thJvahzLT:beeper.local,pms.~beeper-mautrix-go_1776457403141122624_4,[object Object] 
[log] [2026-04-17T20:23:23.151Z] [db] call deleteThreadProp signal,!6sbSDJxDoj0thJvahzLT:beeper.local,draftAttachments 
[log] [2026-04-17T20:23:23.183Z] [db] call setThreadProp signal,!6sbSDJxDoj0thJvahzLT:beeper.local,draftJSON, 
[log] [2026-04-17T20:23:23.292Z] ThreadStore::sendQueuedMessages send ~beeper-mautrix-go_1776457403141122624_4 
[log] [2026-04-17T20:23:23.292Z] ↑ call signal sendMessage !6sbSDJxDoj0thJvahzLT:beeper.local,[object Object],[object Object] 
[log] [2026-04-17T20:23:23.293Z] [db] return from setThreadProp [144 ms] 
[log] [2026-04-17T20:23:23.293Z] [db] return from deleteThreadProp [143 ms] 
[log] [2026-04-17T20:23:23.303Z] [db] return from setThreadProp [119 ms] 
[log] [2026-04-17T20:23:23.970Z] ↓ return signal sendMessage  [678 ms] 
[log] [2026-04-17T20:23:23.970Z] ThreadStore::sendQueuedMessages onSent ~beeper-mautrix-go_1776457403141122624_4 
[log] [2026-04-17T20:23:23.970Z] [db] call deleteThreadProp signal,!6sbSDJxDoj0thJvahzLT:beeper.local,pms.~beeper-mautrix-go_1776457403141122624_4 
[log] [2026-04-17T20:23:23.972Z] [db] return from deleteThreadProp [2 ms] 
[log] [2026-04-17T20:23:24.022Z] ↓ state_sync !6sbSDJxDoj0thJvahzLT:beeper.local undefined message upsert $Uo20w3jOpj4VjPrIHcgupizm9l2b9xpC7bZ5zRGwZn4:beeper.local 
[debug] [2026-04-17T20:23:24.022Z] [ThreadStore][!6sbSDJxDoj0thJvahzLT:beeper.local] optimisticMarkAsRead setting unreadCount to 0 (ids: []) 
[debug] [2026-04-17T20:23:24.023Z] [ThreadStore][!6sbSDJxDoj0thJvahzLT:beeper.local] [ReadState][markAsRead][state] read up to message id: 41604, cursor: undefined 
[log] [2026-04-17T20:23:24.023Z] ↑ call signal sendReadReceipt !6sbSDJxDoj0thJvahzLT:beeper.local,41604, 
[log] [2026-04-17T20:23:24.095Z] ↓ state_sync !6sbSDJxDoj0thJvahzLT:beeper.local 41604 message_seen upsert  
[log] [2026-04-17T20:23:24.099Z] ↓ state_sync undefined undefined thread update !6sbSDJxDoj0thJvahzLT:beeper.local 
[log] [2026-04-17T20:23:24.100Z] ↓ state_sync !6sbSDJxDoj0thJvahzLT:beeper.local undefined participant upsert  
[log] [2026-04-17T20:23:24.100Z] ↓ state_sync !6sbSDJxDoj0thJvahzLT:beeper.local undefined participant update  
[log] [2026-04-17T20:23:24.231Z] ↓ return signal sendReadReceipt  [209 ms] 
[log] [2026-04-17T20:23:24.271Z] ↓ state_sync undefined undefined thread update !6sbSDJxDoj0thJvahzLT:beeper.local 
[log] [2026-04-17T20:23:24.273Z] ↓ state_sync !6sbSDJxDoj0thJvahzLT:beeper.local 41604 message_send_status upsert  
[log] [2026-04-17T20:23:24.273Z] ↓ state_sync !6sbSDJxDoj0thJvahzLT:beeper.local undefined participant upsert  
[log] [2026-04-17T20:23:24.273Z] ↓ state_sync !6sbSDJxDoj0thJvahzLT:beeper.local undefined participant update  
[log] [2026-04-17T20:23:24.979Z] ↓ state_sync !6sbSDJxDoj0thJvahzLT:beeper.local 41604 message_send_status upsert  
[log] [2026-04-17T20:23:25.222Z] ↓ state_sync !6sbSDJxDoj0thJvahzLT:beeper.local 41604 message_send_status upsert  
[log] [2026-04-17T20:23:26.470Z] ↑ call signal sendActivityIndicator typing,!6sbSDJxDoj0thJvahzLT:beeper.local 
[log] [2026-04-17T20:23:26.481Z] ↓ return signal sendActivityIndicator  [11 ms] 
[log] [2026-04-17T20:23:26.830Z] Slow network is detected. See https://www.chromestatus.com/feature/5636954674692096 for more details. Fallback font will be used while loading: file:///tmp/.mount_BeeperzjqrtD/resources/app/build/renderer/TwemojiMozilla-colr-DbgL4jMq.woff2 
[log] [2026-04-17T20:23:28.293Z] ↑ call trackEventBatch {"event":"string:string[20]","properties":"{\"$screen_height\":\"number:1080\",\"$screen_width\":\"number:1920\",\"$window_height\":\"number:1026\",\"$window_width\":\"number:1898\",\"chat type\":\"string:string[2]\",\"chat id\":\"string:string[34]\",\"bridge account id\":\"string:string[36]\",\"bridge name\":\"string:string[6]\",\"bridge protocol\":\"string:string[6]\",\"message timestamp\":\"number:1776457403148\",\"original message id\":\"string:string[40]\",\"internal message id\":\"string:string[40]\",\"message type\":\"string:string[4]\",\"matrix event id\":\"string:string[0]\",\"platformName\":\"string:string[13]\",\"attachmentSize\":\"number:0\",\"textLength\":\"number:32\",\"quoted\":\"boolean:false\",\"couldHaveLink\":\"boolean:false\",\"couldHaveMention\":\"boolean:false\",\"scheduled\":\"boolean:false\",\"participantCount\":\"number:2\",\"appBootTime\":\"string:string[13]\",\"sleepWakeCount\":\"number:0\",\"uptimeSinceWake\":\"string:string[24]\"}","timestamp":"object:2026-04-17T20:23:23.292Z"},{"event":"string:string[12]","properties":"{\"$screen_height\":\"number:1080\",\"$screen_width\":\"number:1920\",\"$window_height\":\"number:1026\",\"$window_width\":\"number:1898\",\"chat type\":\"string:string[2]\",\"chat id\":\"string:string[34]\",\"bridge account id\":\"string:string[36]\",\"bridge name\":\"string:string[6]\",\"bridge protocol\":\"string:string[6]\",\"message timestamp\":\"number:1776457403784\",\"original message id\":\"string:string[40]\",\"internal message id\":\"string:string[5]\",\"message type\":\"string:string[4]\",\"matrix event id\":\"string:string[57]\",\"platformName\":\"string:string[13]\",\"attachmentSize\":\"number:0\",\"textLength\":\"number:32\",\"quoted\":\"boolean:false\",\"couldHaveLink\":\"boolean:false\",\"couldHaveMention\":\"boolean:false\",\"scheduled\":\"boolean:false\",\"participantCount\":\"number:2\",\"appBootTime\":\"string:string[13]\",\"sleepWakeCount\":\"number:0\",\"uptimeSinceWake\":\"string:string[24]\",\"response time\":\"number:877\"}","timestamp":"object:2026-04-17T20:23:24.025Z"} 
[log] [2026-04-17T20:23:28.295Z] ↓ return beeper trackEventBatch  [2 ms] 
[log] [2026-04-17T20:23:28.994Z] RootStore::sendButtonClick signal !6sbSDJxDoj0thJvahzLT:beeper.local 
[log] [2026-04-17T20:23:29.002Z] ↑ call signal sendActivityIndicator none,!6sbSDJxDoj0thJvahzLT:beeper.local 
[log] [2026-04-17T20:23:29.003Z] [db] call setKeyValue lastActivity,[object Object] 
[log] [2026-04-17T20:23:29.014Z] ↑ call generatePendingMessageID string:string[34] 
[log] [2026-04-17T20:23:29.021Z] ↓ return signal sendActivityIndicator  [19 ms] 
[log] [2026-04-17T20:23:29.021Z] [db] return from setKeyValue [19 ms] 
[log] [2026-04-17T20:23:29.022Z] ↓ return beeper generatePendingMessageID  [8 ms] 
[log] [2026-04-17T20:23:29.022Z] [Composer][sendIntent] {"method":"hotkey","txnID":"~beeper-mautrix-go_1776457409015120086_5"} 
[log] [2026-04-17T20:23:29.027Z] [db] call setThreadProp signal,!6sbSDJxDoj0thJvahzLT:beeper.local,pms.~beeper-mautrix-go_1776457409015120086_5,[object Object] 
[log] [2026-04-17T20:23:29.031Z] [db] call deleteThreadProp signal,!6sbSDJxDoj0thJvahzLT:beeper.local,draftAttachments 
[log] [2026-04-17T20:23:29.058Z] [db] call setThreadProp signal,!6sbSDJxDoj0thJvahzLT:beeper.local,draftJSON, 
[log] [2026-04-17T20:23:29.124Z] ThreadStore::sendQueuedMessages send ~beeper-mautrix-go_1776457409015120086_5 
[log] [2026-04-17T20:23:29.124Z] ↑ call signal sendMessage !6sbSDJxDoj0thJvahzLT:beeper.local,[object Object],[object Object] 
[log] [2026-04-17T20:23:29.125Z] [db] return from setThreadProp [98 ms] 
[log] [2026-04-17T20:23:29.125Z] [db] return from deleteThreadProp [95 ms] 
[log] [2026-04-17T20:23:29.127Z] [db] return from setThreadProp [69 ms] 
[log] [2026-04-17T20:23:29.337Z] ↓ return signal sendMessage  [213 ms] 
[log] [2026-04-17T20:23:29.337Z] ThreadStore::sendQueuedMessages onSent ~beeper-mautrix-go_1776457409015120086_5 
[log] [2026-04-17T20:23:29.338Z] [db] call deleteThreadProp signal,!6sbSDJxDoj0thJvahzLT:beeper.local,pms.~beeper-mautrix-go_1776457409015120086_5 
[log] [2026-04-17T20:23:29.340Z] [db] return from deleteThreadProp [2 ms] 
[log] [2026-04-17T20:23:29.369Z] ↓ state_sync !6sbSDJxDoj0thJvahzLT:beeper.local undefined message upsert $umzFEEHnoCfg9lvInPnANGhPvMdS5G1NGD8cMgozuww:beeper.local 
[debug] [2026-04-17T20:23:29.370Z] [ThreadStore][!6sbSDJxDoj0thJvahzLT:beeper.local] optimisticMarkAsRead setting unreadCount to 0 (ids: []) 
[debug] [2026-04-17T20:23:29.370Z] [ThreadStore][!6sbSDJxDoj0thJvahzLT:beeper.local] [ReadState][markAsRead][state] read up to message id: 41608, cursor: undefined 
[log] [2026-04-17T20:23:29.370Z] ↑ call signal sendReadReceipt !6sbSDJxDoj0thJvahzLT:beeper.local,41608, 
[log] [2026-04-17T20:23:29.436Z] ↓ state_sync !6sbSDJxDoj0thJvahzLT:beeper.local 41608 message_seen upsert  
[log] [2026-04-17T20:23:29.456Z] ↓ state_sync undefined undefined thread update !6sbSDJxDoj0thJvahzLT:beeper.local 
[log] [2026-04-17T20:23:29.456Z] ↓ state_sync !6sbSDJxDoj0thJvahzLT:beeper.local undefined participant upsert  
[log] [2026-04-17T20:23:29.456Z] ↓ state_sync !6sbSDJxDoj0thJvahzLT:beeper.local undefined participant update  
[log] [2026-04-17T20:23:29.565Z] ↓ return signal sendReadReceipt  [196 ms] 
[log] [2026-04-17T20:23:29.591Z] ↓ state_sync undefined undefined thread update !6sbSDJxDoj0thJvahzLT:beeper.local 
[log] [2026-04-17T20:23:29.592Z] ↓ state_sync !6sbSDJxDoj0thJvahzLT:beeper.local 41608 message_send_status upsert  
[log] [2026-04-17T20:23:29.592Z] ↓ state_sync !6sbSDJxDoj0thJvahzLT:beeper.local undefined participant upsert  
[log] [2026-04-17T20:23:29.592Z] ↓ state_sync !6sbSDJxDoj0thJvahzLT:beeper.local undefined participant update  
[log] [2026-04-17T20:23:30.235Z] ↓ state_sync !6sbSDJxDoj0thJvahzLT:beeper.local 41608 message_send_status upsert  
[log] [2026-04-17T20:23:31.195Z] ↓ state_sync !6sbSDJxDoj0thJvahzLT:beeper.local 41608 message_send_status upsert  
[log] [2026-04-17T20:23:32.842Z] ↓ state_sync !6sbSDJxDoj0thJvahzLT:beeper.local 41599 message_seen delete @signal_c67cf175-15a8-466b-bfa7-eaea7c92c332:beeper.local 
[log] [2026-04-17T20:23:32.843Z] ↓ state_sync !6sbSDJxDoj0thJvahzLT:beeper.local 41608 message_seen upsert  
[log] [2026-04-17T20:23:34.127Z] ↑ call trackEventBatch {"event":"string:string[20]","properties":"{\"$screen_height\":\"number:1080\",\"$screen_width\":\"number:1920\",\"$window_height\":\"number:1026\",\"$window_width\":\"number:1898\",\"chat type\":\"string:string[2]\",\"chat id\":\"string:string[34]\",\"bridge account id\":\"string:string[36]\",\"bridge name\":\"string:string[6]\",\"bridge protocol\":\"string:string[6]\",\"message timestamp\":\"number:1776457409026\",\"original message id\":\"string:string[40]\",\"internal message id\":\"string:string[40]\",\"message type\":\"string:string[4]\",\"matrix event id\":\"string:string[0]\",\"platformName\":\"string:string[13]\",\"attachmentSize\":\"number:0\",\"textLength\":\"number:2\",\"quoted\":\"boolean:false\",\"couldHaveLink\":\"boolean:false\",\"couldHaveMention\":\"boolean:false\",\"scheduled\":\"boolean:false\",\"participantCount\":\"number:2\",\"appBootTime\":\"string:string[13]\",\"sleepWakeCount\":\"number:0\",\"uptimeSinceWake\":\"string:string[24]\"}","timestamp":"object:2026-04-17T20:23:29.124Z"},{"event":"string:string[12]","properties":"{\"$screen_height\":\"number:1080\",\"$screen_width\":\"number:1920\",\"$window_height\":\"number:1026\",\"$window_width\":\"number:1898\",\"chat type\":\"string:string[2]\",\"chat id\":\"string:string[34]\",\"bridge account id\":\"string:string[36]\",\"bridge name\":\"string:string[6]\",\"bridge protocol\":\"string:string[6]\",\"message timestamp\":\"number:1776457409185\",\"original message id\":\"string:string[40]\",\"internal message id\":\"string:string[5]\",\"message type\":\"string:string[4]\",\"matrix event id\":\"string:string[57]\",\"platformName\":\"string:string[13]\",\"attachmentSize\":\"number:0\",\"textLength\":\"number:2\",\"quoted\":\"boolean:false\",\"couldHaveLink\":\"boolean:false\",\"couldHaveMention\":\"boolean:false\",\"scheduled\":\"boolean:false\",\"participantCount\":\"number:2\",\"appBootTime\":\"string:string[13]\",\"sleepWakeCount\":\"number:0\",\"uptimeSinceWake\":\"string:string[24]\",\"response time\":\"number:345\"}","timestamp":"object:2026-04-17T20:23:29.371Z"} 
[log] [2026-04-17T20:23:34.131Z] ↓ return beeper trackEventBatch  [5 ms] 
[log] [2026-04-17T20:23:35.043Z] ↑ call signal sendActivityIndicator typing,!6sbSDJxDoj0thJvahzLT:beeper.local 
[log] [2026-04-17T20:23:35.106Z] ↓ return signal sendActivityIndicator  [64 ms] 
[log] [2026-04-17T20:23:40.044Z] [db] call setThreadProp signal,!6sbSDJxDoj0thJvahzLT:beeper.local,draftJSON,[object Object] 
[log] [2026-04-17T20:23:40.046Z] [db] return from setThreadProp [1 ms] 
[log] [2026-04-17T20:23:41.175Z] RootStore::sendButtonClick signal !6sbSDJxDoj0thJvahzLT:beeper.local 
[log] [2026-04-17T20:23:41.179Z] ↑ call signal sendActivityIndicator none,!6sbSDJxDoj0thJvahzLT:beeper.local 
[log] [2026-04-17T20:23:41.179Z] [db] call setKeyValue lastActivity,[object Object] 
[log] [2026-04-17T20:23:41.183Z] ↑ call generatePendingMessageID string:string[34] 
[log] [2026-04-17T20:23:41.191Z] ↓ return signal sendActivityIndicator  [11 ms] 
[log] [2026-04-17T20:23:41.191Z] [db] return from setKeyValue [11 ms] 
[log] [2026-04-17T20:23:41.191Z] ↓ return beeper generatePendingMessageID  [8 ms] 
[log] [2026-04-17T20:23:41.191Z] [Composer][sendIntent] {"method":"hotkey","txnID":"~beeper-mautrix-go_1776457421183439197_6"} 
[log] [2026-04-17T20:23:41.192Z] [db] call setThreadProp signal,!6sbSDJxDoj0thJvahzLT:beeper.local,pms.~beeper-mautrix-go_1776457421183439197_6,[object Object] 
[log] [2026-04-17T20:23:41.193Z] [db] call deleteThreadProp signal,!6sbSDJxDoj0thJvahzLT:beeper.local,draftAttachments 
[log] [2026-04-17T20:23:41.219Z] [db] call setThreadProp signal,!6sbSDJxDoj0thJvahzLT:beeper.local,draftJSON, 
[log] [2026-04-17T20:23:41.306Z] ThreadStore::sendQueuedMessages send ~beeper-mautrix-go_1776457421183439197_6 
[log] [2026-04-17T20:23:41.306Z] ↑ call signal sendMessage !6sbSDJxDoj0thJvahzLT:beeper.local,[object Object],[object Object] 
[log] [2026-04-17T20:23:41.307Z] [db] return from setThreadProp [115 ms] 
[log] [2026-04-17T20:23:41.307Z] [db] return from deleteThreadProp [114 ms] 
[log] [2026-04-17T20:23:41.322Z] [db] return from setThreadProp [103 ms] 
[log] [2026-04-17T20:23:41.948Z] ↓ return signal sendMessage  [640 ms] 
[log] [2026-04-17T20:23:41.948Z] ThreadStore::sendQueuedMessages onSent ~beeper-mautrix-go_1776457421183439197_6 
[log] [2026-04-17T20:23:41.949Z] [db] call deleteThreadProp signal,!6sbSDJxDoj0thJvahzLT:beeper.local,pms.~beeper-mautrix-go_1776457421183439197_6 
[log] [2026-04-17T20:23:41.954Z] [db] return from deleteThreadProp [7 ms] 
[log] [2026-04-17T20:23:41.985Z] ↓ state_sync !6sbSDJxDoj0thJvahzLT:beeper.local undefined message upsert $VhpN4W__Xo8WIkRaQq-i1iui2v1NP9vsm0IhBBx82Hw:beeper.local 
[debug] [2026-04-17T20:23:41.989Z] [ThreadStore][!6sbSDJxDoj0thJvahzLT:beeper.local] optimisticMarkAsRead setting unreadCount to 0 (ids: []) 
[debug] [2026-04-17T20:23:41.989Z] [ThreadStore][!6sbSDJxDoj0thJvahzLT:beeper.local] [ReadState][markAsRead][state] read up to message id: 41612, cursor: undefined 
[log] [2026-04-17T20:23:41.989Z] ↑ call signal sendReadReceipt !6sbSDJxDoj0thJvahzLT:beeper.local,41612, 
[log] [2026-04-17T20:23:41.991Z] ↓ state_sync !6sbSDJxDoj0thJvahzLT:beeper.local 41612 message_seen upsert  
[log] [2026-04-17T20:23:41.993Z] ↓ state_sync undefined undefined thread update !6sbSDJxDoj0thJvahzLT:beeper.local 
[log] [2026-04-17T20:23:42.064Z] ↓ state_sync !6sbSDJxDoj0thJvahzLT:beeper.local undefined participant upsert  
[log] [2026-04-17T20:23:42.065Z] ↓ state_sync !6sbSDJxDoj0thJvahzLT:beeper.local undefined participant update  
[log] [2026-04-17T20:23:42.231Z] ↓ return signal sendReadReceipt  [244 ms] 
[log] [2026-04-17T20:23:42.286Z] ↓ state_sync undefined undefined thread update !6sbSDJxDoj0thJvahzLT:beeper.local 
[log] [2026-04-17T20:23:42.286Z] ↓ state_sync !6sbSDJxDoj0thJvahzLT:beeper.local 41612 message_send_status upsert  
[log] [2026-04-17T20:23:42.287Z] ↓ state_sync !6sbSDJxDoj0thJvahzLT:beeper.local undefined participant upsert  
[log] [2026-04-17T20:23:42.287Z] ↓ state_sync !6sbSDJxDoj0thJvahzLT:beeper.local undefined participant update  
[log] [2026-04-17T20:23:42.640Z] ↓ state_sync !6sbSDJxDoj0thJvahzLT:beeper.local 41612 message_send_status upsert  
[error] [2026-04-17T20:23:45.314Z] ResizeObserver loop completed with undelivered notifications. 
[log] [2026-04-17T20:23:46.309Z] ↑ call trackEventBatch {"event":"string:string[20]","properties":"{\"$screen_height\":\"number:1080\",\"$screen_width\":\"number:1920\",\"$window_height\":\"number:1026\",\"$window_width\":\"number:1898\",\"chat type\":\"string:string[2]\",\"chat id\":\"string:string[34]\",\"bridge account id\":\"string:string[36]\",\"bridge name\":\"string:string[6]\",\"bridge protocol\":\"string:string[6]\",\"message timestamp\":\"number:1776457421191\",\"original message id\":\"string:string[40]\",\"internal message id\":\"string:string[40]\",\"message type\":\"string:string[4]\",\"matrix event id\":\"string:string[0]\",\"platformName\":\"string:string[13]\",\"attachmentSize\":\"number:0\",\"textLength\":\"number:43\",\"quoted\":\"boolean:true\",\"couldHaveLink\":\"boolean:true\",\"couldHaveMention\":\"boolean:false\",\"scheduled\":\"boolean:false\",\"participantCount\":\"number:2\",\"appBootTime\":\"string:string[13]\",\"sleepWakeCount\":\"number:0\",\"uptimeSinceWake\":\"string:string[24]\"}","timestamp":"object:2026-04-17T20:23:41.306Z"},{"event":"string:string[12]","properties":"{\"$screen_height\":\"number:1080\",\"$screen_width\":\"number:1920\",\"$window_height\":\"number:1026\",\"$window_width\":\"number:1898\",\"chat type\":\"string:string[2]\",\"chat id\":\"string:string[34]\",\"bridge account id\":\"string:string[36]\",\"bridge name\":\"string:string[6]\",\"bridge protocol\":\"string:string[6]\",\"message timestamp\":\"number:1776457421773\",\"original message id\":\"string:string[40]\",\"internal message id\":\"string:string[5]\",\"message type\":\"string:string[4]\",\"matrix event id\":\"string:string[57]\",\"platformName\":\"string:string[13]\",\"attachmentSize\":\"number:0\",\"textLength\":\"number:43\",\"quoted\":\"boolean:true\",\"couldHaveLink\":\"boolean:true\",\"couldHaveMention\":\"boolean:false\",\"scheduled\":\"boolean:false\",\"participantCount\":\"number:2\",\"appBootTime\":\"string:string[13]\",\"sleepWakeCount\":\"number:0\",\"uptimeSinceWake\":\"string:string[24]\",\"response time\":\"number:799\"}","timestamp":"object:2026-04-17T20:23:41.990Z"} 
[log] [2026-04-17T20:23:46.317Z] ↓ return beeper trackEventBatch  [10 ms] 
[log] [2026-04-17T20:23:46.837Z] ↓ state_sync !346qTC7DsvNyMjAu4Shr:beeper.local 37883 message_seen delete @instagramgo_17846569133930509:beeper.local 
[log] [2026-04-17T20:23:46.837Z] ↓ state_sync !346qTC7DsvNyMjAu4Shr:beeper.local 40833 message_seen upsert  
[log] [2026-04-17T20:24:00.291Z] ↓ state_sync !346qTC7DsvNyMjAu4Shr:beeper.local 40833 message_reaction upsert @instagramgo_17846569133930509:beeper.local 
[debug] [2026-04-17T20:24:03.857Z] [InboxStore] notifying interested platform about thread being selected: !6sbSDJxDoj0thJvahzLT:beeper.local 
[log] [2026-04-17T20:24:03.857Z] ↑ call signal onThreadSelected !6sbSDJxDoj0thJvahzLT:beeper.local 
[log] [2026-04-17T20:24:03.858Z] ↓ return signal onThreadSelected  [1 ms] 
[debug] [2026-04-17T20:24:07.707Z] [InboxStore] notifying interested platform about thread being selected: !6sbSDJxDoj0thJvahzLT:beeper.local 
[log] [2026-04-17T20:24:07.707Z] ↑ call signal onThreadSelected !6sbSDJxDoj0thJvahzLT:beeper.local 
[log] [2026-04-17T20:24:07.708Z] ↓ return signal onThreadSelected  [1 ms] 
[log] [2026-04-17T20:24:08.779Z] ↑ call trackEventBatch {"event":"string:string[11]","properties":"{\"$screen_height\":\"number:1080\",\"$screen_width\":\"number:1920\",\"$window_height\":\"number:1026\",\"$window_width\":\"number:1898\",\"window type\":\"string:string[4]\"}","timestamp":"object:2026-04-17T20:24:03.777Z"},{"event":"string:string[11]","properties":"{\"$screen_height\":\"number:1080\",\"$screen_width\":\"number:1920\",\"$window_height\":\"number:1026\",\"$window_width\":\"number:1898\",\"window type\":\"string:string[4]\"}","timestamp":"object:2026-04-17T20:24:07.626Z"} 
[log] [2026-04-17T20:24:08.783Z] ↓ return beeper trackEventBatch  [5 ms] 
[error] [2026-04-17T20:24:09.236Z] requiresDimensionInversion has failed TypeError: Cannot read properties of undefined (reading 'open') 
[log] [2026-04-17T20:24:09.267Z] [db] call setThreadProp signal,!6sbSDJxDoj0thJvahzLT:beeper.local,draftAttachments,[object Object] 
[log] [2026-04-17T20:24:09.288Z] [db] return from setThreadProp [21 ms] 
[log] [2026-04-17T20:24:09.762Z] RootStore::sendButtonClick signal !6sbSDJxDoj0thJvahzLT:beeper.local 
[log] [2026-04-17T20:24:09.762Z] [db] call setKeyValue lastActivity,[object Object] 
[log] [2026-04-17T20:24:09.770Z] ↑ call generatePendingMessageID string:string[34] 
[log] [2026-04-17T20:24:09.770Z] [db] return from setKeyValue [8 ms] 
[log] [2026-04-17T20:24:09.771Z] ↓ return beeper generatePendingMessageID  [1 ms] 
[log] [2026-04-17T20:24:09.771Z] [Composer][sendIntent] {"method":"hotkey","txnID":"~beeper-mautrix-go_1776457449770357684_7"} 
[log] [2026-04-17T20:24:09.772Z] [db] call setThreadProp signal,!6sbSDJxDoj0thJvahzLT:beeper.local,pms.~beeper-mautrix-go_1776457449770357684_7,[object Object] 
[log] [2026-04-17T20:24:09.773Z] [db] call deleteThreadProp signal,!6sbSDJxDoj0thJvahzLT:beeper.local,draftAttachments 
[log] [2026-04-17T20:24:09.775Z] [db] call setThreadProp signal,!6sbSDJxDoj0thJvahzLT:beeper.local,draftJSON, 
[log] [2026-04-17T20:24:09.836Z] ThreadStore::sendQueuedMessages send ~beeper-mautrix-go_1776457449770357684_7 
[log] [2026-04-17T20:24:09.837Z] [db] return from setThreadProp [66 ms] 
[log] [2026-04-17T20:24:09.837Z] [db] return from deleteThreadProp [64 ms] 
[log] [2026-04-17T20:24:09.887Z] [db] return from setThreadProp [111 ms] 
[log] [2026-04-17T20:24:09.914Z] ↑ call signal sendMessage !6sbSDJxDoj0thJvahzLT:beeper.local,[object Object],[object Object] 
[log] [2026-04-17T20:24:10.287Z] ↓ app sync event upload_update 82 [object Object] 
[log] [2026-04-17T20:24:10.774Z] ↓ app sync event upload_update 83 [object Object] 
[log] [2026-04-17T20:24:11.132Z] ↓ return signal sendMessage  [1219 ms] 
[log] [2026-04-17T20:24:11.132Z] ThreadStore::sendQueuedMessages onSent ~beeper-mautrix-go_1776457449770357684_7 
[log] [2026-04-17T20:24:11.132Z] [db] call deleteThreadProp signal,!6sbSDJxDoj0thJvahzLT:beeper.local,pms.~beeper-mautrix-go_1776457449770357684_7 
[log] [2026-04-17T20:24:11.211Z] ↓ state_sync !6sbSDJxDoj0thJvahzLT:beeper.local undefined message upsert $35eEHyvrL0fZsnvzv3IybJPreNB01G6TVHESbE_22t0:beeper.local 
[log] [2026-04-17T20:24:11.216Z] ↓ state_sync !6sbSDJxDoj0thJvahzLT:beeper.local 41616 message_seen upsert  
[log] [2026-04-17T20:24:11.216Z] ↓ state_sync undefined undefined thread update !6sbSDJxDoj0thJvahzLT:beeper.local 
[log] [2026-04-17T20:24:11.216Z] ↓ state_sync !6sbSDJxDoj0thJvahzLT:beeper.local undefined participant upsert  
[log] [2026-04-17T20:24:11.216Z] ↓ state_sync !6sbSDJxDoj0thJvahzLT:beeper.local undefined participant update  
[log] [2026-04-17T20:24:11.337Z] [db] return from deleteThreadProp [204 ms] 
[log] [2026-04-17T20:24:12.202Z] ↓ state_sync !6sbSDJxDoj0thJvahzLT:beeper.local 41616 message_send_status upsert  
[log] [2026-04-17T20:24:12.721Z] ↓ state_sync !6sbSDJxDoj0thJvahzLT:beeper.local 41616 message_send_status upsert  
[log] [2026-04-17T20:24:14.914Z] ↑ call trackEventBatch {"event":"string:string[20]","properties":"{\"$screen_height\":\"number:1080\",\"$screen_width\":\"number:1920\",\"$window_height\":\"number:1026\",\"$window_width\":\"number:1898\",\"chat type\":\"string:string[2]\",\"chat id\":\"string:string[34]\",\"bridge account id\":\"string:string[36]\",\"bridge name\":\"string:string[6]\",\"bridge protocol\":\"string:string[6]\",\"message timestamp\":\"number:1776457449771\",\"original message id\":\"string:string[40]\",\"internal message id\":\"string:string[40]\",\"message type\":\"string:string[4]\",\"matrix event id\":\"string:string[0]\",\"platformName\":\"string:string[13]\",\"attachmentSize\":\"number:16816\",\"textLength\":\"number:0\",\"quoted\":\"boolean:false\",\"couldHaveLink\":\"boolean:false\",\"couldHaveMention\":\"boolean:false\",\"scheduled\":\"boolean:false\",\"participantCount\":\"number:2\",\"appBootTime\":\"string:string[13]\",\"sleepWakeCount\":\"number:0\",\"uptimeSinceWake\":\"string:string[24]\"}","timestamp":"object:2026-04-17T20:24:09.912Z"},{"event":"string:string[12]","properties":"{\"$screen_height\":\"number:1080\",\"$screen_width\":\"number:1920\",\"$window_height\":\"number:1026\",\"$window_width\":\"number:1898\",\"chat type\":\"string:string[2]\",\"chat id\":\"string:string[34]\",\"bridge account id\":\"string:string[36]\",\"bridge name\":\"string:string[6]\",\"bridge protocol\":\"string:string[6]\",\"message timestamp\":\"number:1776457450813\",\"original message id\":\"string:string[40]\",\"internal message id\":\"string:string[5]\",\"message type\":\"string:string[4]\",\"matrix event id\":\"string:string[57]\",\"platformName\":\"string:string[13]\",\"attachmentSize\":\"number:0\",\"textLength\":\"number:0\",\"quoted\":\"boolean:false\",\"couldHaveLink\":\"boolean:false\",\"couldHaveMention\":\"boolean:false\",\"scheduled\":\"boolean:false\",\"participantCount\":\"number:2\",\"appBootTime\":\"string:string[13]\",\"sleepWakeCount\":\"number:0\",\"uptimeSinceWake\":\"string:string[24]\",\"response time\":\"number:1442\"}","timestamp":"object:2026-04-17T20:24:11.213Z"} 
[log] [2026-04-17T20:24:14.915Z] ↓ return beeper trackEventBatch  [2 ms] 
[log] [2026-04-17T20:24:17.395Z] ↓ state_sync !6sbSDJxDoj0thJvahzLT:beeper.local undefined message upsert $xaw63Q-_FMAciFxeEz6fRz4wJXSCb2LPCiYPgE90BZ8:beeper.local 
[log] [2026-04-17T20:24:17.488Z] ↓ state_sync !6sbSDJxDoj0thJvahzLT:beeper.local 41608 message_seen delete @signal_c67cf175-15a8-466b-bfa7-eaea7c92c332:beeper.local 
[log] [2026-04-17T20:24:17.488Z] ↓ state_sync !6sbSDJxDoj0thJvahzLT:beeper.local 41619 message_seen upsert  
[log] [2026-04-17T20:24:17.491Z] ↓ state_sync !6sbSDJxDoj0thJvahzLT:beeper.local undefined participant upsert  
[log] [2026-04-17T20:24:17.491Z] ↓ state_sync !6sbSDJxDoj0thJvahzLT:beeper.local undefined participant update  
[debug] [2026-04-17T20:24:18.467Z] [ThreadStore][!6sbSDJxDoj0thJvahzLT:beeper.local] optimisticMarkAsRead setting unreadCount to 0 (ids: []) 
[debug] [2026-04-17T20:24:18.467Z] [ThreadStore][!6sbSDJxDoj0thJvahzLT:beeper.local] [ReadState][markAsRead][state] read up to message id: 41619, cursor: undefined 
[log] [2026-04-17T20:24:18.467Z] ↑ call signal sendReadReceipt !6sbSDJxDoj0thJvahzLT:beeper.local,41619, 
[log] [2026-04-17T20:24:19.393Z] ↓ return signal sendReadReceipt  [922 ms] 
[log] [2026-04-17T20:24:19.411Z] ↓ state_sync !6sbSDJxDoj0thJvahzLT:beeper.local 41619 message_seen upsert  
[log] [2026-04-17T20:24:19.412Z] ↓ state_sync undefined undefined thread update !6sbSDJxDoj0thJvahzLT:beeper.local 
[log] [2026-04-17T20:24:19.412Z] ↓ state_sync !6sbSDJxDoj0thJvahzLT:beeper.local undefined participant upsert  
[log] [2026-04-17T20:24:19.414Z] ↓ state_sync !6sbSDJxDoj0thJvahzLT:beeper.local undefined participant update  
[log] [2026-04-17T20:24:19.572Z] ↓ state_sync !6sbSDJxDoj0thJvahzLT:beeper.local undefined message upsert $QsXY9ypPzeZEQ26cvzQjzXzxShqQL3vHC7FFcuAuUek:beeper.local 
[debug] [2026-04-17T20:24:19.575Z] [ThreadStore][!6sbSDJxDoj0thJvahzLT:beeper.local] optimisticMarkAsRead setting unreadCount to 0 (ids: []) 
[debug] [2026-04-17T20:24:19.575Z] [ThreadStore][!6sbSDJxDoj0thJvahzLT:beeper.local] [ReadState][markAsRead][state] read up to message id: 41620, cursor: undefined 
[log] [2026-04-17T20:24:19.575Z] ↑ call signal sendReadReceipt !6sbSDJxDoj0thJvahzLT:beeper.local,41620, 
[log] [2026-04-17T20:24:19.947Z] ↓ state_sync !6sbSDJxDoj0thJvahzLT:beeper.local 41619 message_seen delete @signal_c67cf175-15a8-466b-bfa7-eaea7c92c332:beeper.local 
[log] [2026-04-17T20:24:19.949Z] ↓ state_sync !6sbSDJxDoj0thJvahzLT:beeper.local 41620 message_seen upsert  
[log] [2026-04-17T20:24:19.950Z] ↓ state_sync undefined undefined thread update !6sbSDJxDoj0thJvahzLT:beeper.local 
[log] [2026-04-17T20:24:19.981Z] ↓ state_sync !6sbSDJxDoj0thJvahzLT:beeper.local undefined participant upsert  
[log] [2026-04-17T20:24:19.982Z] ↓ state_sync !6sbSDJxDoj0thJvahzLT:beeper.local undefined participant update  
[log] [2026-04-17T20:24:19.982Z] ↓ return signal sendReadReceipt  [408 ms] 
[log] [2026-04-17T20:24:19.982Z] ↓ state_sync !6sbSDJxDoj0thJvahzLT:beeper.local 41620 message_seen upsert  
[log] [2026-04-17T20:24:19.984Z] ↓ state_sync undefined undefined thread update !6sbSDJxDoj0thJvahzLT:beeper.local 
[log] [2026-04-17T20:24:19.984Z] ↓ state_sync undefined undefined thread update !6sbSDJxDoj0thJvahzLT:beeper.local 
[log] [2026-04-17T20:24:19.985Z] ↓ state_sync !6sbSDJxDoj0thJvahzLT:beeper.local undefined participant upsert  
[log] [2026-04-17T20:24:19.985Z] ↓ state_sync !6sbSDJxDoj0thJvahzLT:beeper.local undefined participant update  
[error] [2026-04-17T20:24:20.157Z] ResizeObserver loop completed with undelivered notifications. 
[log] [2026-04-17T20:24:22.347Z] ↑ call signal sendActivityIndicator typing,!6sbSDJxDoj0thJvahzLT:beeper.local 
[log] [2026-04-17T20:24:22.357Z] ↓ return signal sendActivityIndicator  [12 ms] 
[log] [2026-04-17T20:24:25.426Z] ↓ state_sync !6sbSDJxDoj0thJvahzLT:beeper.local 41612 message_send_status upsert  
[log] [2026-04-17T20:24:26.462Z] ↓ state_sync !6sbSDJxDoj0thJvahzLT:beeper.local 41616 message_send_status upsert  
[log] [2026-04-17T20:24:27.347Z] [db] call setThreadProp signal,!6sbSDJxDoj0thJvahzLT:beeper.local,draftJSON,[object Object] 
[log] [2026-04-17T20:24:27.352Z] [db] return from setThreadProp [5 ms] 
[log] [2026-04-17T20:24:31.241Z] RootStore::sendButtonClick signal !6sbSDJxDoj0thJvahzLT:beeper.local 
[log] [2026-04-17T20:24:31.259Z] ↑ call signal sendActivityIndicator none,!6sbSDJxDoj0thJvahzLT:beeper.local 
[log] [2026-04-17T20:24:31.260Z] [db] call setKeyValue lastActivity,[object Object] 
[log] [2026-04-17T20:24:31.270Z] ↑ call generatePendingMessageID string:string[34] 
[log] [2026-04-17T20:24:31.294Z] ↓ return signal sendActivityIndicator  [37 ms] 
[log] [2026-04-17T20:24:31.295Z] [db] return from setKeyValue [36 ms] 
[log] [2026-04-17T20:24:31.296Z] ↓ return beeper generatePendingMessageID  [25 ms] 
[log] [2026-04-17T20:24:31.296Z] [Composer][sendIntent] {"method":"hotkey","txnID":"~beeper-mautrix-go_1776457471272333466_8"} 
[log] [2026-04-17T20:24:31.302Z] [db] call setThreadProp signal,!6sbSDJxDoj0thJvahzLT:beeper.local,pms.~beeper-mautrix-go_1776457471272333466_8,[object Object] 
[log] [2026-04-17T20:24:31.311Z] [db] call deleteThreadProp signal,!6sbSDJxDoj0thJvahzLT:beeper.local,draftAttachments 
[log] [2026-04-17T20:24:31.376Z] [db] call setThreadProp signal,!6sbSDJxDoj0thJvahzLT:beeper.local,draftJSON, 
[log] [2026-04-17T20:24:31.591Z] ThreadStore::sendQueuedMessages send ~beeper-mautrix-go_1776457471272333466_8 
[log] [2026-04-17T20:24:31.592Z] ↑ call signal sendMessage !6sbSDJxDoj0thJvahzLT:beeper.local,[object Object],[object Object] 
[log] [2026-04-17T20:24:31.594Z] [db] return from setThreadProp [291 ms] 
[log] [2026-04-17T20:24:31.597Z] [db] return from deleteThreadProp [283 ms] 
[log] [2026-04-17T20:24:31.620Z] [db] return from setThreadProp [242 ms] 
[log] [2026-04-17T20:24:31.779Z] ↑ call signal sendActivityIndicator typing,!6sbSDJxDoj0thJvahzLT:beeper.local 
[log] [2026-04-17T20:24:31.843Z] ↓ return signal sendActivityIndicator  [64 ms] 
[log] [2026-04-17T20:24:31.994Z] ↓ return signal sendMessage  [402 ms] 
[log] [2026-04-17T20:24:31.995Z] ThreadStore::sendQueuedMessages onSent ~beeper-mautrix-go_1776457471272333466_8 
[log] [2026-04-17T20:24:31.996Z] [db] call deleteThreadProp signal,!6sbSDJxDoj0thJvahzLT:beeper.local,pms.~beeper-mautrix-go_1776457471272333466_8 
[log] [2026-04-17T20:24:32.117Z] [db] return from deleteThreadProp [121 ms] 
[log] [2026-04-17T20:24:32.158Z] ↓ state_sync !6sbSDJxDoj0thJvahzLT:beeper.local undefined message upsert $bKWDyvXzMBszQK5aEPZWEyTPfPHo6QERBRugYwLwSfk:beeper.local 
[debug] [2026-04-17T20:24:32.175Z] [ThreadStore][!6sbSDJxDoj0thJvahzLT:beeper.local] optimisticMarkAsRead setting unreadCount to 0 (ids: []) 
[debug] [2026-04-17T20:24:32.176Z] [ThreadStore][!6sbSDJxDoj0thJvahzLT:beeper.local] [ReadState][markAsRead][state] read up to message id: 41623, cursor: undefined 
[log] [2026-04-17T20:24:32.176Z] ↑ call signal sendReadReceipt !6sbSDJxDoj0thJvahzLT:beeper.local,41623, 
[log] [2026-04-17T20:24:32.201Z] ↓ state_sync !6sbSDJxDoj0thJvahzLT:beeper.local 41623 message_seen upsert  
[log] [2026-04-17T20:24:32.202Z] ↓ state_sync undefined undefined thread update !6sbSDJxDoj0thJvahzLT:beeper.local 
[log] [2026-04-17T20:24:32.204Z] ↓ state_sync !6sbSDJxDoj0thJvahzLT:beeper.local undefined participant upsert  
[log] [2026-04-17T20:24:32.206Z] ↓ state_sync !6sbSDJxDoj0thJvahzLT:beeper.local undefined participant update  
[log] [2026-04-17T20:24:32.438Z] ↓ state_sync !6sbSDJxDoj0thJvahzLT:beeper.local 41623 message_send_status upsert  
[log] [2026-04-17T20:24:32.456Z] ↓ return signal sendReadReceipt  [287 ms] 
[log] [2026-04-17T20:24:32.590Z] ↓ state_sync undefined undefined thread update !6sbSDJxDoj0thJvahzLT:beeper.local 
[log] [2026-04-17T20:24:32.595Z] ↓ state_sync !6sbSDJxDoj0thJvahzLT:beeper.local undefined participant upsert  
[log] [2026-04-17T20:24:32.595Z] ↓ state_sync !6sbSDJxDoj0thJvahzLT:beeper.local undefined participant update  
[log] [2026-04-17T20:24:32.776Z] ↓ state_sync !6sbSDJxDoj0thJvahzLT:beeper.local 41623 message_send_status upsert  
[log] [2026-04-17T20:24:32.975Z] ↓ state_sync !6sbSDJxDoj0thJvahzLT:beeper.local 41620 message_seen delete @signal_c67cf175-15a8-466b-bfa7-eaea7c92c332:beeper.local 
[log] [2026-04-17T20:24:32.977Z] ↓ state_sync !6sbSDJxDoj0thJvahzLT:beeper.local 41623 message_seen upsert  
[log] [2026-04-17T20:24:33.294Z] ↓ state_sync !6sbSDJxDoj0thJvahzLT:beeper.local 41623 message_send_status upsert  
[log] [2026-04-17T20:24:33.307Z] RootStore::sendButtonClick signal !6sbSDJxDoj0thJvahzLT:beeper.local 
[log] [2026-04-17T20:24:33.321Z] ↑ call signal sendActivityIndicator none,!6sbSDJxDoj0thJvahzLT:beeper.local 
[log] [2026-04-17T20:24:33.322Z] [db] call setKeyValue lastActivity,[object Object] 
[log] [2026-04-17T20:24:33.334Z] ↑ call generatePendingMessageID string:string[34] 
[log] [2026-04-17T20:24:33.350Z] ↓ return signal sendActivityIndicator  [29 ms] 
[log] [2026-04-17T20:24:33.351Z] [db] return from setKeyValue [29 ms] 
[log] [2026-04-17T20:24:33.351Z] ↓ return beeper generatePendingMessageID  [18 ms] 
[log] [2026-04-17T20:24:33.352Z] [Composer][sendIntent] {"method":"hotkey","txnID":"~beeper-mautrix-go_1776457473335073813_9"} 
[log] [2026-04-17T20:24:33.354Z] [db] call setThreadProp signal,!6sbSDJxDoj0thJvahzLT:beeper.local,pms.~beeper-mautrix-go_1776457473335073813_9,[object Object] 
[log] [2026-04-17T20:24:33.356Z] [db] call deleteThreadProp signal,!6sbSDJxDoj0thJvahzLT:beeper.local,draftAttachments 
[log] [2026-04-17T20:24:33.404Z] [db] call setThreadProp signal,!6sbSDJxDoj0thJvahzLT:beeper.local,draftJSON, 
[log] [2026-04-17T20:24:33.638Z] ThreadStore::sendQueuedMessages send ~beeper-mautrix-go_1776457473335073813_9 
[log] [2026-04-17T20:24:33.639Z] ↑ call signal sendMessage !6sbSDJxDoj0thJvahzLT:beeper.local,[object Object],[object Object] 
[log] [2026-04-17T20:24:33.639Z] [db] return from setThreadProp [287 ms] 
[log] [2026-04-17T20:24:33.640Z] [db] return from deleteThreadProp [283 ms] 
[log] [2026-04-17T20:24:33.659Z] [db] return from setThreadProp [253 ms] 
[log] [2026-04-17T20:24:33.845Z] ↓ return signal sendMessage  [207 ms] 
[log] [2026-04-17T20:24:33.846Z] ThreadStore::sendQueuedMessages onSent ~beeper-mautrix-go_1776457473335073813_9 
[log] [2026-04-17T20:24:33.846Z] [db] call deleteThreadProp signal,!6sbSDJxDoj0thJvahzLT:beeper.local,pms.~beeper-mautrix-go_1776457473335073813_9 
[log] [2026-04-17T20:24:33.849Z] [db] return from deleteThreadProp [4 ms] 
[log] [2026-04-17T20:24:33.897Z] ↓ state_sync !6sbSDJxDoj0thJvahzLT:beeper.local undefined message upsert $5tdQcdsLYt-JajnJ3i7Zn4CKbUuY4ldnEXj_PEGkYzs:beeper.local 
[debug] [2026-04-17T20:24:33.899Z] [ThreadStore][!6sbSDJxDoj0thJvahzLT:beeper.local] optimisticMarkAsRead setting unreadCount to 0 (ids: []) 
[debug] [2026-04-17T20:24:33.900Z] [ThreadStore][!6sbSDJxDoj0thJvahzLT:beeper.local] [ReadState][markAsRead][state] read up to message id: 41627, cursor: undefined 
[log] [2026-04-17T20:24:33.900Z] ↑ call signal sendReadReceipt !6sbSDJxDoj0thJvahzLT:beeper.local,41627, 
[log] [2026-04-17T20:24:34.066Z] ↓ state_sync !6sbSDJxDoj0thJvahzLT:beeper.local 41627 message_seen upsert  
[log] [2026-04-17T20:24:34.077Z] ↓ state_sync undefined undefined thread update !6sbSDJxDoj0thJvahzLT:beeper.local 
[log] [2026-04-17T20:24:34.079Z] ↓ state_sync !6sbSDJxDoj0thJvahzLT:beeper.local undefined participant upsert  
[log] [2026-04-17T20:24:34.080Z] ↓ state_sync !6sbSDJxDoj0thJvahzLT:beeper.local undefined participant update  
[log] [2026-04-17T20:24:34.178Z] ↓ return signal sendReadReceipt  [279 ms] 
[log] [2026-04-17T20:24:34.190Z] ↓ state_sync undefined undefined thread update !6sbSDJxDoj0thJvahzLT:beeper.local 
[log] [2026-04-17T20:24:34.206Z] ↓ state_sync !6sbSDJxDoj0thJvahzLT:beeper.local 41627 message_send_status upsert  
[log] [2026-04-17T20:24:34.208Z] ↓ state_sync !6sbSDJxDoj0thJvahzLT:beeper.local undefined participant upsert  
[log] [2026-04-17T20:24:34.208Z] ↓ state_sync !6sbSDJxDoj0thJvahzLT:beeper.local undefined participant update  
[log] [2026-04-17T20:24:34.461Z] ↓ state_sync !6sbSDJxDoj0thJvahzLT:beeper.local 41627 message_send_status upsert  
[log] [2026-04-17T20:24:35.459Z] ↓ state_sync !6sbSDJxDoj0thJvahzLT:beeper.local 41623 message_seen delete @signal_c67cf175-15a8-466b-bfa7-eaea7c92c332:beeper.local 
[log] [2026-04-17T20:24:35.460Z] ↓ state_sync !6sbSDJxDoj0thJvahzLT:beeper.local 41627 message_seen upsert  
[log] [2026-04-17T20:24:35.670Z] ↓ state_sync !6sbSDJxDoj0thJvahzLT:beeper.local 41627 message_send_status upsert  
[error] [2026-04-17T20:24:36.040Z] ResizeObserver loop completed with undelivered notifications. 
[log] [2026-04-17T20:24:36.592Z] ↑ call trackEventBatch {"event":"string:string[20]","properties":"{\"$screen_height\":\"number:1080\",\"$screen_width\":\"number:1920\",\"$window_height\":\"number:1026\",\"$window_width\":\"number:1898\",\"chat type\":\"string:string[2]\",\"chat id\":\"string:string[34]\",\"bridge account id\":\"string:string[36]\",\"bridge name\":\"string:string[6]\",\"bridge protocol\":\"string:string[6]\",\"message timestamp\":\"number:1776457471302\",\"original message id\":\"string:string[40]\",\"internal message id\":\"string:string[40]\",\"message type\":\"string:string[4]\",\"matrix event id\":\"string:string[0]\",\"platformName\":\"string:string[13]\",\"attachmentSize\":\"number:0\",\"textLength\":\"number:36\",\"quoted\":\"boolean:false\",\"couldHaveLink\":\"boolean:false\",\"couldHaveMention\":\"boolean:false\",\"scheduled\":\"boolean:false\",\"participantCount\":\"number:2\",\"appBootTime\":\"string:string[13]\",\"sleepWakeCount\":\"number:0\",\"uptimeSinceWake\":\"string:string[24]\"}","timestamp":"object:2026-04-17T20:24:31.591Z"},{"event":"string:string[12]","properties":"{\"$screen_height\":\"number:1080\",\"$screen_width\":\"number:1920\",\"$window_height\":\"number:1026\",\"$window_width\":\"number:1898\",\"chat type\":\"string:string[2]\",\"chat id\":\"string:string[34]\",\"bridge account id\":\"string:string[36]\",\"bridge name\":\"string:string[6]\",\"bridge protocol\":\"string:string[6]\",\"message timestamp\":\"number:1776457471806\",\"original message id\":\"string:string[40]\",\"internal message id\":\"string:string[5]\",\"message type\":\"string:string[4]\",\"matrix event id\":\"string:string[57]\",\"platformName\":\"string:string[13]\",\"attachmentSize\":\"number:0\",\"textLength\":\"number:36\",\"quoted\":\"boolean:false\",\"couldHaveLink\":\"boolean:false\",\"couldHaveMention\":\"boolean:false\",\"scheduled\":\"boolean:false\",\"participantCount\":\"number:2\",\"appBootTime\":\"string:string[13]\",\"sleepWakeCount\":\"number:0\",\"uptimeSinceWake\":\"string:string[24]\",\"response time\":\"number:892\"}","timestamp":"object:2026-04-17T20:24:32.194Z"},{"event":"string:string[20]","properties":"{\"$screen_height\":\"number:1080\",\"$screen_width\":\"number:1920\",\"$window_height\":\"number:1026\",\"$window_width\":\"number:1898\",\"chat type\":\"string:string[2]\",\"chat id\":\"string:string[34]\",\"bridge account id\":\"string:string[36]\",\"bridge name\":\"string:string[6]\",\"bridge protocol\":\"string:string[6]\",\"message timestamp\":\"number:1776457473352\",\"original message id\":\"string:string[40]\",\"internal message id\":\"string:string[40]\",\"message type\":\"string:string[4]\",\"matrix event id\":\"string:string[0]\",\"platformName\":\"string:string[13]\",\"attachmentSize\":\"number:0\",\"textLength\":\"number:11\",\"quoted\":\"boolean:false\",\"couldHaveLink\":\"boolean:false\",\"couldHaveMention\":\"boolean:false\",\"scheduled\":\"boolean:false\",\"participantCount\":\"number:2\",\"appBootTime\":\"string:string[13]\",\"sleepWakeCount\":\"number:0\",\"uptimeSinceWake\":\"string:string[24]\"}","timestamp":"object:2026-04-17T20:24:33.638Z"},{"event":"string:string[12]","properties":"{\"$screen_height\":\"number:1080\",\"$screen_width\":\"number:1920\",\"$window_height\":\"number:1026\",\"$window_width\":\"number:1898\",\"chat type\":\"string:string[2]\",\"chat id\":\"string:string[34]\",\"bridge account id\":\"string:string[36]\",\"bridge name\":\"string:string[6]\",\"bridge protocol\":\"string:string[6]\",\"message timestamp\":\"number:1776457473705\",\"original message id\":\"string:string[40]\",\"internal message id\":\"string:string[5]\",\"message type\":\"string:string[4]\",\"matrix event id\":\"string:string[57]\",\"platformName\":\"string:string[13]\",\"attachmentSize\":\"number:0\",\"textLength\":\"number:11\",\"quoted\":\"boolean:false\",\"couldHaveLink\":\"boolean:false\",\"couldHaveMention\":\"boolean:false\",\"scheduled\":\"boolean:false\",\"participantCount\":\"number:2\",\"appBootTime\":\"string:string[13]\",\"sleepWakeCount\":\"number:0\",\"uptimeSinceWake\":\"string:string[24]\",\"response time\":\"number:553\"}","timestamp":"object:2026-04-17T20:24:33.905Z"} 
[log] [2026-04-17T20:24:36.595Z] ↓ return beeper trackEventBatch  [3 ms] 
[log] [2026-04-17T20:24:36.672Z] ↑ call signal getMessages !N16QofQATlzYnQxM3RMV:beeper.local,, 
[log] [2026-04-17T20:24:36.672Z] [ThreadStore][!N16QofQATlzYnQxM3RMV:beeper.local] onThreadSelected: {"unreadCount":0,"isUnread":false,"unreadDividerMessageSortKey":42063,"lastReadMessageSortKey":42063,"isLoadingUnreadMessages":false} 
[log] [2026-04-17T20:24:36.673Z] [Navigation][chat-open] {"roomID":"!N16QofQATlzYnQxM3RMV:beeper.local","window":""} 
[log] [2026-04-17T20:24:36.674Z] [ThreadStore][!N16QofQATlzYnQxM3RMV:beeper.local] onThreadSelected: Finished loading messages up to 42063 
[debug] [2026-04-17T20:24:36.742Z] [ThreadStore][!N16QofQATlzYnQxM3RMV:beeper.local] [markAsRead] Tried to mark as read up to a message that isn't in memory (41627) 
[debug] [2026-04-17T20:24:37.049Z] [InboxStore] notifying interested platform about thread being selected: !N16QofQATlzYnQxM3RMV:beeper.local 
[log] [2026-04-17T20:24:37.049Z] ↑ call signal onThreadSelected !N16QofQATlzYnQxM3RMV:beeper.local 
[log] [2026-04-17T20:24:37.050Z] ↓ return signal getMessages  [378 ms] 
[debug] [2026-04-17T20:24:37.223Z] [INP] Thread Clicked: 551.90ms 
[log] [2026-04-17T20:24:37.230Z] ↓ return signal onThreadSelected  [181 ms] 
[log] [2026-04-17T20:24:41.715Z] [Action] #2 clearThreadsFilters Executing {"source":"Filter Button"} 
[log] [2026-04-17T20:24:41.716Z] [Navigation][inbox-view-change] {"type":"threads-filter","value":[],"window":""} 
[log] [2026-04-17T20:24:41.726Z] [Action] #2 clearThreadsFilters Completed (11ms) 
[log] [2026-04-17T20:24:41.783Z] [db] call setThreadProp signal,!N16QofQATlzYnQxM3RMV:beeper.local,draftJSON,[object Object] 
[log] [2026-04-17T20:24:41.785Z] [db] return from setThreadProp [2 ms] 
[log] [2026-04-17T20:24:42.227Z] ↑ call trackEventBatch {"event":"string:string[14]","properties":"{\"$screen_height\":\"number:1080\",\"$screen_width\":\"number:1920\",\"$window_height\":\"number:1026\",\"$window_width\":\"number:1898\",\"interaction to next paint\":\"number:551.8999999999069\",\"label\":\"string:string[22]\"}","timestamp":"object:2026-04-17T20:24:37.223Z"},{"event":"string:string[15]","properties":"{\"$screen_height\":\"number:1080\",\"$screen_width\":\"number:1920\",\"$window_height\":\"number:1026\",\"$window_width\":\"number:1898\",\"actionId\":\"string:string[19]\",\"source\":\"string:string[13]\",\"durationMs\":\"number:11\"}","timestamp":"object:2026-04-17T20:24:41.726Z"} 
[log] [2026-04-17T20:24:42.230Z] ↓ return beeper trackEventBatch  [2 ms] 
[log] [2026-04-17T20:24:43.428Z] [ThreadStore][!6sbSDJxDoj0thJvahzLT:beeper.local] onThreadSelected: {"unreadCount":0,"isUnread":false,"lastReadMessageSortKey":42095,"isLoadingUnreadMessages":false} 
[log] [2026-04-17T20:24:43.428Z] [Navigation][chat-open] {"roomID":"!6sbSDJxDoj0thJvahzLT:beeper.local","window":""} 
[log] [2026-04-17T20:24:43.428Z] [ThreadStore][!6sbSDJxDoj0thJvahzLT:beeper.local] onThreadSelected: Finished loading messages up to 42095 
[debug] [2026-04-17T20:24:43.484Z] [ThreadStore][!6sbSDJxDoj0thJvahzLT:beeper.local] [markAsRead] Tried to mark as read up to a message that isn't in memory (41595) 
[debug] [2026-04-17T20:24:43.650Z] [INP] Thread Clicked: 223.40ms 
[debug] [2026-04-17T20:24:43.732Z] [InboxStore] notifying interested platform about thread being selected: !6sbSDJxDoj0thJvahzLT:beeper.local 
[log] [2026-04-17T20:24:43.733Z] ↑ call signal onThreadSelected !6sbSDJxDoj0thJvahzLT:beeper.local 
[log] [2026-04-17T20:24:43.796Z] ↓ return signal onThreadSelected  [64 ms] 
[log] [2026-04-17T20:24:48.522Z] [db] call setThreadProp signal,!6sbSDJxDoj0thJvahzLT:beeper.local,draftJSON,[object Object] 
[log] [2026-04-17T20:24:48.541Z] [db] return from setThreadProp [19 ms] 
[log] [2026-04-17T20:24:48.651Z] ↑ call trackEventBatch {"event":"string:string[14]","properties":"{\"$screen_height\":\"number:1080\",\"$screen_width\":\"number:1920\",\"$window_height\":\"number:1026\",\"$window_width\":\"number:1898\",\"interaction to next paint\":\"number:223.40000000037253\",\"label\":\"string:string[22]\"}","timestamp":"object:2026-04-17T20:24:43.650Z"} 
[log] [2026-04-17T20:24:48.652Z] ↓ return beeper trackEventBatch  [2 ms] 
[log] [2026-04-17T20:24:48.857Z] [ThreadStore][!N16QofQATlzYnQxM3RMV:beeper.local] onThreadSelected: {"unreadCount":0,"isUnread":false,"lastReadMessageSortKey":42063,"isLoadingUnreadMessages":false} 
[log] [2026-04-17T20:24:48.857Z] [Navigation][chat-open] {"roomID":"!N16QofQATlzYnQxM3RMV:beeper.local","window":""} 
[log] [2026-04-17T20:24:48.857Z] [ThreadStore][!N16QofQATlzYnQxM3RMV:beeper.local] onThreadSelected: Finished loading messages up to 42063 
[debug] [2026-04-17T20:24:48.926Z] [ThreadStore][!N16QofQATlzYnQxM3RMV:beeper.local] [markAsRead] Tried to mark as read up to a message that isn't in memory (41627) 
[debug] [2026-04-17T20:24:49.103Z] [INP] Thread Clicked: 247.00ms 
[debug] [2026-04-17T20:24:49.226Z] [InboxStore] notifying interested platform about thread being selected: !N16QofQATlzYnQxM3RMV:beeper.local 
[log] [2026-04-17T20:24:49.227Z] ↑ call signal onThreadSelected !N16QofQATlzYnQxM3RMV:beeper.local 
[log] [2026-04-17T20:24:49.300Z] ↓ return signal onThreadSelected  [70 ms] 
[log] [2026-04-17T20:24:49.888Z] ↑ call signal sendActivityIndicator typing,!N16QofQATlzYnQxM3RMV:beeper.local 
[log] [2026-04-17T20:24:49.897Z] ↓ return signal sendActivityIndicator  [11 ms] 
[log] [2026-04-17T20:24:53.974Z] [db] call setThreadProp signal,!N16QofQATlzYnQxM3RMV:beeper.local,draftJSON,[object Object] 
[log] [2026-04-17T20:24:53.976Z] [db] return from setThreadProp [3 ms] 
[log] [2026-04-17T20:24:54.104Z] ↑ call trackEventBatch {"event":"string:string[14]","properties":"{\"$screen_height\":\"number:1080\",\"$screen_width\":\"number:1920\",\"$window_height\":\"number:1026\",\"$window_width\":\"number:1898\",\"interaction to next paint\":\"number:247\",\"label\":\"string:string[22]\"}","timestamp":"object:2026-04-17T20:24:49.103Z"} 
[log] [2026-04-17T20:24:54.105Z] ↓ return beeper trackEventBatch  [1 ms] 
[log] [2026-04-17T20:24:54.345Z] RootStore::sendButtonClick signal !N16QofQATlzYnQxM3RMV:beeper.local 
[log] [2026-04-17T20:24:54.349Z] ↑ call signal sendActivityIndicator none,!N16QofQATlzYnQxM3RMV:beeper.local 
[log] [2026-04-17T20:24:54.350Z] [db] call setKeyValue lastActivity,[object Object] 
[log] [2026-04-17T20:24:54.353Z] ↑ call generatePendingMessageID string:string[34] 
[log] [2026-04-17T20:24:54.360Z] ↓ return signal sendActivityIndicator  [11 ms] 
[log] [2026-04-17T20:24:54.360Z] [db] return from setKeyValue [11 ms] 
[log] [2026-04-17T20:24:54.360Z] ↓ return beeper generatePendingMessageID  [7 ms] 
[log] [2026-04-17T20:24:54.361Z] [Composer][sendIntent] {"method":"hotkey","txnID":"~beeper-mautrix-go_1776457494354101723_11"} 
[log] [2026-04-17T20:24:54.361Z] [db] call setThreadProp signal,!N16QofQATlzYnQxM3RMV:beeper.local,pms.~beeper-mautrix-go_1776457494354101723_11,[object Object] 
[log] [2026-04-17T20:24:54.368Z] [db] call deleteThreadProp signal,!N16QofQATlzYnQxM3RMV:beeper.local,draftAttachments 
[log] [2026-04-17T20:24:54.393Z] [db] call setThreadProp signal,!N16QofQATlzYnQxM3RMV:beeper.local,draftJSON, 
[log] [2026-04-17T20:24:54.473Z] ThreadStore::sendQueuedMessages send ~beeper-mautrix-go_1776457494354101723_11 
[log] [2026-04-17T20:24:54.473Z] ↑ call signal sendMessage !N16QofQATlzYnQxM3RMV:beeper.local,[object Object],[object Object] 
[log] [2026-04-17T20:24:54.475Z] [db] return from setThreadProp [113 ms] 
[log] [2026-04-17T20:24:54.475Z] [db] return from deleteThreadProp [110 ms] 
[log] [2026-04-17T20:24:54.488Z] [db] return from setThreadProp [94 ms] 
[log] [2026-04-17T20:24:54.679Z] ↓ return signal sendMessage  [205 ms] 
[log] [2026-04-17T20:24:54.680Z] ThreadStore::sendQueuedMessages onSent ~beeper-mautrix-go_1776457494354101723_11 
[log] [2026-04-17T20:24:54.683Z] [db] call deleteThreadProp signal,!N16QofQATlzYnQxM3RMV:beeper.local,pms.~beeper-mautrix-go_1776457494354101723_11 
[log] [2026-04-17T20:24:54.707Z] [db] return from deleteThreadProp [25 ms] 
[log] [2026-04-17T20:24:54.752Z] ↓ state_sync !N16QofQATlzYnQxM3RMV:beeper.local undefined message upsert $gAYX68a6Qzcgjv-0z9O_WFuV9IcMxqzikr-71SUswjI:beeper.local 
[debug] [2026-04-17T20:24:54.755Z] [ThreadStore][!N16QofQATlzYnQxM3RMV:beeper.local] optimisticMarkAsRead setting unreadCount to 0 (ids: []) 
[debug] [2026-04-17T20:24:54.756Z] [ThreadStore][!N16QofQATlzYnQxM3RMV:beeper.local] [ReadState][markAsRead][state] read up to message id: 41631, cursor: undefined 
[log] [2026-04-17T20:24:54.756Z] ↑ call signal sendReadReceipt !N16QofQATlzYnQxM3RMV:beeper.local,41631, 
[log] [2026-04-17T20:24:54.758Z] ↓ state_sync !N16QofQATlzYnQxM3RMV:beeper.local 41631 message_seen upsert  
[log] [2026-04-17T20:24:54.825Z] ↓ state_sync undefined undefined thread update !N16QofQATlzYnQxM3RMV:beeper.local 
[log] [2026-04-17T20:24:54.825Z] ↓ state_sync !N16QofQATlzYnQxM3RMV:beeper.local undefined participant upsert  
[log] [2026-04-17T20:24:54.825Z] ↓ state_sync !N16QofQATlzYnQxM3RMV:beeper.local undefined participant update  
[log] [2026-04-17T20:24:54.980Z] ↓ return signal sendReadReceipt  [224 ms] 
[log] [2026-04-17T20:24:54.997Z] ↓ state_sync !N16QofQATlzYnQxM3RMV:beeper.local 41631 message_send_status upsert  
[log] [2026-04-17T20:24:55.339Z] ↓ state_sync undefined undefined thread update !N16QofQATlzYnQxM3RMV:beeper.local 
[log] [2026-04-17T20:24:55.340Z] ↓ state_sync !N16QofQATlzYnQxM3RMV:beeper.local undefined participant upsert  
[log] [2026-04-17T20:24:55.340Z] ↓ state_sync !N16QofQATlzYnQxM3RMV:beeper.local undefined participant update  
[log] [2026-04-17T20:24:55.757Z] ↓ state_sync !N16QofQATlzYnQxM3RMV:beeper.local 41631 message_send_status upsert  
[log] [2026-04-17T20:24:58.860Z] [Navigation][inbox-view-change] {"type":"threads-filter","value":[],"window":"prefs"} 
[debug] [2026-04-17T20:24:58.860Z] [WindowStateStore::setSelectedThread] Missing thread in a sub-window with sidebar disabled (sortKey: undefined 
[log] [2026-04-17T20:24:58.860Z] [Navigation][settings-nav] {"view":"accounts","window":"prefs"} 
[log] [2026-04-17T20:24:58.860Z] [Navigation][settings-open] {"window":"prefs"} 
[log] [2026-04-17T20:24:58.860Z] [Navigation][settings-nav] {"view":"prefs_general","window":"prefs"} 
[debug] [2026-04-17T20:24:58.921Z] isLockdownModeEnabled false 
[debug] [2026-04-17T20:24:58.921Z] scroller: applying custom scrollbar class according to preferred style of unknown 
[log] [2026-04-17T20:24:59.475Z] ↑ call trackEventBatch {"event":"string:string[20]","properties":"{\"$screen_height\":\"number:1080\",\"$screen_width\":\"number:1920\",\"$window_height\":\"number:1026\",\"$window_width\":\"number:943\",\"chat type\":\"string:string[2]\",\"chat id\":\"string:string[34]\",\"bridge account id\":\"string:string[36]\",\"bridge name\":\"string:string[6]\",\"bridge protocol\":\"string:string[6]\",\"message timestamp\":\"number:1776457494361\",\"original message id\":\"string:string[41]\",\"internal message id\":\"string:string[41]\",\"message type\":\"string:string[4]\",\"matrix event id\":\"string:string[0]\",\"platformName\":\"string:string[13]\",\"attachmentSize\":\"number:0\",\"textLength\":\"number:33\",\"quoted\":\"boolean:false\",\"couldHaveLink\":\"boolean:false\",\"couldHaveMention\":\"boolean:false\",\"scheduled\":\"boolean:false\",\"participantCount\":\"number:2\",\"appBootTime\":\"string:string[13]\",\"sleepWakeCount\":\"number:0\",\"uptimeSinceWake\":\"string:string[24]\"}","timestamp":"object:2026-04-17T20:24:54.473Z"},{"event":"string:string[12]","properties":"{\"$screen_height\":\"number:1080\",\"$screen_width\":\"number:1920\",\"$window_height\":\"number:1026\",\"$window_width\":\"number:943\",\"chat type\":\"string:string[2]\",\"chat id\":\"string:string[34]\",\"bridge account id\":\"string:string[36]\",\"bridge name\":\"string:string[6]\",\"bridge protocol\":\"string:string[6]\",\"message timestamp\":\"number:1776457494537\",\"original message id\":\"string:string[41]\",\"internal message id\":\"string:string[5]\",\"message type\":\"string:string[4]\",\"matrix event id\":\"string:string[57]\",\"platformName\":\"string:string[13]\",\"attachmentSize\":\"number:0\",\"textLength\":\"number:33\",\"quoted\":\"boolean:false\",\"couldHaveLink\":\"boolean:false\",\"couldHaveMention\":\"boolean:false\",\"scheduled\":\"boolean:false\",\"participantCount\":\"number:2\",\"appBootTime\":\"string:string[13]\",\"sleepWakeCount\":\"number:0\",\"uptimeSinceWake\":\"string:string[24]\",\"response time\":\"number:396\"}","timestamp":"object:2026-04-17T20:24:54.757Z"},{"event":"string:string[11]","properties":"{\"$screen_height\":\"number:1080\",\"$screen_width\":\"number:1920\",\"$window_height\":\"number:1026\",\"$window_width\":\"number:943\",\"window type\":\"string:string[5]\"}","timestamp":"object:2026-04-17T20:24:58.919Z"},{"event":"string:string[11]","properties":"{\"$screen_height\":\"number:1080\",\"$screen_width\":\"number:1920\",\"$window_height\":\"number:1026\",\"$window_width\":\"number:943\",\"window type\":\"string:string[5]\"}","timestamp":"object:2026-04-17T20:24:58.919Z"} 
[log] [2026-04-17T20:24:59.476Z] ↓ return beeper trackEventBatch  [2 ms] 
[log] [2026-04-17T20:25:01.607Z] [Navigation][settings-nav] {"view":"prefs_ai","window":"prefs"} 
[log] [2026-04-17T20:25:02.458Z] [Navigation][settings-nav] {"view":"prefs_general","window":"prefs"} 
[log] [2026-04-17T20:25:05.570Z] ↓ state_sync !6sbSDJxDoj0thJvahzLT:beeper.local undefined message upsert $i-iBpw3pfEJdHkEAQwGkhu98yRwhLqU8i2A0H3dJxpo:beeper.local 
[debug] [2026-04-17T20:25:05.571Z] [ThreadStore][!6sbSDJxDoj0thJvahzLT:beeper.local] Incrementing unreadCount to 1 (id: 41634 eventID: $i-iBpw3pfEJdHkEAQwGkhu98yRwhLqU8i2A0H3dJxpo:beeper.local) 
[log] [2026-04-17T20:25:05.578Z] ↓ state_sync !6sbSDJxDoj0thJvahzLT:beeper.local 41627 message_seen delete @signal_c67cf175-15a8-466b-bfa7-eaea7c92c332:beeper.local 
[log] [2026-04-17T20:25:05.579Z] ↓ state_sync !6sbSDJxDoj0thJvahzLT:beeper.local 41634 message_seen upsert  
[log] [2026-04-17T20:25:05.580Z] ↓ state_sync !6sbSDJxDoj0thJvahzLT:beeper.local undefined participant upsert  
[log] [2026-04-17T20:25:05.581Z] ↓ state_sync !6sbSDJxDoj0thJvahzLT:beeper.local undefined participant update  
[log] [2026-04-17T20:25:05.791Z] [Navigation][settings-nav] {"view":"prefs_ui","window":"prefs"} 
[log] [2026-04-17T20:25:10.430Z] ↑ call setAccountData string:string[24],{"ai_language":"string:string[2]","ai_engine":"string:string[12]","after_archive":"string:string[18]","after_toggle_read":"string:string[18]","auto_copy_otp":"boolean:true","auto_play_next_voice_note":"boolean:true","badge_count":"string:string[6]","avatar_read_receipts":"boolean:false","compact_pinned_threads":"boolean:false","debounce_notifications":"number:0","group_message_notifications":"boolean:false","message_request_notifications":"boolean:false","load_iframes_automatically":"boolean:true","sounds_effects_on_messages":"string:string[5]","sound_effect_volume":"number:0.5","mark_read_on_archive":"boolean:true","message_double_click_action":"string:string[5]","message_double_click_reaction":"string:string[2]","message_notifications":"boolean:true","message_previews":"boolean:true","message_timestamps":"boolean:true","notify_for_reactions":"boolean:false","notify_in_focus":"boolean:false","send_online_indicator":"boolean:true","show_space_switcher":"boolean:false","network_icons":"boolean:true","show_inbox_zero_wallpaper":"boolean:true","show_pdf_previews":"boolean:false","show_send_feedback_button":"boolean:true","show_incognito_mode_indicator":"boolean:true","show_typing_indicator":"boolean:true","signature":"string:string[0]","undo_send_delay_ms":"number:0","show_unreads":"boolean:true","compose_up_arrow_action":"string:string[18]","quick_reactions_enabled":"boolean:true","show_reactions_on_selection":"boolean:false","primary_thread_action":"string:string[17]","thread_double_click_action":"string:string[18]","primary_composer_action":"string:string[5]","secondary_composer_action":"string:string[12]","dismiss_reminder_on_incoming_default":"string:string[8]","schedule_submenu_default":"string:string[8]","colorize_network_icons_in_chat_list":"boolean:true","share_analytics":"boolean:true","include_matrix_account_search":"boolean:false","enable_emoji_autocomplete":"boolean:true","auto_send_gifs":"boolean:false","translation_languages":["string:string[2]","string:string[2]","string:string[2]","string:string[2]","string:string[2]","string:string[2]","string:string[2]","string:string[2]","string:string[2]","string:string[2]"],"show_formatting_menu":"boolean:true","emoji_picker_open_on_hover":"boolean:true","always_ask_download_location":"boolean:true","onboarding_tutorial_done":"boolean:true"} 
[log] [2026-04-17T20:25:10.952Z] ↓ return beeper setAccountData  [523 ms] 
[log] [2026-04-17T20:25:11.029Z] ↓ app sync event user_account_data_updated 84 [object Object] 
[log] [2026-04-17T20:25:25.592Z] ↑ call setAccountData string:string[24],{"ai_language":"string:string[2]","ai_engine":"string:string[12]","after_archive":"string:string[18]","after_toggle_read":"string:string[18]","auto_copy_otp":"boolean:true","auto_play_next_voice_note":"boolean:true","badge_count":"string:string[6]","avatar_read_receipts":"boolean:false","compact_pinned_threads":"boolean:false","debounce_notifications":"number:0","group_message_notifications":"boolean:false","message_request_notifications":"boolean:false","load_iframes_automatically":"boolean:true","sounds_effects_on_messages":"string:string[5]","sound_effect_volume":"number:0.5","mark_read_on_archive":"boolean:true","message_double_click_action":"string:string[5]","message_double_click_reaction":"string:string[2]","message_notifications":"boolean:true","message_previews":"boolean:true","message_timestamps":"boolean:true","notify_for_reactions":"boolean:false","notify_in_focus":"boolean:false","send_online_indicator":"boolean:true","show_space_switcher":"boolean:false","network_icons":"boolean:true","show_inbox_zero_wallpaper":"boolean:true","show_pdf_previews":"boolean:false","show_send_feedback_button":"boolean:true","show_incognito_mode_indicator":"boolean:true","show_typing_indicator":"boolean:true","signature":"string:string[0]","undo_send_delay_ms":"number:0","show_unreads":"boolean:true","compose_up_arrow_action":"string:string[18]","quick_reactions_enabled":"boolean:true","show_reactions_on_selection":"boolean:true","primary_thread_action":"string:string[17]","thread_double_click_action":"string:string[18]","primary_composer_action":"string:string[5]","secondary_composer_action":"string:string[12]","dismiss_reminder_on_incoming_default":"string:string[8]","schedule_submenu_default":"string:string[8]","colorize_network_icons_in_chat_list":"boolean:true","share_analytics":"boolean:true","include_matrix_account_search":"boolean:false","enable_emoji_autocomplete":"boolean:true","auto_send_gifs":"boolean:false","translation_languages":["string:string[2]","string:string[2]","string:string[2]","string:string[2]","string:string[2]","string:string[2]","string:string[2]","string:string[2]","string:string[2]","string:string[2]"],"show_formatting_menu":"boolean:true","emoji_picker_open_on_hover":"boolean:true","always_ask_download_location":"boolean:true","onboarding_tutorial_done":"boolean:true"} 
[log] [2026-04-17T20:25:26.267Z] ↓ return beeper setAccountData  [675 ms] 
[log] [2026-04-17T20:25:26.354Z] ↓ app sync event user_account_data_updated 85 [object Object] 
[log] [2026-04-17T20:25:38.773Z] [db] call setKeyValueValue localPrefs,ui_theme,rich-purple 
[log] [2026-04-17T20:25:38.813Z] [db] return from setKeyValueValue [40 ms] 
[log] [2026-04-17T20:25:39.735Z] [db] call setKeyValueValue localPrefs,ui_theme,rich-grey 
[log] [2026-04-17T20:25:39.774Z] [db] return from setKeyValueValue [39 ms] 
[log] [2026-04-17T20:25:40.617Z] [db] call setKeyValueValue localPrefs,ui_theme,rich-red 
[log] [2026-04-17T20:25:40.659Z] [db] return from setKeyValueValue [42 ms] 
[log] [2026-04-17T20:25:41.619Z] [db] call setKeyValueValue localPrefs,ui_theme,monochrome-green 
[log] [2026-04-17T20:25:41.679Z] [db] return from setKeyValueValue [60 ms] 
[log] [2026-04-17T20:25:42.603Z] [db] call setKeyValueValue localPrefs,ui_theme,rich-blue 
[log] [2026-04-17T20:25:42.702Z] [db] return from setKeyValueValue [99 ms] 
[log] [2026-04-17T20:25:43.251Z] [db] call setKeyValueValue localPrefs,ui_theme,rich-red 
[log] [2026-04-17T20:25:43.346Z] [db] return from setKeyValueValue [95 ms] 
[log] [2026-04-17T20:25:44.649Z] [db] call setKeyValueValue localPrefs,ui_theme,monochrome-red 
[log] [2026-04-17T20:25:44.749Z] [db] return from setKeyValueValue [101 ms] 
[log] [2026-04-17T20:25:45.448Z] [db] call setKeyValueValue localPrefs,ui_theme,monochrome-purple 
[log] [2026-04-17T20:25:45.545Z] [db] return from setKeyValueValue [96 ms] 
[log] [2026-04-17T20:25:46.381Z] [db] call setKeyValueValue localPrefs,ui_theme,rich-purple 
[log] [2026-04-17T20:25:46.474Z] [db] return from setKeyValueValue [93 ms] 
[log] [2026-04-17T20:25:48.285Z] [db] call setKeyValueValue localPrefs,ui_theme,monochrome-red 
[log] [2026-04-17T20:25:48.390Z] [db] return from setKeyValueValue [105 ms] 
[log] [2026-04-17T20:25:56.929Z] ↓ state_sync !6sbSDJxDoj0thJvahzLT:beeper.local undefined message upsert $cZdC5i5eqQGq-jvp4EzfCejMSODTac_GGkpecRlwLa0:beeper.local 
[debug] [2026-04-17T20:25:56.930Z] [ThreadStore][!6sbSDJxDoj0thJvahzLT:beeper.local] Incrementing unreadCount to 2 (id: 41635 eventID: $cZdC5i5eqQGq-jvp4EzfCejMSODTac_GGkpecRlwLa0:beeper.local) 
[log] [2026-04-17T20:25:56.934Z] ↓ state_sync !6sbSDJxDoj0thJvahzLT:beeper.local 41634 message_seen delete @signal_c67cf175-15a8-466b-bfa7-eaea7c92c332:beeper.local 
[log] [2026-04-17T20:25:56.934Z] ↓ state_sync !6sbSDJxDoj0thJvahzLT:beeper.local 41635 message_seen upsert  
[log] [2026-04-17T20:25:56.934Z] ↓ state_sync !6sbSDJxDoj0thJvahzLT:beeper.local undefined participant upsert  
[log] [2026-04-17T20:25:56.934Z] ↓ state_sync !6sbSDJxDoj0thJvahzLT:beeper.local undefined participant update  
[error] [2026-04-17T20:25:57.902Z] Uncaught (in promise) IPCError: failed to call async-remote method openPath: Error invoking remote method 'async-remote': reply was never sent 
[log] [2026-04-17T20:26:09.619Z] ↑ call trackEventBatch {"event":"string:string[11]","properties":"{\"$screen_height\":\"number:1080\",\"$screen_width\":\"number:1920\",\"$window_height\":\"number:1026\",\"$window_width\":\"number:624\",\"window type\":\"string:string[5]\"}","timestamp":"object:2026-04-17T20:26:04.617Z"} 
[log] [2026-04-17T20:26:09.621Z] ↓ return beeper trackEventBatch  [2 ms] 
[debug] [2026-04-17T20:26:38.056Z] [InboxStore] notifying interested platform about thread being selected: !N16QofQATlzYnQxM3RMV:beeper.local 
[log] [2026-04-17T20:26:38.057Z] ↑ call signal onThreadSelected !N16QofQATlzYnQxM3RMV:beeper.local 
[log] [2026-04-17T20:26:38.066Z] ↓ return signal onThreadSelected  [11 ms] 
[log] [2026-04-17T20:26:41.073Z] [ThreadStore][!6sbSDJxDoj0thJvahzLT:beeper.local] onThreadSelected: {"unreadCount":2,"isUnread":true,"lastReadMessageSortKey":42095,"isLoadingUnreadMessages":false} 
[log] [2026-04-17T20:26:41.074Z] [Navigation][chat-open] {"roomID":"!6sbSDJxDoj0thJvahzLT:beeper.local","window":""} 
[log] [2026-04-17T20:26:41.076Z] [ThreadStore][!6sbSDJxDoj0thJvahzLT:beeper.local] onThreadSelected: Finished loading messages up to 42095 
[debug] [2026-04-17T20:26:41.203Z] [ThreadStore][!6sbSDJxDoj0thJvahzLT:beeper.local] [markAsRead] Tried to mark as read up to a message that isn't in memory (41631) 
[log] [2026-04-17T20:26:41.294Z] [MessageList][!6sbSDJxDoj0thJvahzLT:beeper.local] scrollToPending: Scrolling to unread divider for sortKey 42095 
[log] [2026-04-17T20:26:41.441Z] ↑ call signal getMessage !6sbSDJxDoj0thJvahzLT:beeper.local,$_LgtGxRjZfu9rjsbS6aVCNmVNIVHaqHYRGL-oLg3Hwk:signal.org 
[debug] [2026-04-17T20:26:41.487Z] [INP] Thread Clicked: 417.20ms 
[log] [2026-04-17T20:26:41.555Z] ↓ return signal getMessage  [115 ms] 
[debug] [2026-04-17T20:26:41.612Z] [InboxStore] notifying interested platform about thread being selected: !6sbSDJxDoj0thJvahzLT:beeper.local 
[log] [2026-04-17T20:26:41.612Z] ↑ call signal onThreadSelected !6sbSDJxDoj0thJvahzLT:beeper.local 
[log] [2026-04-17T20:26:41.725Z] ↓ return signal onThreadSelected  [111 ms] 
[log] [2026-04-17T20:26:41.731Z] ↑ call trackEventBatch {"event":"string:string[11]","properties":"{\"$screen_height\":\"number:1080\",\"$screen_width\":\"number:1920\",\"$window_height\":\"number:1026\",\"$window_width\":\"number:1898\",\"window type\":\"string:string[5]\"}","timestamp":"object:2026-04-17T20:26:36.646Z"},{"event":"string:string[11]","properties":"{\"$screen_height\":\"number:1080\",\"$screen_width\":\"number:1920\",\"$window_height\":\"number:1026\",\"$window_width\":\"number:1898\",\"window type\":\"string:string[4]\"}","timestamp":"object:2026-04-17T20:26:37.908Z"},{"event":"string:string[14]","properties":"{\"$screen_height\":\"number:1080\",\"$screen_width\":\"number:1920\",\"$window_height\":\"number:1026\",\"$window_width\":\"number:1898\",\"interaction to next paint\":\"number:417.20000000018626\",\"label\":\"string:string[22]\"}","timestamp":"object:2026-04-17T20:26:41.487Z"} 
[debug] [2026-04-17T20:26:41.767Z] [ThreadStore][!6sbSDJxDoj0thJvahzLT:beeper.local] optimisticMarkAsRead setting unreadCount to 0 (ids: []) 
[debug] [2026-04-17T20:26:41.767Z] [ThreadStore][!6sbSDJxDoj0thJvahzLT:beeper.local] [ReadState][markAsRead][state] read up to message id: 41635, cursor: undefined 
[log] [2026-04-17T20:26:41.768Z] ↑ call signal sendReadReceipt !6sbSDJxDoj0thJvahzLT:beeper.local,41635, 
[log] [2026-04-17T20:26:41.775Z] ↓ return beeper trackEventBatch  [38 ms] 
[log] [2026-04-17T20:26:42.511Z] ↓ return signal sendReadReceipt  [745 ms] 
[log] [2026-04-17T20:26:42.528Z] ↓ state_sync undefined undefined thread update !6sbSDJxDoj0thJvahzLT:beeper.local 
[log] [2026-04-17T20:26:42.530Z] ↓ state_sync !6sbSDJxDoj0thJvahzLT:beeper.local undefined participant upsert  
[log] [2026-04-17T20:26:42.530Z] ↓ state_sync !6sbSDJxDoj0thJvahzLT:beeper.local undefined participant update  
[log] [2026-04-17T20:26:42.813Z] ↓ state_sync !6sbSDJxDoj0thJvahzLT:beeper.local 41635 message_seen upsert  
[log] [2026-04-17T20:26:42.815Z] ↓ state_sync undefined undefined thread update !6sbSDJxDoj0thJvahzLT:beeper.local 
[log] [2026-04-17T20:26:42.817Z] ↓ state_sync !6sbSDJxDoj0thJvahzLT:beeper.local undefined participant upsert  
[log] [2026-04-17T20:26:42.818Z] ↓ state_sync !6sbSDJxDoj0thJvahzLT:beeper.local undefined participant update  
[log] [2026-04-17T20:26:46.248Z] [db] call setThreadProp signal,!6sbSDJxDoj0thJvahzLT:beeper.local,draftJSON,[object Object] 
[log] [2026-04-17T20:26:46.260Z] [db] return from setThreadProp [12 ms] 
[log] [2026-04-17T20:26:46.324Z] ↑ call signal sendActivityIndicator typing,!6sbSDJxDoj0thJvahzLT:beeper.local 
[log] [2026-04-17T20:26:46.377Z] ↓ return signal sendActivityIndicator  [53 ms] 
[log] [2026-04-17T20:26:48.932Z] RootStore::sendButtonClick signal !6sbSDJxDoj0thJvahzLT:beeper.local 
[log] [2026-04-17T20:26:48.945Z] ↑ call signal sendActivityIndicator none,!6sbSDJxDoj0thJvahzLT:beeper.local 
[log] [2026-04-17T20:26:48.948Z] [db] call setKeyValue lastActivity,[object Object] 
[log] [2026-04-17T20:26:48.951Z] ↑ call generatePendingMessageID string:string[34] 
[log] [2026-04-17T20:26:48.959Z] ↓ return signal sendActivityIndicator  [14 ms] 
[log] [2026-04-17T20:26:48.960Z] [db] return from setKeyValue [13 ms] 
[log] [2026-04-17T20:26:48.960Z] ↓ return beeper generatePendingMessageID  [8 ms] 
[log] [2026-04-17T20:26:48.960Z] [Composer][sendIntent] {"method":"hotkey","txnID":"~beeper-mautrix-go_1776457608952187674_12"} 
[log] [2026-04-17T20:26:48.968Z] [db] call setThreadProp signal,!6sbSDJxDoj0thJvahzLT:beeper.local,pms.~beeper-mautrix-go_1776457608952187674_12,[object Object] 
[log] [2026-04-17T20:26:48.972Z] [db] call deleteThreadProp signal,!6sbSDJxDoj0thJvahzLT:beeper.local,draftAttachments 
[log] [2026-04-17T20:26:49.010Z] [db] call setThreadProp signal,!6sbSDJxDoj0thJvahzLT:beeper.local,draftJSON, 
[log] [2026-04-17T20:26:49.084Z] ThreadStore::sendQueuedMessages send ~beeper-mautrix-go_1776457608952187674_12 
[log] [2026-04-17T20:26:49.085Z] ↑ call signal sendMessage !6sbSDJxDoj0thJvahzLT:beeper.local,[object Object],[object Object] 
[log] [2026-04-17T20:26:49.085Z] [db] return from setThreadProp [118 ms] 
[log] [2026-04-17T20:26:49.085Z] [db] return from deleteThreadProp [114 ms] 
[log] [2026-04-17T20:26:49.124Z] [db] return from setThreadProp [113 ms] 
[log] [2026-04-17T20:26:49.269Z] ↓ return signal sendMessage  [184 ms] 
[log] [2026-04-17T20:26:49.270Z] ThreadStore::sendQueuedMessages onSent ~beeper-mautrix-go_1776457608952187674_12 
[log] [2026-04-17T20:26:49.270Z] [db] call deleteThreadProp signal,!6sbSDJxDoj0thJvahzLT:beeper.local,pms.~beeper-mautrix-go_1776457608952187674_12 
[log] [2026-04-17T20:26:49.299Z] [db] return from deleteThreadProp [29 ms] 
[log] [2026-04-17T20:26:49.319Z] ↓ state_sync !6sbSDJxDoj0thJvahzLT:beeper.local undefined message upsert $6GFqSAyQMlAtF-0dGWWNksmwPGGAsos2yqCxb0e7ero:beeper.local 
[debug] [2026-04-17T20:26:49.320Z] [ThreadStore][!6sbSDJxDoj0thJvahzLT:beeper.local] optimisticMarkAsRead setting unreadCount to 0 (ids: []) 
[debug] [2026-04-17T20:26:49.320Z] [ThreadStore][!6sbSDJxDoj0thJvahzLT:beeper.local] [ReadState][markAsRead][state] read up to message id: 41636, cursor: undefined 
[log] [2026-04-17T20:26:49.321Z] ↑ call signal sendReadReceipt !6sbSDJxDoj0thJvahzLT:beeper.local,41636, 
[log] [2026-04-17T20:26:49.326Z] ↓ state_sync !6sbSDJxDoj0thJvahzLT:beeper.local 41636 message_seen upsert  
[log] [2026-04-17T20:26:49.342Z] ↓ state_sync undefined undefined thread update !6sbSDJxDoj0thJvahzLT:beeper.local 
[log] [2026-04-17T20:26:49.342Z] ↓ state_sync !6sbSDJxDoj0thJvahzLT:beeper.local undefined participant upsert  
[log] [2026-04-17T20:26:49.342Z] ↓ state_sync !6sbSDJxDoj0thJvahzLT:beeper.local undefined participant update  
[log] [2026-04-17T20:26:49.487Z] ↓ state_sync undefined undefined thread update !6sbSDJxDoj0thJvahzLT:beeper.local 
[log] [2026-04-17T20:26:49.488Z] ↓ state_sync !6sbSDJxDoj0thJvahzLT:beeper.local undefined participant upsert  
[log] [2026-04-17T20:26:49.488Z] ↓ state_sync !6sbSDJxDoj0thJvahzLT:beeper.local undefined participant update  
[log] [2026-04-17T20:26:49.595Z] ↓ return signal sendReadReceipt  [274 ms] 
[log] [2026-04-17T20:26:49.704Z] ↓ state_sync !6sbSDJxDoj0thJvahzLT:beeper.local 41636 message_send_status upsert  
[log] [2026-04-17T20:26:53.870Z] ↑ call signal getMessage !6sbSDJxDoj0thJvahzLT:beeper.local,$_LgtGxRjZfu9rjsbS6aVCNmVNIVHaqHYRGL-oLg3Hwk:signal.org 
[log] [2026-04-17T20:26:53.970Z] ↓ return signal getMessage  [100 ms] 
[log] [2026-04-17T20:26:53.991Z] ↑ call signal getMessages !6sbSDJxDoj0thJvahzLT:beeper.local,[object Object], 
[log] [2026-04-17T20:26:53.994Z] ↓ return signal getMessages  [2 ms] 
[log] [2026-04-17T20:26:53.994Z] ↑ call hitEndOfRoom string:string[34] 
[log] [2026-04-17T20:26:54.002Z] ↓ return beeper hitEndOfRoom  [7 ms] 
[log] [2026-04-17T20:26:54.003Z] ↓ app sync event room_pagination_state_updated 86 [object Object] 
[log] [2026-04-17T20:26:54.003Z] ↓ realtime room pagination state updated !6sbSDJxDoj0thJvahzLT:beeper.local 
[log] [2026-04-17T20:26:54.086Z] ↑ call trackEventBatch {"event":"string:string[20]","properties":"{\"$screen_height\":\"number:1080\",\"$screen_width\":\"number:1920\",\"$window_height\":\"number:1026\",\"$window_width\":\"number:1898\",\"chat type\":\"string:string[2]\",\"chat id\":\"string:string[34]\",\"bridge account id\":\"string:string[36]\",\"bridge name\":\"string:string[6]\",\"bridge protocol\":\"string:string[6]\",\"message timestamp\":\"number:1776457608967\",\"original message id\":\"string:string[41]\",\"internal message id\":\"string:string[41]\",\"message type\":\"string:string[4]\",\"matrix event id\":\"string:string[0]\",\"platformName\":\"string:string[13]\",\"attachmentSize\":\"number:0\",\"textLength\":\"number:18\",\"quoted\":\"boolean:true\",\"couldHaveLink\":\"boolean:false\",\"couldHaveMention\":\"boolean:false\",\"scheduled\":\"boolean:false\",\"participantCount\":\"number:2\",\"appBootTime\":\"string:string[13]\",\"sleepWakeCount\":\"number:0\",\"uptimeSinceWake\":\"string:string[24]\"}","timestamp":"object:2026-04-17T20:26:49.084Z"},{"event":"string:string[12]","properties":"{\"$screen_height\":\"number:1080\",\"$screen_width\":\"number:1920\",\"$window_height\":\"number:1026\",\"$window_width\":\"number:1898\",\"chat type\":\"string:string[2]\",\"chat id\":\"string:string[34]\",\"bridge account id\":\"string:string[36]\",\"bridge name\":\"string:string[6]\",\"bridge protocol\":\"string:string[6]\",\"message timestamp\":\"number:1776457609136\",\"original message id\":\"string:string[41]\",\"internal message id\":\"string:string[5]\",\"message type\":\"string:string[4]\",\"matrix event id\":\"string:string[57]\",\"platformName\":\"string:string[13]\",\"attachmentSize\":\"number:0\",\"textLength\":\"number:18\",\"quoted\":\"boolean:true\",\"couldHaveLink\":\"boolean:false\",\"couldHaveMention\":\"boolean:false\",\"scheduled\":\"boolean:false\",\"participantCount\":\"number:2\",\"appBootTime\":\"string:string[13]\",\"sleepWakeCount\":\"number:0\",\"uptimeSinceWake\":\"string:string[24]\",\"response time\":\"number:357\"}","timestamp":"object:2026-04-17T20:26:49.324Z"} 
[log] [2026-04-17T20:26:54.091Z] ↓ return beeper trackEventBatch  [6 ms] 
[log] [2026-04-17T20:26:54.208Z] ↑ call signal getMessages !6sbSDJxDoj0thJvahzLT:beeper.local,[object Object], 
[log] [2026-04-17T20:26:54.242Z] ↓ return signal getMessages  [31 ms] 
[log] [2026-04-17T20:26:54.643Z] ↑ call signal getMessages !6sbSDJxDoj0thJvahzLT:beeper.local,[object Object], 
[log] [2026-04-17T20:26:54.655Z] ↓ return signal getMessages  [15 ms] 
[log] [2026-04-17T20:26:55.008Z] ↓ app sync event room_pagination_state_updated 87 [object Object] 
[log] [2026-04-17T20:26:55.009Z] ↓ realtime room pagination state updated  
[log] [2026-04-17T20:26:55.009Z] ↑ call signal getMessages !6sbSDJxDoj0thJvahzLT:beeper.local,, 
[log] [2026-04-17T20:26:55.108Z] ↓ return signal getMessages  [99 ms] 
[log] [2026-04-17T20:26:56.564Z] ↓ state_sync !6sbSDJxDoj0thJvahzLT:beeper.local 41636 message_send_status upsert  
[log] [2026-04-17T20:26:57.491Z] ↑ call signal getMessage !6sbSDJxDoj0thJvahzLT:beeper.local,$_LgtGxRjZfu9rjsbS6aVCNmVNIVHaqHYRGL-oLg3Hwk:signal.org 
[log] [2026-04-17T20:26:57.579Z] ↓ return signal getMessage  [88 ms] 
[log] [2026-04-17T20:26:57.606Z] ↑ call signal getMessages !6sbSDJxDoj0thJvahzLT:beeper.local,[object Object], 
[log] [2026-04-17T20:26:57.612Z] ↓ return signal getMessages  [6 ms] 
[log] [2026-04-17T20:26:57.820Z] ↑ call signal getMessages !6sbSDJxDoj0thJvahzLT:beeper.local,[object Object], 
[log] [2026-04-17T20:26:57.903Z] ↓ return signal getMessages  [83 ms] 
[log] [2026-04-17T20:26:57.905Z] ↑ call hitEndOfRoom string:string[34] 
[log] [2026-04-17T20:26:57.933Z] ↓ app sync event room_pagination_state_updated 88 [object Object] 
[log] [2026-04-17T20:26:57.933Z] ↓ realtime room pagination state updated !6sbSDJxDoj0thJvahzLT:beeper.local 
[log] [2026-04-17T20:26:57.952Z] ↓ return beeper hitEndOfRoom  [48 ms] 
[log] [2026-04-17T20:26:58.156Z] ↑ call signal getMessages !6sbSDJxDoj0thJvahzLT:beeper.local,[object Object], 
[log] [2026-04-17T20:26:58.159Z] ↓ return signal getMessages  [3 ms] 
[log] [2026-04-17T20:26:58.560Z] ↑ call signal getMessages !6sbSDJxDoj0thJvahzLT:beeper.local,[object Object], 
[log] [2026-04-17T20:26:58.575Z] ↓ return signal getMessages  [14 ms] 
[log] [2026-04-17T20:26:59.038Z] ↓ app sync event room_pagination_state_updated 89 [object Object] 
[log] [2026-04-17T20:26:59.038Z] ↓ realtime room pagination state updated  
[log] [2026-04-17T20:26:59.038Z] ↑ call signal getMessages !6sbSDJxDoj0thJvahzLT:beeper.local,, 
[log] [2026-04-17T20:26:59.187Z] ↓ return signal getMessages  [149 ms] 
[log] [2026-04-17T20:26:59.341Z] ↑ call signal getMessage !6sbSDJxDoj0thJvahzLT:beeper.local,41734 
[log] [2026-04-17T20:26:59.400Z] ↓ return signal getMessage  [60 ms] 
[log] [2026-04-17T20:26:59.461Z] ↑ call signal getMessages !6sbSDJxDoj0thJvahzLT:beeper.local,[object Object], 
[log] [2026-04-17T20:26:59.469Z] ↓ return signal getMessages  [8 ms] 
[log] [2026-04-17T20:26:59.469Z] ↑ call hitEndOfRoom string:string[34] 
[log] [2026-04-17T20:26:59.478Z] ↓ app sync event room_pagination_state_updated 90 [object Object] 
[log] [2026-04-17T20:26:59.479Z] ↓ realtime room pagination state updated !6sbSDJxDoj0thJvahzLT:beeper.local 
[log] [2026-04-17T20:26:59.482Z] ↓ return beeper hitEndOfRoom  [13 ms] 
[log] [2026-04-17T20:27:00.636Z] ↓ app sync event room_pagination_state_updated 91 [object Object] 
[log] [2026-04-17T20:27:00.636Z] ↓ realtime room pagination state updated  
[log] [2026-04-17T20:27:00.636Z] ↑ call signal getMessages !6sbSDJxDoj0thJvahzLT:beeper.local,, 
[log] [2026-04-17T20:27:00.798Z] ↓ return signal getMessages  [162 ms] 
[log] [2026-04-17T20:27:02.867Z] [RootStore] quitAndUpdate 
[log] [2026-04-17T20:27:09.054Z] [db] call waitForInit  
[log] [2026-04-17T20:27:09.055Z] waiting 5ms for PAS ws endpoint ws://127.0.0.1:40563/e554daced877cda521825cbaf29c37bb/cbor 
[log] [2026-04-17T20:27:09.055Z] You're running Beeper v4.2.742 on linux 6.19.11-arch1-1 x64 (server env: production) 
[log] [2026-04-17T20:27:09.076Z] waiting 5ms for PAS ws endpoint ws://127.0.0.1:40563/e554daced877cda521825cbaf29c37bb/cbor 
[log] [2026-04-17T20:27:09.077Z] waiting 5ms for PAS ws endpoint ws://127.0.0.1:40563/e554daced877cda521825cbaf29c37bb/cbor 
[log] [2026-04-17T20:27:09.103Z] [db] return from waitForInit [49 ms] 
[log] [2026-04-17T20:27:09.103Z] [db] call getAllKeyValuesRequiredAtAppStart  
[log] [2026-04-17T20:27:09.104Z] [db] call getAllTextsAccounts  
[log] [2026-04-17T20:27:09.104Z] [db] call getLabelThreads  
[log] [2026-04-17T20:27:09.114Z] [db] return from getAllKeyValuesRequiredAtAppStart [11 ms] 
[log] [2026-04-17T20:27:09.122Z] [db] return from getAllTextsAccounts [16 ms] 
[log] [2026-04-17T20:27:09.122Z] [db] return from getLabelThreads [16 ms] 
[log] [2026-04-17T20:27:09.143Z] BeeperClientStore#state {"user_id":"string:string[18]","device_id":"string:string[10]","access_token":"string:string[40]","homeserver":"string:string[26]","verified":"boolean:true","subscription_required":"boolean:false","secret_storage":"boolean:true","cross_signing":"boolean:true","secrets":"{\"master_key\":\"boolean:true\",\"self_signing_key\":\"boolean:true\",\"user_signing_key\":\"boolean:true\",\"megolm_backup_key\":\"boolean:true\",\"recovery_code\":\"boolean:true\"}","key_backup":"boolean:true","initialized":"boolean:false","early_initialized":"boolean:true","first_sync_done":"boolean:true","has_backed_up_code":"boolean:true","recovery_code_generated_at":"number:1773775492192","crypto_reset_required":"boolean:false","crashed":"boolean:false"} 
[log] [2026-04-17T20:27:09.146Z] [db] call getScheduledMessages  
[log] [2026-04-17T20:27:09.150Z] initial bridged accounts hungryserv, instagramgo, signal initialEnabledAccountsCount: 3, initialSavedAccountsCount: 3 
[log] [2026-04-17T20:27:09.150Z] initial platform sdk accounts  
[log] [2026-04-17T20:27:09.167Z] [Navigation][inbox-view-change] {"type":"threads-filter","value":[],"window":""} 
[debug] [2026-04-17T20:27:09.171Z] Event: app-launched — [object Object] 
[log] [2026-04-17T20:27:09.171Z] [db] call setKeyValue launchCount,14 
[log] [2026-04-17T20:27:09.183Z] ↑ call beeper-api subscribeToAppEvents 
[log] [2026-04-17T20:27:09.185Z] ↑ call getFeatures {} 
[log] [2026-04-17T20:27:09.185Z] ↑ call getAppManifest {} 
[log] [2026-04-17T20:27:09.185Z] ↑ call getSDKBuildInfo {} 
[log] [2026-04-17T20:27:09.186Z] ↑ call hungryserv init [object Object],[object Object], 
[log] [2026-04-17T20:27:09.186Z] ↑ call instagramgo init [object Object],[object Object], 
[log] [2026-04-17T20:27:09.188Z] ↑ call signal init [object Object],[object Object], 
[debug] [2026-04-17T20:27:09.214Z] isLockdownModeEnabled false 
[debug] [2026-04-17T20:27:09.214Z] scroller: applying custom scrollbar class according to preferred style of unknown 
[log] [2026-04-17T20:27:09.216Z] [db] return from getScheduledMessages [70 ms] 
[log] [2026-04-17T20:27:09.216Z] [db] return from setKeyValue [45 ms] 
[log] [2026-04-17T20:27:09.238Z] ↓ app sync event state_updated 1 [object Object] 
[log] [2026-04-17T20:27:09.239Z] BeeperClientStore#state {"user_id":"string:string[18]","device_id":"string:string[10]","access_token":"string:string[40]","homeserver":"string:string[26]","verified":"boolean:true","subscription_required":"boolean:false","secret_storage":"boolean:true","cross_signing":"boolean:true","secrets":"{\"master_key\":\"boolean:true\",\"self_signing_key\":\"boolean:true\",\"user_signing_key\":\"boolean:true\",\"megolm_backup_key\":\"boolean:true\",\"recovery_code\":\"boolean:true\"}","key_backup":"boolean:true","initialized":"boolean:false","early_initialized":"boolean:true","first_sync_done":"boolean:true","has_backed_up_code":"boolean:true","recovery_code_generated_at":"number:1773775492192","crypto_reset_required":"boolean:false","crashed":"boolean:false"} 
[log] [2026-04-17T20:27:09.239Z] [db] call setKeyValue beeperState,[object Object] 
[log] [2026-04-17T20:27:09.239Z] ↑ call fetchLoggedInUser {} 
[log] [2026-04-17T20:27:09.239Z] ↓ app sync event bridge_states_updated 2 [object Object] 
[log] [2026-04-17T20:27:09.241Z] ↓ app sync event bridge_states_updated 3 [object Object] 
[log] [2026-04-17T20:27:09.242Z] ↓ app sync event ai_config_updated 4 [object Object] 
[log] [2026-04-17T20:27:09.242Z] [db] call setKeyValue openAIConfig, 
[debug] [2026-04-17T20:27:09.243Z] [OpenAI] Config updated: null 
[log] [2026-04-17T20:27:09.250Z] ↑ call hungryserv init [object Object],[object Object], 
[log] [2026-04-17T20:27:09.250Z] ↑ call instagramgo init [object Object],[object Object], 
[log] [2026-04-17T20:27:09.251Z] ↑ call signal init [object Object],[object Object], 
[log] [2026-04-17T20:27:09.251Z] ↑ call hungryserv init [object Object],[object Object], 
[log] [2026-04-17T20:27:09.252Z] ↑ call instagramgo init [object Object],[object Object], 
[log] [2026-04-17T20:27:09.254Z] ↑ call signal init [object Object],[object Object], 
[log] [2026-04-17T20:27:09.254Z] ↓ return beeper getAppManifest  [74 ms] 
[log] [2026-04-17T20:27:09.255Z] ↓ return beeper getSDKBuildInfo  [75 ms] 
[log] [2026-04-17T20:27:09.363Z] ↓ return hungryserv init  [178 ms] 
[debug] [2026-04-17T20:27:09.363Z] Time: Load — bridge-hungryserv.init — 179 
[debug] [2026-04-17T20:27:09.364Z] Event: connection-state — [object Object] 
[log] [2026-04-17T20:27:09.364Z] [db] call setAccountValue hungryserv,state,enabled 
[log] [2026-04-17T20:27:09.365Z] ↑ call hungryserv init [object Object],[object Object], 
[log] [2026-04-17T20:27:09.366Z] ↓ return instagramgo init  [180 ms] 
[debug] [2026-04-17T20:27:09.366Z] Time: Load — bridge-instagramgo.init — 180 
[debug] [2026-04-17T20:27:09.366Z] Event: connection-state — [object Object] 
[log] [2026-04-17T20:27:09.366Z] [db] call setAccountValue instagramgo,state,enabled 
[log] [2026-04-17T20:27:09.367Z] ↑ call instagramgo init [object Object],[object Object], 
[log] [2026-04-17T20:27:09.368Z] ↓ return signal init  [180 ms] 
[debug] [2026-04-17T20:27:09.368Z] Time: Load — bridge-signal.init — 180 
[debug] [2026-04-17T20:27:09.368Z] Event: connection-state — [object Object] 
[log] [2026-04-17T20:27:09.368Z] [db] call setAccountValue signal,state,enabled 
[log] [2026-04-17T20:27:09.369Z] ↑ call signal init [object Object],[object Object], 
[log] [2026-04-17T20:27:09.369Z] ↓ return beeper getFeatures  [191 ms] 
[log] [2026-04-17T20:27:09.370Z] ↑ call fetchLoggedInUser {} 
[log] [2026-04-17T20:27:09.370Z] ↑ call getDevices {} 
[debug] [2026-04-17T20:27:09.371Z] load stores: 316.340087890625 ms 
[log] [2026-04-17T20:27:09.372Z] [db] return from setKeyValue [135 ms] 
[log] [2026-04-17T20:27:09.372Z] [db] return from setKeyValue [129 ms] 
[log] [2026-04-17T20:27:09.372Z] ↓ return hungryserv init  [127 ms] 
[debug] [2026-04-17T20:27:09.372Z] Time: Load — bridge-hungryserv.init — 127 
[debug] [2026-04-17T20:27:09.373Z] Event: connection-state — [object Object] 
[log] [2026-04-17T20:27:09.373Z] [db] call setAccountValue hungryserv,state,enabled 
[log] [2026-04-17T20:27:09.373Z] ↑ call hungryserv init [object Object],[object Object], 
[log] [2026-04-17T20:27:09.374Z] ↓ return instagramgo init  [127 ms] 
[debug] [2026-04-17T20:27:09.374Z] Time: Load — bridge-instagramgo.init — 127 
[debug] [2026-04-17T20:27:09.374Z] Event: connection-state — [object Object] 
[log] [2026-04-17T20:27:09.374Z] [db] call setAccountValue instagramgo,state,enabled 
[log] [2026-04-17T20:27:09.377Z] ↑ call instagramgo init [object Object],[object Object], 
[log] [2026-04-17T20:27:09.382Z] ↓ return signal init  [135 ms] 
[debug] [2026-04-17T20:27:09.382Z] Time: Load — bridge-signal.init — 135 
[debug] [2026-04-17T20:27:09.382Z] Event: connection-state — [object Object] 
[log] [2026-04-17T20:27:09.382Z] [db] call setAccountValue signal,state,enabled 
[log] [2026-04-17T20:27:09.384Z] ↑ call signal init [object Object],[object Object], 
[log] [2026-04-17T20:27:09.384Z] ↓ return hungryserv init  [136 ms] 
[debug] [2026-04-17T20:27:09.384Z] Time: Load — bridge-hungryserv.init — 136 
[debug] [2026-04-17T20:27:09.384Z] Event: connection-state — [object Object] 
[log] [2026-04-17T20:27:09.384Z] [db] call setAccountValue hungryserv,state,enabled 
[log] [2026-04-17T20:27:09.384Z] ↑ call hungryserv init [object Object],[object Object], 
[log] [2026-04-17T20:27:09.385Z] ↓ return instagramgo init  [135 ms] 
[debug] [2026-04-17T20:27:09.385Z] Time: Load — bridge-instagramgo.init — 135 
[debug] [2026-04-17T20:27:09.386Z] Event: connection-state — [object Object] 
[log] [2026-04-17T20:27:09.386Z] [db] call setAccountValue instagramgo,state,enabled 
[log] [2026-04-17T20:27:09.387Z] ↑ call instagramgo init [object Object],[object Object], 
[log] [2026-04-17T20:27:09.388Z] ↓ return signal init  [135 ms] 
[debug] [2026-04-17T20:27:09.388Z] Time: Load — bridge-signal.init — 136 
[debug] [2026-04-17T20:27:09.388Z] Event: connection-state — [object Object] 
[log] [2026-04-17T20:27:09.388Z] [db] call setAccountValue signal,state,enabled 
[log] [2026-04-17T20:27:09.390Z] ↑ call signal init [object Object],[object Object], 
[log] [2026-04-17T20:27:09.390Z] [db] return from setAccountValue [25 ms] 
[log] [2026-04-17T20:27:09.390Z] ↓ return hungryserv init  [23 ms] 
[debug] [2026-04-17T20:27:09.390Z] Time: Load — bridge-hungryserv.init — 23 
[log] [2026-04-17T20:27:09.390Z] skipped sending events to legacy /metrics endpoint [object Object],[object Object],[object Object],[object Object],[object Object],[object Object],[object Object],[object Object],[object Object],[object Object],[object Object],[object Object],[object Object],[object Object],[object Object],[object Object],[object Object],[object Object],[object Object],[object Object] 
[log] [2026-04-17T20:27:09.392Z] [db] call getThreadPropsForAccount hungryserv 
[log] [2026-04-17T20:27:09.394Z] ↓ return instagramgo init  [27 ms] 
[debug] [2026-04-17T20:27:09.394Z] Time: Load — bridge-instagramgo.init — 27 
[log] [2026-04-17T20:27:09.395Z] [db] call getThreadPropsForAccount instagramgo 
[log] [2026-04-17T20:27:09.443Z] [db] return from setAccountValue [77 ms] 
[log] [2026-04-17T20:27:09.507Z] ↓ return signal init  [137 ms] 
[debug] [2026-04-17T20:27:09.507Z] Time: Load — bridge-signal.init — 137 
[log] [2026-04-17T20:27:09.507Z] [db] call getThreadPropsForAccount signal 
[log] [2026-04-17T20:27:09.511Z] [Navigation][inbox-view-change] {"type":"space-filter","value":["signal"],"window":""} 
[log] [2026-04-17T20:27:09.511Z] [db] return from setAccountValue [143 ms] 
[log] [2026-04-17T20:27:09.511Z] ↓ return hungryserv init  [138 ms] 
[debug] [2026-04-17T20:27:09.511Z] Time: Load — bridge-hungryserv.init — 138 
[log] [2026-04-17T20:27:09.511Z] [db] call getThreadPropsForAccount hungryserv 
[log] [2026-04-17T20:27:09.512Z] [db] return from setAccountValue [140 ms] 
[log] [2026-04-17T20:27:09.512Z] [db] return from setAccountValue [138 ms] 
[log] [2026-04-17T20:27:09.512Z] ↓ return instagramgo init  [136 ms] 
[debug] [2026-04-17T20:27:09.513Z] Time: Load — bridge-instagramgo.init — 136 
[log] [2026-04-17T20:27:09.513Z] [db] call getThreadPropsForAccount instagramgo 
[log] [2026-04-17T20:27:09.514Z] [db] return from setAccountValue [131 ms] 
[log] [2026-04-17T20:27:09.514Z] ↓ return signal init  [131 ms] 
[debug] [2026-04-17T20:27:09.514Z] Time: Load — bridge-signal.init — 131 
[log] [2026-04-17T20:27:09.514Z] [db] call getThreadPropsForAccount signal 
[log] [2026-04-17T20:27:09.515Z] ↓ return hungryserv init  [131 ms] 
[debug] [2026-04-17T20:27:09.515Z] Time: Load — bridge-hungryserv.init — 131 
[log] [2026-04-17T20:27:09.516Z] [db] call getThreadPropsForAccount hungryserv 
[log] [2026-04-17T20:27:09.517Z] [db] return from setAccountValue [132 ms] 
[log] [2026-04-17T20:27:09.517Z] [db] return from setAccountValue [132 ms] 
[log] [2026-04-17T20:27:09.517Z] ↓ return instagramgo init  [131 ms] 
[debug] [2026-04-17T20:27:09.517Z] Time: Load — bridge-instagramgo.init — 131 
[log] [2026-04-17T20:27:09.517Z] [db] call getThreadPropsForAccount instagramgo 
[log] [2026-04-17T20:27:09.518Z] ↓ return signal init  [130 ms] 
[debug] [2026-04-17T20:27:09.518Z] Time: Load — bridge-signal.init — 130 
[log] [2026-04-17T20:27:09.519Z] [db] call getThreadPropsForAccount signal 
[log] [2026-04-17T20:27:09.520Z] [db] return from setAccountValue [133 ms] 
[log] [2026-04-17T20:27:09.521Z] [db] return from getThreadPropsForAccount [129 ms] 
[log] [2026-04-17T20:27:09.521Z] ↑ call hungryserv getThreads normal, 
[log] [2026-04-17T20:27:09.521Z] ↑ call hungryserv getContacts  
[log] [2026-04-17T20:27:09.532Z] [db] return from getThreadPropsForAccount [137 ms] 
[log] [2026-04-17T20:27:09.532Z] ↑ call instagramgo getThreads normal, 
[log] [2026-04-17T20:27:09.532Z] ↑ call instagramgo getContacts  
[log] [2026-04-17T20:27:09.537Z] [db] return from getThreadPropsForAccount [25 ms] 
[log] [2026-04-17T20:27:09.544Z] ↑ call signal getThreads normal, 
[log] [2026-04-17T20:27:09.545Z] ↑ call signal getContacts  
[log] [2026-04-17T20:27:09.546Z] [db] return from getThreadPropsForAccount [21 ms] 
[log] [2026-04-17T20:27:09.546Z] ↑ call hungryserv getThreads normal, 
[log] [2026-04-17T20:27:09.546Z] ↑ call hungryserv getContacts  
[log] [2026-04-17T20:27:09.546Z] [db] return from getThreadPropsForAccount [21 ms] 
[log] [2026-04-17T20:27:09.546Z] ↑ call instagramgo getThreads normal, 
[log] [2026-04-17T20:27:09.546Z] ↑ call instagramgo getContacts  
[log] [2026-04-17T20:27:09.546Z] [db] return from getThreadPropsForAccount [21 ms] 
[log] [2026-04-17T20:27:09.546Z] ↑ call signal getThreads normal, 
[log] [2026-04-17T20:27:09.546Z] ↑ call signal getContacts  
[log] [2026-04-17T20:27:09.546Z] [db] return from getThreadPropsForAccount [21 ms] 
[log] [2026-04-17T20:27:09.547Z] ↑ call hungryserv getThreads normal, 
[log] [2026-04-17T20:27:09.547Z] ↑ call hungryserv getContacts  
[log] [2026-04-17T20:27:09.547Z] [db] return from getThreadPropsForAccount [20 ms] 
[log] [2026-04-17T20:27:09.547Z] ↑ call instagramgo getThreads normal, 
[log] [2026-04-17T20:27:09.547Z] ↑ call instagramgo getContacts  
[log] [2026-04-17T20:27:09.550Z] [db] return from getThreadPropsForAccount [24 ms] 
[log] [2026-04-17T20:27:09.550Z] ↑ call signal getThreads normal, 
[log] [2026-04-17T20:27:09.551Z] ↑ call signal getContacts  
[log] [2026-04-17T20:27:09.703Z] ↓ return hungryserv getContacts  [181 ms] 
[log] [2026-04-17T20:27:09.705Z] ↓ return hungryserv getThreads  [184 ms] 
[log] [2026-04-17T20:27:09.729Z] ↓ return instagramgo getContacts  [198 ms] 
[log] [2026-04-17T20:27:09.729Z] ↓ return hungryserv getContacts  [196 ms] 
[log] [2026-04-17T20:27:09.729Z] ↓ return instagramgo getContacts  [194 ms] 
[log] [2026-04-17T20:27:09.731Z] ↓ return hungryserv getContacts  [195 ms] 
[log] [2026-04-17T20:27:09.731Z] ↓ return instagramgo getContacts  [194 ms] 
[log] [2026-04-17T20:27:09.853Z] ↓ return instagramgo getThreads  [322 ms] 
[log] [2026-04-17T20:27:09.952Z] ↓ return signal getThreads  [419 ms] 
[log] [2026-04-17T20:27:09.969Z] ↓ return hungryserv getThreads  [436 ms] 
[log] [2026-04-17T20:27:09.991Z] ↓ return instagramgo getThreads  [456 ms] 
[log] [2026-04-17T20:27:10.084Z] ↓ return signal getThreads  [548 ms] 
[log] [2026-04-17T20:27:10.087Z] ↓ return hungryserv getThreads  [551 ms] 
[debug] [2026-04-17T20:27:10.088Z] Time: Load — First thread from page boot — 1927 
[log] [2026-04-17T20:27:10.104Z] ↓ return instagramgo getThreads  [566 ms] 
[log] [2026-04-17T20:27:10.161Z] ↓ return signal getThreads  [617 ms] 
[log] [2026-04-17T20:27:10.168Z] ↓ return beeper fetchLoggedInUser  [930 ms] 
[log] [2026-04-17T20:27:10.176Z] ↑ call getSubscriptionPlans {} 
[log] [2026-04-17T20:27:10.176Z] ↓ return beeper getDevices  [801 ms] 
[log] [2026-04-17T20:27:10.176Z] ↓ return signal getContacts  [635 ms] 
[log] [2026-04-17T20:27:10.182Z] ↓ return signal getContacts  [650 ms] 
[log] [2026-04-17T20:27:10.184Z] ↓ return signal getContacts  [638 ms] 
[log] [2026-04-17T20:27:10.251Z] ↓ return beeper fetchLoggedInUser  [881 ms] 
[log] [2026-04-17T20:27:10.262Z] ↑ call getSubscriptionPlans {} 
[log] [2026-04-17T20:27:10.527Z] ↓ return beeper getSubscriptionPlans  [357 ms] 
[log] [2026-04-17T20:27:10.528Z] ↓ return beeper getSubscriptionPlans  [273 ms] 
[log] [2026-04-17T20:27:14.395Z] skipped sending events to legacy /metrics endpoint [object Object],[object Object],[object Object],[object Object],[object Object],[object Object],[object Object],[object Object],[object Object] 
[log] [2026-04-17T20:27:14.444Z] ↑ call trackEventBatch {"event":"string:string[16]","properties":"{\"$screen_height\":\"number:1080\",\"$screen_width\":\"number:1920\",\"$window_height\":\"number:1026\",\"$window_width\":\"number:943\",\"ms since page loaded\":\"number:1278\",\"ms since app booted\":\"number:5374\"}","timestamp":"object:2026-04-17T20:27:09.443Z"},{"event":"string:string[11]","properties":"{\"$screen_height\":\"number:1080\",\"$screen_width\":\"number:1920\",\"$window_height\":\"number:1026\",\"$window_width\":\"number:943\",\"window type\":\"string:string[4]\"}","timestamp":"object:2026-04-17T20:27:09.558Z"},{"event":"string:string[11]","properties":"{\"$screen_height\":\"number:1080\",\"$screen_width\":\"number:1920\",\"$window_height\":\"number:1026\",\"$window_width\":\"number:943\",\"window type\":\"string:string[4]\"}","timestamp":"object:2026-04-17T20:27:09.559Z"},{"event":"string:string[10]","properties":"{\"$screen_height\":\"number:1080\",\"$screen_width\":\"number:1920\",\"$window_height\":\"number:1026\",\"$window_width\":\"number:943\",\"bridge name\":\"string:string[10]\",\"post-load map size\":\"number:2\",\"has older\":\"boolean:false\",\"load time ms\":\"number:208\",\"ms since page loaded\":\"number:1567\",\"ms since app booted\":\"number:5663\"}","timestamp":"object:2026-04-17T20:27:09.728Z"},{"event":"string:string[10]","properties":"{\"$screen_height\":\"number:1080\",\"$screen_width\":\"number:1920\",\"$window_height\":\"number:1026\",\"$window_width\":\"number:943\",\"bridge name\":\"string:string[11]\",\"post-load map size\":\"number:52\",\"has older\":\"boolean:false\",\"load time ms\":\"number:378\",\"ms since page loaded\":\"number:1748\",\"ms since app booted\":\"number:5844\"}","timestamp":"object:2026-04-17T20:27:09.909Z"},{"event":"string:string[10]","properties":"{\"$screen_height\":\"number:1080\",\"$screen_width\":\"number:1920\",\"$window_height\":\"number:1026\",\"$window_width\":\"number:943\",\"bridge name\":\"string:string[6]\",\"post-load map size\":\"number:4\",\"has older\":\"boolean:false\",\"load time ms\":\"number:435\",\"ms since page loaded\":\"number:1806\",\"ms since app booted\":\"number:5902\"}","timestamp":"object:2026-04-17T20:27:09.967Z"},{"event":"string:string[10]","properties":"{\"$screen_height\":\"number:1080\",\"$screen_width\":\"number:1920\",\"$window_height\":\"number:1026\",\"$window_width\":\"number:943\",\"bridge name\":\"string:string[10]\",\"post-load map size\":\"number:2\",\"has older\":\"boolean:false\",\"load time ms\":\"number:441\",\"ms since page loaded\":\"number:1813\",\"ms since app booted\":\"number:5909\"}","timestamp":"object:2026-04-17T20:27:09.974Z"},{"event":"string:string[10]","properties":"{\"$screen_height\":\"number:1080\",\"$screen_width\":\"number:1920\",\"$window_height\":\"number:1026\",\"$window_width\":\"number:943\",\"bridge name\":\"string:string[11]\",\"post-load map size\":\"number:52\",\"has older\":\"boolean:false\",\"load time ms\":\"number:549\",\"ms since page loaded\":\"number:1922\",\"ms since app booted\":\"number:6018\"}","timestamp":"object:2026-04-17T20:27:10.083Z"},{"event":"string:string[10]","properties":"{\"$screen_height\":\"number:1080\",\"$screen_width\":\"number:1920\",\"$window_height\":\"number:1026\",\"$window_width\":\"number:943\",\"bridge name\":\"string:string[6]\",\"post-load map size\":\"number:4\",\"has older\":\"boolean:false\",\"load time ms\":\"number:551\",\"ms since page loaded\":\"number:1926\",\"ms since app booted\":\"number:6022\"}","timestamp":"object:2026-04-17T20:27:10.087Z"},{"event":"string:string[10]","properties":"{\"$screen_height\":\"number:1080\",\"$screen_width\":\"number:1920\",\"$window_height\":\"number:1026\",\"$window_width\":\"number:943\",\"bridge name\":\"string:string[10]\",\"post-load map size\":\"number:2\",\"has older\":\"boolean:false\",\"load time ms\":\"number:553\",\"ms since page loaded\":\"number:1928\",\"ms since app booted\":\"number:6024\"}","timestamp":"object:2026-04-17T20:27:10.089Z"},{"event":"string:string[10]","properties":"{\"$screen_height\":\"number:1080\",\"$screen_width\":\"number:1920\",\"$window_height\":\"number:1026\",\"$window_width\":\"number:943\",\"bridge name\":\"string:string[11]\",\"post-load map size\":\"number:52\",\"has older\":\"boolean:false\",\"load time ms\":\"number:623\",\"ms since page loaded\":\"number:1999\",\"ms since app booted\":\"number:6095\"}","timestamp":"object:2026-04-17T20:27:10.160Z"},{"event":"string:string[10]","properties":"{\"$screen_height\":\"number:1080\",\"$screen_width\":\"number:1920\",\"$window_height\":\"number:1026\",\"$window_width\":\"number:943\",\"bridge name\":\"string:string[6]\",\"post-load map size\":\"number:4\",\"has older\":\"boolean:false\",\"load time ms\":\"number:623\",\"ms since page loaded\":\"number:2006\",\"ms since app booted\":\"number:6102\"}","timestamp":"object:2026-04-17T20:27:10.167Z"} 
[log] [2026-04-17T20:27:14.446Z] ↓ return beeper trackEventBatch  [2 ms] 
[log] [2026-04-17T20:27:16.796Z] ↑ call signal getMessages !6sbSDJxDoj0thJvahzLT:beeper.local,, 
[log] [2026-04-17T20:27:16.797Z] [ThreadStore][!6sbSDJxDoj0thJvahzLT:beeper.local] onThreadSelected: {"unreadCount":0,"isUnread":false,"unreadDividerMessageSortKey":42104,"lastReadMessageSortKey":42104,"isLoadingUnreadMessages":false} 
[log] [2026-04-17T20:27:16.799Z] [Navigation][chat-open] {"roomID":"!6sbSDJxDoj0thJvahzLT:beeper.local","window":""} 
[log] [2026-04-17T20:27:16.799Z] [ThreadStore][!6sbSDJxDoj0thJvahzLT:beeper.local] onThreadSelected: Finished loading messages up to 42104 
[log] [2026-04-17T20:27:17.023Z] ↑ call signal getMessage !6sbSDJxDoj0thJvahzLT:beeper.local,41634 
[debug] [2026-04-17T20:27:17.102Z] [InboxStore] notifying interested platform about thread being selected: !6sbSDJxDoj0thJvahzLT:beeper.local 
[log] [2026-04-17T20:27:17.103Z] ↑ call signal onThreadSelected !6sbSDJxDoj0thJvahzLT:beeper.local 
[log] [2026-04-17T20:27:17.105Z] ↓ return signal getMessages  [309 ms] 
[log] [2026-04-17T20:27:17.111Z] ↓ return signal getMessage  [88 ms] 
[debug] [2026-04-17T20:27:17.139Z] [INP] Thread Clicked: 343.60ms 
[log] [2026-04-17T20:27:17.142Z] ↓ return signal onThreadSelected  [39 ms] 
[log] [2026-04-17T20:27:17.145Z] ↑ call signal getMessages !6sbSDJxDoj0thJvahzLT:beeper.local,[object Object], 
[log] [2026-04-17T20:27:17.154Z] ↓ return signal getMessages  [8 ms] 
[log] [2026-04-17T20:27:17.394Z] ↑ call signal getMessage !6sbSDJxDoj0thJvahzLT:beeper.local,41734 
[error] [2026-04-17T20:27:17.680Z] ResizeObserver loop completed with undelivered notifications. 
[log] [2026-04-17T20:27:17.693Z] ↓ return signal getMessage  [298 ms] 
[log] [2026-04-17T20:27:19.859Z] ↑ call trackEventBatch {"event":"string:string[11]","properties":"{\"$screen_height\":\"number:1080\",\"$screen_width\":\"number:1920\",\"$window_height\":\"number:1026\",\"$window_width\":\"number:1898\",\"window type\":\"string:string[4]\"}","timestamp":"object:2026-04-17T20:27:14.859Z"},{"event":"string:string[14]","properties":"{\"$screen_height\":\"number:1080\",\"$screen_width\":\"number:1920\",\"$window_height\":\"number:1026\",\"$window_width\":\"number:1898\",\"interaction to next paint\":\"number:343.60000000009313\",\"label\":\"string:string[22]\"}","timestamp":"object:2026-04-17T20:27:17.139Z"} 
[log] [2026-04-17T20:27:19.860Z] ↓ return beeper trackEventBatch  [1 ms] 
[log] [2026-04-17T20:27:40.463Z] [db] call setKeyValue remoteConfig,[object Object] 
[log] [2026-04-17T20:27:40.465Z] [db] return from setKeyValue [2 ms] 
[log] [2026-04-17T20:27:46.661Z] resetting network connections 
[log] [2026-04-17T20:27:46.661Z] ↑ call resetNetworkConnections {} 
[log] [2026-04-17T20:27:46.663Z] ↓ return beeper resetNetworkConnections  [2 ms] 
[log] [2026-04-17T20:28:04.556Z] ↓ state_sync !6sbSDJxDoj0thJvahzLT:beeper.local undefined message upsert $4hYlsSgX-Brnh0-yadl1RuRkYxfMwLD18bm-xlJTXGI:beeper.local 
[log] [2026-04-17T20:28:04.623Z] ↓ state_sync !6sbSDJxDoj0thJvahzLT:beeper.local 41635 message_seen delete @signal_c67cf175-15a8-466b-bfa7-eaea7c92c332:beeper.local 
[log] [2026-04-17T20:28:04.623Z] ↓ state_sync !6sbSDJxDoj0thJvahzLT:beeper.local 41789 message_seen upsert  
[log] [2026-04-17T20:28:04.625Z] ↓ state_sync !6sbSDJxDoj0thJvahzLT:beeper.local undefined participant upsert  
[log] [2026-04-17T20:28:04.625Z] ↓ state_sync !6sbSDJxDoj0thJvahzLT:beeper.local undefined participant update  
[log] [2026-04-17T20:28:07.086Z] ↓ state_sync !6sbSDJxDoj0thJvahzLT:beeper.local 41636 message_send_status upsert  
[log] [2026-04-17T20:28:09.450Z] ↑ call trackEventBatch {"event":"string:string[15]","properties":"{\"hwAccel\":\"boolean:true\",\"uptimeMinutes\":\"number:223682188\",\"privateMb\":\"number:124\",\"sharedMb\":\"number:6\"}"} 
[log] [2026-04-17T20:28:09.451Z] ↓ return beeper trackEventBatch  [1 ms] 
[log] [2026-04-17T20:28:15.921Z] ↓ state_sync !6sbSDJxDoj0thJvahzLT:beeper.local 41789 message_seen upsert  
[log] [2026-04-17T20:28:15.925Z] ↓ state_sync undefined undefined thread update !6sbSDJxDoj0thJvahzLT:beeper.local 
[log] [2026-04-17T20:28:15.929Z] ↓ state_sync !6sbSDJxDoj0thJvahzLT:beeper.local undefined participant upsert  
[log] [2026-04-17T20:28:15.930Z] ↓ state_sync !6sbSDJxDoj0thJvahzLT:beeper.local undefined participant update  
[log] [2026-04-17T20:28:28.401Z] ↓ state_sync !6sbSDJxDoj0thJvahzLT:beeper.local undefined message upsert $1JQy1hUflqi1n_-_9go2TGISmne8dK_M0DdyOduIkGU:beeper.local 
[debug] [2026-04-17T20:28:28.403Z] [ThreadStore][!6sbSDJxDoj0thJvahzLT:beeper.local] Incrementing unreadCount to 1 (id: 41791 eventID: $1JQy1hUflqi1n_-_9go2TGISmne8dK_M0DdyOduIkGU:beeper.local) 
[log] [2026-04-17T20:28:28.504Z] ↓ state_sync !6sbSDJxDoj0thJvahzLT:beeper.local 41789 message_seen delete @signal_c67cf175-15a8-466b-bfa7-eaea7c92c332:beeper.local 
[log] [2026-04-17T20:28:28.504Z] ↓ state_sync !6sbSDJxDoj0thJvahzLT:beeper.local 41791 message_seen upsert  
[log] [2026-04-17T20:28:28.504Z] ↓ state_sync !6sbSDJxDoj0thJvahzLT:beeper.local undefined participant upsert  
[log] [2026-04-17T20:28:28.504Z] ↓ state_sync !6sbSDJxDoj0thJvahzLT:beeper.local undefined participant update  
[log] [2026-04-17T20:28:28.516Z] [ThreadStore] showNewMessageNotification: Added=1 all=1 
[log] [2026-04-17T20:28:35.752Z] ↓ state_sync !6sbSDJxDoj0thJvahzLT:beeper.local 41791 message_seen upsert  
[log] [2026-04-17T20:28:35.753Z] ↓ state_sync undefined undefined thread update !6sbSDJxDoj0thJvahzLT:beeper.local 
[debug] [2026-04-17T20:28:35.754Z] [ThreadStore][!6sbSDJxDoj0thJvahzLT:beeper.local] assignProps setting unreadCount (thread.unreadCount: 0, this.unreadCount: 1, this.lastReadMessageSortKey: 42107, thread.lastReadMessageSortKey: 42109) 
[log] [2026-04-17T20:28:35.760Z] ↓ state_sync !6sbSDJxDoj0thJvahzLT:beeper.local undefined participant upsert  
[log] [2026-04-17T20:28:35.760Z] ↓ state_sync !6sbSDJxDoj0thJvahzLT:beeper.local undefined participant update  
[log] [2026-04-17T20:28:47.032Z] ↓ state_sync !6sbSDJxDoj0thJvahzLT:beeper.local undefined message upsert $EE1HeqobRacyRsh2-OZ6XF50BOWgUbI5h-9tKwPbrNo:beeper.local 
[log] [2026-04-17T20:28:47.131Z] ↓ state_sync !6sbSDJxDoj0thJvahzLT:beeper.local 41792 message_seen upsert  
[log] [2026-04-17T20:28:47.164Z] ↓ state_sync undefined undefined thread update !6sbSDJxDoj0thJvahzLT:beeper.local 
[log] [2026-04-17T20:28:47.164Z] ↓ state_sync !6sbSDJxDoj0thJvahzLT:beeper.local undefined participant upsert  
[log] [2026-04-17T20:28:47.165Z] ↓ state_sync !6sbSDJxDoj0thJvahzLT:beeper.local undefined participant update  
[log] [2026-04-17T20:28:48.111Z] ↓ state_sync !6sbSDJxDoj0thJvahzLT:beeper.local 41792 message_send_status upsert  
[log] [2026-04-17T20:28:48.343Z] ↓ state_sync !6sbSDJxDoj0thJvahzLT:beeper.local undefined message upsert $2X2mXZ2qdDolqwXgeFiIH4u7CI25miWxClOfl23KhRU:beeper.local 
[log] [2026-04-17T20:28:48.400Z] ↓ state_sync !6sbSDJxDoj0thJvahzLT:beeper.local 41794 message_seen upsert  
[log] [2026-04-17T20:28:48.403Z] ↓ state_sync undefined undefined thread update !6sbSDJxDoj0thJvahzLT:beeper.local 
[log] [2026-04-17T20:28:48.403Z] ↓ state_sync !6sbSDJxDoj0thJvahzLT:beeper.local undefined participant upsert  
[log] [2026-04-17T20:28:48.403Z] ↓ state_sync !6sbSDJxDoj0thJvahzLT:beeper.local undefined participant update  
[log] [2026-04-17T20:28:50.262Z] ↓ state_sync !6sbSDJxDoj0thJvahzLT:beeper.local 41794 message_send_status upsert  
[log] [2026-04-17T20:28:52.852Z] ↓ state_sync !6sbSDJxDoj0thJvahzLT:beeper.local 41792 message_send_status upsert  
[log] [2026-04-17T20:28:53.192Z] ↓ state_sync !6sbSDJxDoj0thJvahzLT:beeper.local 41794 message_send_status upsert  
[log] [2026-04-17T20:28:53.531Z] ↓ state_sync !6sbSDJxDoj0thJvahzLT:beeper.local undefined message upsert $QNcs8SD07b4s59WXn-O05OgWsGu2GGkLDxyhMK4Xsmw:beeper.local 
[log] [2026-04-17T20:28:53.616Z] ↓ state_sync !6sbSDJxDoj0thJvahzLT:beeper.local 41798 message_seen upsert  
[log] [2026-04-17T20:28:53.620Z] ↓ state_sync undefined undefined thread update !6sbSDJxDoj0thJvahzLT:beeper.local 
[log] [2026-04-17T20:28:53.620Z] ↓ state_sync !6sbSDJxDoj0thJvahzLT:beeper.local undefined participant upsert  
[log] [2026-04-17T20:28:53.620Z] ↓ state_sync !6sbSDJxDoj0thJvahzLT:beeper.local undefined participant update  
[log] [2026-04-17T20:28:54.291Z] ↓ state_sync !6sbSDJxDoj0thJvahzLT:beeper.local 41791 message_seen delete @signal_c67cf175-15a8-466b-bfa7-eaea7c92c332:beeper.local 
[log] [2026-04-17T20:28:54.291Z] ↓ state_sync !6sbSDJxDoj0thJvahzLT:beeper.local 41794 message_seen upsert  
[log] [2026-04-17T20:28:56.539Z] ↓ state_sync !6sbSDJxDoj0thJvahzLT:beeper.local 41798 message_send_status upsert  
[log] [2026-04-17T20:28:57.675Z] ↓ state_sync !6sbSDJxDoj0thJvahzLT:beeper.local 41794 message_seen delete @signal_c67cf175-15a8-466b-bfa7-eaea7c92c332:beeper.local 
[log] [2026-04-17T20:28:57.675Z] ↓ state_sync !6sbSDJxDoj0thJvahzLT:beeper.local 41798 message_seen upsert  
[log] [2026-04-17T20:28:57.966Z] ↓ state_sync !6sbSDJxDoj0thJvahzLT:beeper.local undefined message upsert $KbOBOe6OBjhYmQn9plonKU7bQkEnUJ_FhXeqWLSTdf8:beeper.local 
[log] [2026-04-17T20:28:58.097Z] ↓ state_sync !6sbSDJxDoj0thJvahzLT:beeper.local 41800 message_seen upsert  
[log] [2026-04-17T20:28:58.104Z] ↓ state_sync undefined undefined thread update !6sbSDJxDoj0thJvahzLT:beeper.local 
[log] [2026-04-17T20:28:58.105Z] ↓ state_sync !6sbSDJxDoj0thJvahzLT:beeper.local undefined participant upsert  
[log] [2026-04-17T20:28:58.105Z] ↓ state_sync !6sbSDJxDoj0thJvahzLT:beeper.local undefined participant update  
[log] [2026-04-17T20:28:59.785Z] ↓ state_sync !6sbSDJxDoj0thJvahzLT:beeper.local 41798 message_seen delete @signal_c67cf175-15a8-466b-bfa7-eaea7c92c332:beeper.local 
[log] [2026-04-17T20:28:59.786Z] ↓ state_sync !6sbSDJxDoj0thJvahzLT:beeper.local 41800 message_seen upsert  
[log] [2026-04-17T20:29:00.313Z] ↓ state_sync !6sbSDJxDoj0thJvahzLT:beeper.local 41800 message_send_status upsert  
[log] [2026-04-17T20:29:05.662Z] ↓ state_sync !6sbSDJxDoj0thJvahzLT:beeper.local undefined message upsert $f6-ZohNf09XaqLoTQZ1q_YlCAdZ8W7bYPacwh10V9-g:beeper.local 
[log] [2026-04-17T20:29:05.730Z] ↓ state_sync !6sbSDJxDoj0thJvahzLT:beeper.local 41802 message_seen upsert  
[log] [2026-04-17T20:29:05.736Z] ↓ state_sync undefined undefined thread update !6sbSDJxDoj0thJvahzLT:beeper.local 
[log] [2026-04-17T20:29:05.736Z] ↓ state_sync !6sbSDJxDoj0thJvahzLT:beeper.local undefined participant upsert  
[log] [2026-04-17T20:29:05.736Z] ↓ state_sync !6sbSDJxDoj0thJvahzLT:beeper.local undefined participant update  
[log] [2026-04-17T20:29:06.169Z] ↓ state_sync !6sbSDJxDoj0thJvahzLT:beeper.local 41802 message_send_status upsert  
[log] [2026-04-17T20:29:14.992Z] ↓ state_sync !6sbSDJxDoj0thJvahzLT:beeper.local undefined message upsert $PbSiwnCdL1pjiUzasDwLSK6I0OH6nuYS7YiptvPt1sc:beeper.local 
[debug] [2026-04-17T20:29:14.994Z] [ThreadStore][!6sbSDJxDoj0thJvahzLT:beeper.local] Incrementing unreadCount to 1 (id: 41804 eventID: $PbSiwnCdL1pjiUzasDwLSK6I0OH6nuYS7YiptvPt1sc:beeper.local) 
[log] [2026-04-17T20:29:15.015Z] [ThreadStore] showNewMessageNotification: Added=2 all=2 
[log] [2026-04-17T20:29:15.083Z] ↓ state_sync !6sbSDJxDoj0thJvahzLT:beeper.local 41800 message_seen delete @signal_c67cf175-15a8-466b-bfa7-eaea7c92c332:beeper.local 
[log] [2026-04-17T20:29:15.083Z] ↓ state_sync !6sbSDJxDoj0thJvahzLT:beeper.local 41804 message_seen upsert  
[log] [2026-04-17T20:29:15.087Z] ↓ state_sync !6sbSDJxDoj0thJvahzLT:beeper.local undefined participant upsert  
[log] [2026-04-17T20:29:15.087Z] ↓ state_sync !6sbSDJxDoj0thJvahzLT:beeper.local undefined participant update  
[log] [2026-04-17T20:29:15.572Z] ↓ state_sync !6sbSDJxDoj0thJvahzLT:beeper.local 41804 message_seen upsert  
[log] [2026-04-17T20:29:15.573Z] ↓ state_sync undefined undefined thread update !6sbSDJxDoj0thJvahzLT:beeper.local 
[debug] [2026-04-17T20:29:15.573Z] [ThreadStore][!6sbSDJxDoj0thJvahzLT:beeper.local] assignProps setting unreadCount (thread.unreadCount: 0, this.unreadCount: 1, this.lastReadMessageSortKey: 42120, thread.lastReadMessageSortKey: 42122) 
[log] [2026-04-17T20:29:15.578Z] ↓ state_sync !6sbSDJxDoj0thJvahzLT:beeper.local undefined participant upsert  
[log] [2026-04-17T20:29:15.578Z] ↓ state_sync !6sbSDJxDoj0thJvahzLT:beeper.local undefined participant update  
[log] [2026-04-17T20:29:28.516Z] ↓ state_sync !6sbSDJxDoj0thJvahzLT:beeper.local undefined message upsert $WyoCF4CpNo7HMcVzs-_s07_ty3BUrxxOFjVyeERMXqE:beeper.local 
[debug] [2026-04-17T20:29:28.516Z] [ThreadStore][!6sbSDJxDoj0thJvahzLT:beeper.local] Incrementing unreadCount to 1 (id: 41805 eventID: $WyoCF4CpNo7HMcVzs-_s07_ty3BUrxxOFjVyeERMXqE:beeper.local) 
[log] [2026-04-17T20:29:28.579Z] ↓ state_sync !6sbSDJxDoj0thJvahzLT:beeper.local 41804 message_seen delete @signal_c67cf175-15a8-466b-bfa7-eaea7c92c332:beeper.local 
[log] [2026-04-17T20:29:28.579Z] ↓ state_sync !6sbSDJxDoj0thJvahzLT:beeper.local 41805 message_seen upsert  
[log] [2026-04-17T20:29:28.589Z] [ThreadStore] showNewMessageNotification: Added=3 all=3 
[log] [2026-04-17T20:29:28.590Z] ↓ state_sync !6sbSDJxDoj0thJvahzLT:beeper.local undefined participant upsert  
[log] [2026-04-17T20:29:28.590Z] ↓ state_sync !6sbSDJxDoj0thJvahzLT:beeper.local undefined participant update  
[log] [2026-04-17T20:29:29.000Z] ↓ state_sync !6sbSDJxDoj0thJvahzLT:beeper.local 41805 message_seen upsert  
[log] [2026-04-17T20:29:29.001Z] ↓ state_sync undefined undefined thread update !6sbSDJxDoj0thJvahzLT:beeper.local 
[debug] [2026-04-17T20:29:29.001Z] [ThreadStore][!6sbSDJxDoj0thJvahzLT:beeper.local] assignProps setting unreadCount (thread.unreadCount: 0, this.unreadCount: 1, this.lastReadMessageSortKey: 42122, thread.lastReadMessageSortKey: 42123) 
[log] [2026-04-17T20:29:29.032Z] ↓ state_sync !6sbSDJxDoj0thJvahzLT:beeper.local undefined participant upsert  
[log] [2026-04-17T20:29:29.032Z] ↓ state_sync !6sbSDJxDoj0thJvahzLT:beeper.local undefined participant update  
[log] [2026-04-17T20:29:29.337Z] ↓ state_sync !6sbSDJxDoj0thJvahzLT:beeper.local undefined message upsert $yWm-W-cId73AXGrFOhS-wJOkTb1m-KcMjKfhTDerAs8:beeper.local 
[log] [2026-04-17T20:29:29.441Z] ↓ state_sync !6sbSDJxDoj0thJvahzLT:beeper.local 41806 message_seen upsert  
[log] [2026-04-17T20:29:29.443Z] ↓ state_sync undefined undefined thread update !6sbSDJxDoj0thJvahzLT:beeper.local 
[log] [2026-04-17T20:29:29.443Z] ↓ state_sync !6sbSDJxDoj0thJvahzLT:beeper.local 41806 message_send_status upsert  
[log] [2026-04-17T20:29:29.443Z] ↓ state_sync !6sbSDJxDoj0thJvahzLT:beeper.local undefined participant upsert  
[log] [2026-04-17T20:29:29.443Z] ↓ state_sync !6sbSDJxDoj0thJvahzLT:beeper.local undefined participant update  
[log] [2026-04-17T20:29:30.023Z] ↓ state_sync !6sbSDJxDoj0thJvahzLT:beeper.local 41805 message_seen delete @signal_c67cf175-15a8-466b-bfa7-eaea7c92c332:beeper.local 
[log] [2026-04-17T20:29:30.024Z] ↓ state_sync !6sbSDJxDoj0thJvahzLT:beeper.local 41806 message_seen upsert  
[log] [2026-04-17T20:29:30.253Z] ↓ state_sync !6sbSDJxDoj0thJvahzLT:beeper.local 41806 message_send_status upsert  
[log] [2026-04-17T20:29:52.467Z] ↓ state_sync !6sbSDJxDoj0thJvahzLT:beeper.local undefined message upsert $wTrJfEyKEmwo-aJdRX2wo70AMQ_rZeJEM05pDtFRdts:beeper.local 
[log] [2026-04-17T20:29:52.536Z] ↓ state_sync !6sbSDJxDoj0thJvahzLT:beeper.local 41809 message_seen upsert  
[log] [2026-04-17T20:29:52.539Z] ↓ state_sync undefined undefined thread update !6sbSDJxDoj0thJvahzLT:beeper.local 
[log] [2026-04-17T20:29:52.539Z] ↓ state_sync !6sbSDJxDoj0thJvahzLT:beeper.local undefined participant upsert  
[log] [2026-04-17T20:29:52.539Z] ↓ state_sync !6sbSDJxDoj0thJvahzLT:beeper.local undefined participant update  
[log] [2026-04-17T20:29:52.672Z] ↓ state_sync !6sbSDJxDoj0thJvahzLT:beeper.local 41809 message_send_status upsert  
[log] [2026-04-17T20:29:53.251Z] ↓ state_sync !6sbSDJxDoj0thJvahzLT:beeper.local 41806 message_seen delete @signal_c67cf175-15a8-466b-bfa7-eaea7c92c332:beeper.local 
[log] [2026-04-17T20:29:53.251Z] ↓ state_sync !6sbSDJxDoj0thJvahzLT:beeper.local 41809 message_seen upsert  
[log] [2026-04-17T20:29:53.680Z] ↓ state_sync !6sbSDJxDoj0thJvahzLT:beeper.local 41809 message_send_status upsert  
[log] [2026-04-17T20:30:00.145Z] ↓ state_sync !6sbSDJxDoj0thJvahzLT:beeper.local undefined message upsert $jzOoC8_og0E1NZfCavDgmFBlt4-U-0spMfByCKEhA3I:beeper.local 
[debug] [2026-04-17T20:30:00.146Z] [ThreadStore][!6sbSDJxDoj0thJvahzLT:beeper.local] Incrementing unreadCount to 1 (id: 41812 eventID: $jzOoC8_og0E1NZfCavDgmFBlt4-U-0spMfByCKEhA3I:beeper.local) 
[log] [2026-04-17T20:30:00.276Z] [ThreadStore] showNewMessageNotification: Added=4 all=4 
[log] [2026-04-17T20:30:00.276Z] ↓ state_sync !6sbSDJxDoj0thJvahzLT:beeper.local 41809 message_seen delete @signal_c67cf175-15a8-466b-bfa7-eaea7c92c332:beeper.local 
[log] [2026-04-17T20:30:00.276Z] ↓ state_sync !6sbSDJxDoj0thJvahzLT:beeper.local 41812 message_seen upsert  
[log] [2026-04-17T20:30:00.276Z] ↓ state_sync !6sbSDJxDoj0thJvahzLT:beeper.local undefined participant upsert  
[log] [2026-04-17T20:30:00.276Z] ↓ state_sync !6sbSDJxDoj0thJvahzLT:beeper.local undefined participant update  
[log] [2026-04-17T20:30:16.412Z] ↓ state_sync !6sbSDJxDoj0thJvahzLT:beeper.local 41812 message_seen upsert  
[log] [2026-04-17T20:30:16.413Z] ↓ state_sync undefined undefined thread update !6sbSDJxDoj0thJvahzLT:beeper.local 
[debug] [2026-04-17T20:30:16.413Z] [ThreadStore][!6sbSDJxDoj0thJvahzLT:beeper.local] assignProps setting unreadCount (thread.unreadCount: 0, this.unreadCount: 1, this.lastReadMessageSortKey: 42127, thread.lastReadMessageSortKey: 42130) 
[log] [2026-04-17T20:30:16.418Z] ↓ state_sync !6sbSDJxDoj0thJvahzLT:beeper.local undefined participant upsert  
[log] [2026-04-17T20:30:16.418Z] ↓ state_sync !6sbSDJxDoj0thJvahzLT:beeper.local undefined participant update  
[log] [2026-04-17T20:30:19.502Z] ↓ state_sync !6sbSDJxDoj0thJvahzLT:beeper.local undefined message upsert $plnTiV8ccSuihWZM39jj8lTH4c04HpMyJWI-F9hmyTk:beeper.local 
[log] [2026-04-17T20:30:19.606Z] ↓ state_sync !6sbSDJxDoj0thJvahzLT:beeper.local 41813 message_seen upsert  
[log] [2026-04-17T20:30:19.608Z] ↓ state_sync undefined undefined thread update !6sbSDJxDoj0thJvahzLT:beeper.local 
[log] [2026-04-17T20:30:19.608Z] ↓ state_sync !6sbSDJxDoj0thJvahzLT:beeper.local undefined participant upsert  
[log] [2026-04-17T20:30:19.608Z] ↓ state_sync !6sbSDJxDoj0thJvahzLT:beeper.local undefined participant update  
[log] [2026-04-17T20:30:19.704Z] ↓ state_sync !6sbSDJxDoj0thJvahzLT:beeper.local 41813 message_send_status upsert  
[log] [2026-04-17T20:30:20.713Z] ↓ state_sync !6sbSDJxDoj0thJvahzLT:beeper.local 41812 message_seen delete @signal_c67cf175-15a8-466b-bfa7-eaea7c92c332:beeper.local 
[log] [2026-04-17T20:30:20.713Z] ↓ state_sync !6sbSDJxDoj0thJvahzLT:beeper.local 41813 message_seen upsert  
[log] [2026-04-17T20:30:20.921Z] ↓ state_sync !6sbSDJxDoj0thJvahzLT:beeper.local 41813 message_send_status upsert  
[log] [2026-04-17T20:30:24.523Z] ↓ state_sync !6sbSDJxDoj0thJvahzLT:beeper.local undefined message upsert $z1p-Vj-2GGg1wCiNcPHKTBVNZG_CPNT4_z60j9bdIRU:beeper.local 
[debug] [2026-04-17T20:30:24.523Z] [ThreadStore][!6sbSDJxDoj0thJvahzLT:beeper.local] Incrementing unreadCount to 1 (id: 41816 eventID: $z1p-Vj-2GGg1wCiNcPHKTBVNZG_CPNT4_z60j9bdIRU:beeper.local) 
[log] [2026-04-17T20:30:24.607Z] [ThreadStore] showNewMessageNotification: Added=5 all=5 
[log] [2026-04-17T20:30:24.607Z] ↓ state_sync !6sbSDJxDoj0thJvahzLT:beeper.local 41813 message_seen delete @signal_c67cf175-15a8-466b-bfa7-eaea7c92c332:beeper.local 
[log] [2026-04-17T20:30:24.607Z] ↓ state_sync !6sbSDJxDoj0thJvahzLT:beeper.local 41816 message_seen upsert  
[log] [2026-04-17T20:30:24.607Z] ↓ state_sync !6sbSDJxDoj0thJvahzLT:beeper.local undefined participant upsert  
[log] [2026-04-17T20:30:24.607Z] ↓ state_sync !6sbSDJxDoj0thJvahzLT:beeper.local undefined participant update  
