[debug] [2026-04-17T20:24:19.567Z] [sqlite-worker] SELECT * FROM mx_read_receipts WHERE roomID = ? AND userID IN (?)
[debug] [2026-04-17T20:24:19.568Z] [sqlite-worker] 
    INSERT INTO mx_read_receipts (userID, timestamp, roomID, relatesToID, hsOrder, hsSuborder, hsOrderString, lastVisibleEventID)
    VALUES (?, ?, ?, ?, ?, ?, ?, COALESCE((
  SELECT eventID
  FROM mx_room_messages
  WHERE
    roomID = ? AND
    type != 'HIDDEN' AND
    type != 'REACTION' AND
    hsOrder <= ?
  ORDER BY hsOrder DESC LIMIT 1
), ?))
  ON CONFLICT(roomID, userID) DO UPDATE SET
    timestamp = excluded.timestamp,
    relatesToID = excluded.relatesToID,
    hsOrder = excluded.hsOrder,
    hsSuborder = excluded.hsSuborder,
    hsOrderString = excluded.hsOrderString,
    lastVisibleEventID = excluded.lastVisibleEventID
  WHERE excluded.hsOrder >= mx_read_receipts.hsOrder
  RETURNING *
  
[debug] [2026-04-17T20:24:19.569Z] [sqlite-worker] 
SELECT m.eventID, m.id
FROM mx_room_messages m
WHERE m.roomID = ? AND m.eventID IN (?, ?)
[debug] [2026-04-17T20:24:19.575Z] [sqlite-worker] SELECT * FROM mx_read_receipts WHERE userID = ? AND roomID = ?
[debug] [2026-04-17T20:24:19.575Z] [sqlite-worker] SELECT * FROM mx_room_messages WHERE roomID = ? AND id = ?
[debug] [2026-04-17T20:24:19.575Z] [sqlite-worker] 
      SELECT
          COUNT(DISTINCT mx_room_messages.id) AS unreadCount,
          SUM(CASE WHEN mention.value = '@room' OR mention.value = ? THEN 1 ELSE 0 END) AS unreadMentionsCount
      FROM mx_room_messages
      LEFT JOIN json_each(mx_room_messages.message, '$.mentions') AS mention
      WHERE
          mx_room_messages.roomId = ? AND
          mx_room_messages.isSentByMe = 0 AND
          mx_room_messages.isDeleted = 0 AND
          mx_room_messages.countsAsUnread = 1 AND
          mx_room_messages.hsOrder > ?
    
[debug] [2026-04-17T20:24:19.580Z] [sqlite-worker] INSERT OR REPLACE INTO threads (threadID, accountID, thread, timestamp, is_label) VALUES (?, ?, ?, ?, ?)
[debug] [2026-04-17T20:24:19.837Z] [sqlite-worker] 
SELECT
  t.accountID,
  t.thread,
  (
    SELECT json_group_array(
      json_object(
        'account_id', p.account_id,
        'participant_id', p.id,
        'room_id', p.room_id,
        'full_name', p.full_name,
        'nickname', p.nickname,
        'img_url', p.img_url,
        'is_verified', p.is_verified,
        'cannot_message', p.cannot_message,
        'is_self', p.is_self,
        'is_network_bot', p.is_network_bot,
        'added_by', p.added_by,
        'is_admin', p.is_admin,
        'is_pending', p.is_pending,
        'has_exited', p.has_exited,
        'identifiers', (
          SELECT json_group_array(
            json_object(
              'identifier', pi.identifier,
              'identifier_type', pi.identifier_type
            )
          )
          FROM participant_identifiers pi
          WHERE pi.account_id = p.account_id AND pi.participant_id = p.id
        )
      )
    )
    FROM participants p
    WHERE p.room_id = t.threadID AND p.account_id = t.accountID
  ) AS participants_json
FROM threads t
WHERE t.threadID = ?

[debug] [2026-04-17T20:24:19.843Z] [sqlite-worker] SELECT * FROM mx_read_receipts WHERE roomID = ? AND userID IN (?)
[debug] [2026-04-17T20:24:19.844Z] [sqlite-worker] 
    INSERT INTO mx_read_receipts (userID, timestamp, roomID, relatesToID, hsOrder, hsSuborder, hsOrderString, lastVisibleEventID)
    VALUES (?, ?, ?, ?, ?, ?, ?, COALESCE((
  SELECT eventID
  FROM mx_room_messages
  WHERE
    roomID = ? AND
    type != 'HIDDEN' AND
    type != 'REACTION' AND
    hsOrder <= ?
  ORDER BY hsOrder DESC LIMIT 1
), ?))
  ON CONFLICT(roomID, userID) DO UPDATE SET
    timestamp = excluded.timestamp,
    relatesToID = excluded.relatesToID,
    hsOrder = excluded.hsOrder,
    hsSuborder = excluded.hsSuborder,
    hsOrderString = excluded.hsOrderString,
    lastVisibleEventID = excluded.lastVisibleEventID
  WHERE excluded.hsOrder >= mx_read_receipts.hsOrder
  RETURNING *
  
[debug] [2026-04-17T20:24:19.844Z] [sqlite-worker] 
    UPDATE mx_room_messages SET seenByMeAt = ? WHERE seenByMeAt IS NULL AND id IN (
      SELECT id FROM mx_room_messages WHERE roomID = ? AND hsOrder > ? AND hsOrder <= ? LIMIT 5000 -- limit to avoid long running queries
    )
  
[debug] [2026-04-17T20:24:19.847Z] [sqlite-worker] 
SELECT m.eventID, m.id
FROM mx_room_messages m
WHERE m.roomID = ? AND m.eventID IN (?)
[debug] [2026-04-17T20:24:19.849Z] [sqlite-worker] SELECT * FROM mx_read_receipts WHERE userID = ? AND roomID = ?
[debug] [2026-04-17T20:24:19.850Z] [sqlite-worker] 
      SELECT
          COUNT(DISTINCT mx_room_messages.id) AS unreadCount,
          SUM(CASE WHEN mention.value = '@room' OR mention.value = ? THEN 1 ELSE 0 END) AS unreadMentionsCount
      FROM mx_room_messages
      LEFT JOIN json_each(mx_room_messages.message, '$.mentions') AS mention
      WHERE
          mx_room_messages.roomId = ? AND
          mx_room_messages.isSentByMe = 0 AND
          mx_room_messages.isDeleted = 0 AND
          mx_room_messages.countsAsUnread = 1 AND
          mx_room_messages.hsOrder > ?
    
[debug] [2026-04-17T20:24:19.852Z] [sqlite-worker] INSERT OR REPLACE INTO threads (threadID, accountID, thread, timestamp, is_label) VALUES (?, ?, ?, ?, ?)
[debug] [2026-04-17T20:24:24.406Z] [sqlite-worker] 
SELECT
  t.accountID,
  t.thread,
  (
    SELECT json_group_array(
      json_object(
        'account_id', p.account_id,
        'participant_id', p.id,
        'room_id', p.room_id,
        'full_name', p.full_name,
        'nickname', p.nickname,
        'img_url', p.img_url,
        'is_verified', p.is_verified,
        'cannot_message', p.cannot_message,
        'is_self', p.is_self,
        'is_network_bot', p.is_network_bot,
        'added_by', p.added_by,
        'is_admin', p.is_admin,
        'is_pending', p.is_pending,
        'has_exited', p.has_exited,
        'identifiers', (
          SELECT json_group_array(
            json_object(
              'identifier', pi.identifier,
              'identifier_type', pi.identifier_type
            )
          )
          FROM participant_identifiers pi
          WHERE pi.account_id = p.account_id AND pi.participant_id = p.id
        )
      )
    )
    FROM participants p
    WHERE p.room_id = t.threadID AND p.account_id = t.accountID
  ) AS participants_json
FROM threads t
WHERE t.threadID = ?

[debug] [2026-04-17T20:24:25.419Z] [sqlite-worker] 
SELECT
  t.accountID,
  t.thread,
  (
    SELECT json_group_array(
      json_object(
        'account_id', p.account_id,
        'participant_id', p.id,
        'room_id', p.room_id,
        'full_name', p.full_name,
        'nickname', p.nickname,
        'img_url', p.img_url,
        'is_verified', p.is_verified,
        'cannot_message', p.cannot_message,
        'is_self', p.is_self,
        'is_network_bot', p.is_network_bot,
        'added_by', p.added_by,
        'is_admin', p.is_admin,
        'is_pending', p.is_pending,
        'has_exited', p.has_exited,
        'identifiers', (
          SELECT json_group_array(
            json_object(
              'identifier', pi.identifier,
              'identifier_type', pi.identifier_type
            )
          )
          FROM participant_identifiers pi
          WHERE pi.account_id = p.account_id AND pi.participant_id = p.id
        )
      )
    )
    FROM participants p
    WHERE p.room_id = t.threadID AND p.account_id = t.accountID
  ) AS participants_json
FROM threads t
WHERE t.threadID = ?

[debug] [2026-04-17T20:24:25.419Z] [sqlite-worker] 
SELECT m.id
FROM mx_room_messages m
WHERE m.roomID = ? AND m.lastEditionID = ?
LIMIT 1
    
[debug] [2026-04-17T20:24:25.419Z] [sqlite-worker] 
SELECT m.id
FROM mx_room_messages m
WHERE m.roomID = ? AND m.eventID = ?
LIMIT 1
    
[debug] [2026-04-17T20:24:25.420Z] [sqlite-worker] UPDATE mx_room_messages SET sendStatus = ? WHERE roomID = ? AND id = ?
[debug] [2026-04-17T20:24:25.420Z] [sqlite-worker] 
INSERT INTO mx_room_messages (
  id,
  roomID,
  eventID,
  senderContactID,
  timestamp,
  isEdited,
  lastEditionID,
  isDetached,
  lastEditionTimestamp,
  lastEditionOrder,
  isDeleted,
  isEncrypted,
  inReplyToID,
  isReplyThreadFallback,
  type,
  hsOrder,
  isSentByMe,
  replyCount,
  shouldNotify,
  shouldPreview,
  countsAsUnread,
  lastDeletionID,
  editedType,
  message,
  echo_echoID,
  seenByMeAt
) VALUES (?, ?, ?, ?, ?, ?, ?, ?, ?, ?, ?, ?, ?, ?, ?, ?, ?, ?, ?, ?, ?, ?, ?, ?, ?, ?)
ON CONFLICT(roomID, eventID) DO UPDATE SET
  senderContactID = excluded.senderContactID,
  timestamp = excluded.timestamp,
  isEdited = excluded.isEdited,
  lastEditionID = excluded.lastEditionID,
  isDetached = excluded.isDetached,
  lastEditionTimestamp = excluded.lastEditionTimestamp,
  lastEditionOrder = excluded.lastEditionOrder,
  isDeleted = excluded.isDeleted,
  isEncrypted = excluded.isEncrypted,
  inReplyToID = excluded.inReplyToID,
  isReplyThreadFallback = excluded.isReplyThreadFallback,
  type = excluded.type,
  hsOrder = excluded.hsOrder,
  isSentByMe = excluded.isSentByMe,
  replyCount = excluded.replyCount,
  shouldNotify = excluded.shouldNotify,
  shouldPreview = excluded.shouldPreview,
  countsAsUnread = excluded.countsAsUnread,
  lastDeletionID = excluded.lastDeletionID,
  editedType = excluded.editedType,
  message = excluded.message,
  echo_echoID = excluded.echo_echoID,
  seenByMeAt = excluded.seenByMeAt,
  sendStatus = NULL RETURNING id
[debug] [2026-04-17T20:24:25.705Z] [sqlite-worker] 
SELECT
  t.accountID,
  t.thread,
  (
    SELECT json_group_array(
      json_object(
        'account_id', p.account_id,
        'participant_id', p.id,
        'room_id', p.room_id,
        'full_name', p.full_name,
        'nickname', p.nickname,
        'img_url', p.img_url,
        'is_verified', p.is_verified,
        'cannot_message', p.cannot_message,
        'is_self', p.is_self,
        'is_network_bot', p.is_network_bot,
        'added_by', p.added_by,
        'is_admin', p.is_admin,
        'is_pending', p.is_pending,
        'has_exited', p.has_exited,
        'identifiers', (
          SELECT json_group_array(
            json_object(
              'identifier', pi.identifier,
              'identifier_type', pi.identifier_type
            )
          )
          FROM participant_identifiers pi
          WHERE pi.account_id = p.account_id AND pi.participant_id = p.id
        )
      )
    )
    FROM participants p
    WHERE p.room_id = t.threadID AND p.account_id = t.accountID
  ) AS participants_json
FROM threads t
WHERE t.threadID = ?

[debug] [2026-04-17T20:24:26.439Z] [sqlite-worker] 
SELECT
  t.accountID,
  t.thread,
  (
    SELECT json_group_array(
      json_object(
        'account_id', p.account_id,
        'participant_id', p.id,
        'room_id', p.room_id,
        'full_name', p.full_name,
        'nickname', p.nickname,
        'img_url', p.img_url,
        'is_verified', p.is_verified,
        'cannot_message', p.cannot_message,
        'is_self', p.is_self,
        'is_network_bot', p.is_network_bot,
        'added_by', p.added_by,
        'is_admin', p.is_admin,
        'is_pending', p.is_pending,
        'has_exited', p.has_exited,
        'identifiers', (
          SELECT json_group_array(
            json_object(
              'identifier', pi.identifier,
              'identifier_type', pi.identifier_type
            )
          )
          FROM participant_identifiers pi
          WHERE pi.account_id = p.account_id AND pi.participant_id = p.id
        )
      )
    )
    FROM participants p
    WHERE p.room_id = t.threadID AND p.account_id = t.accountID
  ) AS participants_json
FROM threads t
WHERE t.threadID = ?

[debug] [2026-04-17T20:24:26.444Z] [sqlite-worker] 
SELECT m.id
FROM mx_room_messages m
WHERE m.roomID = ? AND m.lastEditionID = ?
LIMIT 1
    
[debug] [2026-04-17T20:24:26.444Z] [sqlite-worker] 
SELECT m.id
FROM mx_room_messages m
WHERE m.roomID = ? AND m.eventID = ?
LIMIT 1
    
[debug] [2026-04-17T20:24:26.446Z] [sqlite-worker] UPDATE mx_room_messages SET sendStatus = ? WHERE roomID = ? AND id = ?
[debug] [2026-04-17T20:24:26.449Z] [sqlite-worker] 
INSERT INTO mx_room_messages (
  id,
  roomID,
  eventID,
  senderContactID,
  timestamp,
  isEdited,
  lastEditionID,
  isDetached,
  lastEditionTimestamp,
  lastEditionOrder,
  isDeleted,
  isEncrypted,
  inReplyToID,
  isReplyThreadFallback,
  type,
  hsOrder,
  isSentByMe,
  replyCount,
  shouldNotify,
  shouldPreview,
  countsAsUnread,
  lastDeletionID,
  editedType,
  message,
  echo_echoID,
  seenByMeAt
) VALUES (?, ?, ?, ?, ?, ?, ?, ?, ?, ?, ?, ?, ?, ?, ?, ?, ?, ?, ?, ?, ?, ?, ?, ?, ?, ?)
ON CONFLICT(roomID, eventID) DO UPDATE SET
  senderContactID = excluded.senderContactID,
  timestamp = excluded.timestamp,
  isEdited = excluded.isEdited,
  lastEditionID = excluded.lastEditionID,
  isDetached = excluded.isDetached,
  lastEditionTimestamp = excluded.lastEditionTimestamp,
  lastEditionOrder = excluded.lastEditionOrder,
  isDeleted = excluded.isDeleted,
  isEncrypted = excluded.isEncrypted,
  inReplyToID = excluded.inReplyToID,
  isReplyThreadFallback = excluded.isReplyThreadFallback,
  type = excluded.type,
  hsOrder = excluded.hsOrder,
  isSentByMe = excluded.isSentByMe,
  replyCount = excluded.replyCount,
  shouldNotify = excluded.shouldNotify,
  shouldPreview = excluded.shouldPreview,
  countsAsUnread = excluded.countsAsUnread,
  lastDeletionID = excluded.lastDeletionID,
  editedType = excluded.editedType,
  message = excluded.message,
  echo_echoID = excluded.echo_echoID,
  seenByMeAt = excluded.seenByMeAt,
  sendStatus = NULL RETURNING id
[debug] [2026-04-17T20:24:27.349Z] [sqlite-worker] INSERT OR IGNORE INTO thread_props VALUES (?, ?, '{}')
[debug] [2026-04-17T20:24:27.349Z] [sqlite-worker] UPDATE thread_props SET props = json_patch(props, ?) WHERE accountID = ? AND threadID = ?
[debug] [2026-04-17T20:24:31.261Z] [sqlite-worker] INSERT OR REPLACE INTO key_values VALUES (?, ?)
[debug] [2026-04-17T20:24:31.303Z] [sqlite-worker] INSERT OR IGNORE INTO thread_props VALUES (?, ?, '{}')
[debug] [2026-04-17T20:24:31.306Z] [sqlite-worker] UPDATE thread_props SET props = json_patch(props, ?) WHERE accountID = ? AND threadID = ?
[debug] [2026-04-17T20:24:31.311Z] [sqlite-worker] INSERT OR IGNORE INTO thread_props VALUES (?, ?, '{}')
[debug] [2026-04-17T20:24:31.311Z] [sqlite-worker] UPDATE thread_props SET props = json_remove(props, ?) WHERE accountID = ? AND threadID = ?
[debug] [2026-04-17T20:24:31.376Z] [sqlite-worker] INSERT OR IGNORE INTO thread_props VALUES (?, ?, '{}')
[debug] [2026-04-17T20:24:31.377Z] [sqlite-worker] UPDATE thread_props SET props = json_patch(props, ?) WHERE accountID = ? AND threadID = ?
[debug] [2026-04-17T20:24:31.603Z] [sqlite-worker] SELECT * FROM breadcrumbs WHERE id = ?
[debug] [2026-04-17T20:24:31.605Z] [sqlite-worker] INSERT OR REPLACE INTO breadcrumbs (id, sentCount, sentLast, openCount, lastOpenTime) VALUES (?, ?, ?, ?, ?)
[debug] [2026-04-17T20:24:32.000Z] [sqlite-worker] INSERT OR IGNORE INTO thread_props VALUES (?, ?, '{}')
[debug] [2026-04-17T20:24:32.003Z] [sqlite-worker] UPDATE thread_props SET props = json_remove(props, ?) WHERE accountID = ? AND threadID = ?
[debug] [2026-04-17T20:24:32.035Z] [sqlite-worker] 
SELECT
  t.accountID,
  t.thread,
  (
    SELECT json_group_array(
      json_object(
        'account_id', p.account_id,
        'participant_id', p.id,
        'room_id', p.room_id,
        'full_name', p.full_name,
        'nickname', p.nickname,
        'img_url', p.img_url,
        'is_verified', p.is_verified,
        'cannot_message', p.cannot_message,
        'is_self', p.is_self,
        'is_network_bot', p.is_network_bot,
        'added_by', p.added_by,
        'is_admin', p.is_admin,
        'is_pending', p.is_pending,
        'has_exited', p.has_exited,
        'identifiers', (
          SELECT json_group_array(
            json_object(
              'identifier', pi.identifier,
              'identifier_type', pi.identifier_type
            )
          )
          FROM participant_identifiers pi
          WHERE pi.account_id = p.account_id AND pi.participant_id = p.id
        )
      )
    )
    FROM participants p
    WHERE p.room_id = t.threadID AND p.account_id = t.accountID
  ) AS participants_json
FROM threads t
WHERE t.threadID = ?

[debug] [2026-04-17T20:24:32.040Z] [sqlite-worker] 
INSERT INTO mx_room_messages (
  id,
  roomID,
  eventID,
  senderContactID,
  timestamp,
  isEdited,
  lastEditionID,
  isDetached,
  lastEditionTimestamp,
  lastEditionOrder,
  isDeleted,
  isEncrypted,
  inReplyToID,
  isReplyThreadFallback,
  type,
  hsOrder,
  isSentByMe,
  replyCount,
  shouldNotify,
  shouldPreview,
  countsAsUnread,
  lastDeletionID,
  editedType,
  message,
  echo_echoID,
  seenByMeAt
) VALUES (?, ?, ?, ?, ?, ?, ?, ?, ?, ?, ?, ?, ?, ?, ?, ?, ?, ?, ?, ?, ?, ?, ?, ?, ?, ?)
ON CONFLICT(roomID, eventID) DO UPDATE SET
  senderContactID = excluded.senderContactID,
  timestamp = excluded.timestamp,
  isEdited = excluded.isEdited,
  lastEditionID = excluded.lastEditionID,
  isDetached = excluded.isDetached,
  lastEditionTimestamp = excluded.lastEditionTimestamp,
  lastEditionOrder = excluded.lastEditionOrder,
  isDeleted = excluded.isDeleted,
  isEncrypted = excluded.isEncrypted,
  inReplyToID = excluded.inReplyToID,
  isReplyThreadFallback = excluded.isReplyThreadFallback,
  type = excluded.type,
  hsOrder = excluded.hsOrder,
  isSentByMe = excluded.isSentByMe,
  replyCount = excluded.replyCount,
  shouldNotify = excluded.shouldNotify,
  shouldPreview = excluded.shouldPreview,
  countsAsUnread = excluded.countsAsUnread,
  lastDeletionID = excluded.lastDeletionID,
  editedType = excluded.editedType,
  message = excluded.message,
  echo_echoID = excluded.echo_echoID,
  seenByMeAt = excluded.seenByMeAt,
  sendStatus = NULL RETURNING 
    mx_room_messages.id AS mx_msg_id,
    mx_room_messages.roomID AS mx_msg_roomID,
    mx_room_messages.eventID AS mx_msg_eventID,
    mx_room_messages.message AS mx_msg_msg,
    mx_room_messages.hsOrder AS mx_msg_hsOrder,
    mx_room_messages.sendStatus AS mx_msg_sendStatus,
    (
    SELECT json_object('id', linked.id, 'message', linked.message)
    FROM mx_room_messages linked
    WHERE mx_room_messages.inReplyToID IS NOT NULL
      AND (linked.eventID = mx_room_messages.inReplyToID OR linked.lastEditionID = mx_room_messages.inReplyToID)
    LIMIT 1
  ) AS mx_msg_linkedMessage,
    mx_room_messages.echo_echoID AS mx_msg_echo_echoID
  
[debug] [2026-04-17T20:24:32.042Z] [sqlite-worker] SELECT * FROM mx_read_receipts WHERE userID = ? AND roomID = ?
[debug] [2026-04-17T20:24:32.043Z] [sqlite-worker] 
    INSERT INTO mx_read_receipts (userID, timestamp, roomID, relatesToID, hsOrder, hsSuborder, hsOrderString, lastVisibleEventID)
    VALUES (?, ?, ?, ?, ?, ?, ?, COALESCE((
  SELECT eventID
  FROM mx_room_messages
  WHERE
    roomID = ? AND
    type != 'HIDDEN' AND
    type != 'REACTION' AND
    hsOrder <= ?
  ORDER BY hsOrder DESC LIMIT 1
), ?))
  ON CONFLICT(roomID, userID) DO UPDATE SET
    timestamp = excluded.timestamp,
    relatesToID = excluded.relatesToID,
    hsOrder = excluded.hsOrder,
    hsSuborder = excluded.hsSuborder,
    hsOrderString = excluded.hsOrderString,
    lastVisibleEventID = excluded.lastVisibleEventID
  WHERE excluded.hsOrder >= mx_read_receipts.hsOrder
  RETURNING *
  
[debug] [2026-04-17T20:24:32.043Z] [sqlite-worker] 
    UPDATE mx_room_messages SET seenByMeAt = ? WHERE seenByMeAt IS NULL AND id IN (
      SELECT id FROM mx_room_messages WHERE roomID = ? AND hsOrder > ? AND hsOrder <= ? LIMIT 5000 -- limit to avoid long running queries
    )
  
[debug] [2026-04-17T20:24:32.047Z] [sqlite-worker] 
SELECT m.id
FROM mx_room_messages m
WHERE m.roomID = ? AND m.eventID = ?
LIMIT 1
    
[debug] [2026-04-17T20:24:32.049Z] [sqlite-worker] SELECT * FROM mx_read_receipts WHERE roomID = ? AND userID IN (?)
[debug] [2026-04-17T20:24:32.050Z] [sqlite-worker] 
    INSERT INTO mx_read_receipts (userID, timestamp, roomID, relatesToID, hsOrder, hsSuborder, hsOrderString, lastVisibleEventID)
    VALUES (?, ?, ?, ?, ?, ?, ?, COALESCE((
  SELECT eventID
  FROM mx_room_messages
  WHERE
    roomID = ? AND
    type != 'HIDDEN' AND
    type != 'REACTION' AND
    hsOrder <= ?
  ORDER BY hsOrder DESC LIMIT 1
), ?))
  ON CONFLICT(roomID, userID) DO UPDATE SET
    timestamp = excluded.timestamp,
    relatesToID = excluded.relatesToID,
    hsOrder = excluded.hsOrder,
    hsSuborder = excluded.hsSuborder,
    hsOrderString = excluded.hsOrderString,
    lastVisibleEventID = excluded.lastVisibleEventID
  WHERE excluded.hsOrder >= mx_read_receipts.hsOrder
  RETURNING *
  
[debug] [2026-04-17T20:24:32.051Z] [sqlite-worker] 
    UPDATE mx_room_messages SET seenByMeAt = ? WHERE seenByMeAt IS NULL AND id IN (
      SELECT id FROM mx_room_messages WHERE roomID = ? AND hsOrder > ? AND hsOrder <= ? LIMIT 5000 -- limit to avoid long running queries
    )
  
[debug] [2026-04-17T20:24:32.052Z] [sqlite-worker] SELECT * FROM mx_read_receipts WHERE userID = ? AND roomID = ?
[debug] [2026-04-17T20:24:32.052Z] [sqlite-worker] 
      SELECT
          COUNT(DISTINCT mx_room_messages.id) AS unreadCount,
          SUM(CASE WHEN mention.value = '@room' OR mention.value = ? THEN 1 ELSE 0 END) AS unreadMentionsCount
      FROM mx_room_messages
      LEFT JOIN json_each(mx_room_messages.message, '$.mentions') AS mention
      WHERE
          mx_room_messages.roomId = ? AND
          mx_room_messages.isSentByMe = 0 AND
          mx_room_messages.isDeleted = 0 AND
          mx_room_messages.countsAsUnread = 1 AND
          mx_room_messages.hsOrder > ?
    
[debug] [2026-04-17T20:24:32.055Z] [sqlite-worker] INSERT OR REPLACE INTO threads (threadID, accountID, thread, timestamp, is_label) VALUES (?, ?, ?, ?, ?)
[debug] [2026-04-17T20:24:32.177Z] [sqlite-worker] SELECT * FROM mx_room_messages WHERE roomID = ? AND id = ?
[debug] [2026-04-17T20:24:32.348Z] [sqlite-worker] 
SELECT
  t.accountID,
  t.thread,
  (
    SELECT json_group_array(
      json_object(
        'account_id', p.account_id,
        'participant_id', p.id,
        'room_id', p.room_id,
        'full_name', p.full_name,
        'nickname', p.nickname,
        'img_url', p.img_url,
        'is_verified', p.is_verified,
        'cannot_message', p.cannot_message,
        'is_self', p.is_self,
        'is_network_bot', p.is_network_bot,
        'added_by', p.added_by,
        'is_admin', p.is_admin,
        'is_pending', p.is_pending,
        'has_exited', p.has_exited,
        'identifiers', (
          SELECT json_group_array(
            json_object(
              'identifier', pi.identifier,
              'identifier_type', pi.identifier_type
            )
          )
          FROM participant_identifiers pi
          WHERE pi.account_id = p.account_id AND pi.participant_id = p.id
        )
      )
    )
    FROM participants p
    WHERE p.room_id = t.threadID AND p.account_id = t.accountID
  ) AS participants_json
FROM threads t
WHERE t.threadID = ?

[debug] [2026-04-17T20:24:32.351Z] [sqlite-worker] 
SELECT m.id
FROM mx_room_messages m
WHERE m.roomID = ? AND m.lastEditionID = ?
LIMIT 1
    
[debug] [2026-04-17T20:24:32.353Z] [sqlite-worker] 
SELECT m.id
FROM mx_room_messages m
WHERE m.roomID = ? AND m.eventID = ?
LIMIT 1
    
[debug] [2026-04-17T20:24:32.354Z] [sqlite-worker] UPDATE mx_room_messages SET sendStatus = ? WHERE roomID = ? AND id = ?
[debug] [2026-04-17T20:24:32.356Z] [sqlite-worker] 
INSERT INTO mx_room_messages (
  id,
  roomID,
  eventID,
  senderContactID,
  timestamp,
  isEdited,
  lastEditionID,
  isDetached,
  lastEditionTimestamp,
  lastEditionOrder,
  isDeleted,
  isEncrypted,
  inReplyToID,
  isReplyThreadFallback,
  type,
  hsOrder,
  isSentByMe,
  replyCount,
  shouldNotify,
  shouldPreview,
  countsAsUnread,
  lastDeletionID,
  editedType,
  message,
  echo_echoID,
  seenByMeAt
) VALUES (?, ?, ?, ?, ?, ?, ?, ?, ?, ?, ?, ?, ?, ?, ?, ?, ?, ?, ?, ?, ?, ?, ?, ?, ?, ?)
ON CONFLICT(roomID, eventID) DO UPDATE SET
  senderContactID = excluded.senderContactID,
  timestamp = excluded.timestamp,
  isEdited = excluded.isEdited,
  lastEditionID = excluded.lastEditionID,
  isDetached = excluded.isDetached,
  lastEditionTimestamp = excluded.lastEditionTimestamp,
  lastEditionOrder = excluded.lastEditionOrder,
  isDeleted = excluded.isDeleted,
  isEncrypted = excluded.isEncrypted,
  inReplyToID = excluded.inReplyToID,
  isReplyThreadFallback = excluded.isReplyThreadFallback,
  type = excluded.type,
  hsOrder = excluded.hsOrder,
  isSentByMe = excluded.isSentByMe,
  replyCount = excluded.replyCount,
  shouldNotify = excluded.shouldNotify,
  shouldPreview = excluded.shouldPreview,
  countsAsUnread = excluded.countsAsUnread,
  lastDeletionID = excluded.lastDeletionID,
  editedType = excluded.editedType,
  message = excluded.message,
  echo_echoID = excluded.echo_echoID,
  seenByMeAt = excluded.seenByMeAt,
  sendStatus = NULL RETURNING id
[debug] [2026-04-17T20:24:32.561Z] [sqlite-worker] 
SELECT
  t.accountID,
  t.thread,
  (
    SELECT json_group_array(
      json_object(
        'account_id', p.account_id,
        'participant_id', p.id,
        'room_id', p.room_id,
        'full_name', p.full_name,
        'nickname', p.nickname,
        'img_url', p.img_url,
        'is_verified', p.is_verified,
        'cannot_message', p.cannot_message,
        'is_self', p.is_self,
        'is_network_bot', p.is_network_bot,
        'added_by', p.added_by,
        'is_admin', p.is_admin,
        'is_pending', p.is_pending,
        'has_exited', p.has_exited,
        'identifiers', (
          SELECT json_group_array(
            json_object(
              'identifier', pi.identifier,
              'identifier_type', pi.identifier_type
            )
          )
          FROM participant_identifiers pi
          WHERE pi.account_id = p.account_id AND pi.participant_id = p.id
        )
      )
    )
    FROM participants p
    WHERE p.room_id = t.threadID AND p.account_id = t.accountID
  ) AS participants_json
FROM threads t
WHERE t.threadID = ?

[debug] [2026-04-17T20:24:32.566Z] [sqlite-worker] SELECT * FROM mx_read_receipts WHERE userID = ? AND roomID = ?
[debug] [2026-04-17T20:24:32.568Z] [sqlite-worker] 
      SELECT
          COUNT(DISTINCT mx_room_messages.id) AS unreadCount,
          SUM(CASE WHEN mention.value = '@room' OR mention.value = ? THEN 1 ELSE 0 END) AS unreadMentionsCount
      FROM mx_room_messages
      LEFT JOIN json_each(mx_room_messages.message, '$.mentions') AS mention
      WHERE
          mx_room_messages.roomId = ? AND
          mx_room_messages.isSentByMe = 0 AND
          mx_room_messages.isDeleted = 0 AND
          mx_room_messages.countsAsUnread = 1 AND
          mx_room_messages.hsOrder > ?
    
[debug] [2026-04-17T20:24:32.572Z] [sqlite-worker] INSERT OR REPLACE INTO threads (threadID, accountID, thread, timestamp, is_label) VALUES (?, ?, ?, ?, ?)
[debug] [2026-04-17T20:24:32.768Z] [sqlite-worker] 
SELECT
  t.accountID,
  t.thread,
  (
    SELECT json_group_array(
      json_object(
        'account_id', p.account_id,
        'participant_id', p.id,
        'room_id', p.room_id,
        'full_name', p.full_name,
        'nickname', p.nickname,
        'img_url', p.img_url,
        'is_verified', p.is_verified,
        'cannot_message', p.cannot_message,
        'is_self', p.is_self,
        'is_network_bot', p.is_network_bot,
        'added_by', p.added_by,
        'is_admin', p.is_admin,
        'is_pending', p.is_pending,
        'has_exited', p.has_exited,
        'identifiers', (
          SELECT json_group_array(
            json_object(
              'identifier', pi.identifier,
              'identifier_type', pi.identifier_type
            )
          )
          FROM participant_identifiers pi
          WHERE pi.account_id = p.account_id AND pi.participant_id = p.id
        )
      )
    )
    FROM participants p
    WHERE p.room_id = t.threadID AND p.account_id = t.accountID
  ) AS participants_json
FROM threads t
WHERE t.threadID = ?

[debug] [2026-04-17T20:24:32.769Z] [sqlite-worker] 
SELECT m.id
FROM mx_room_messages m
WHERE m.roomID = ? AND m.lastEditionID = ?
LIMIT 1
    
[debug] [2026-04-17T20:24:32.769Z] [sqlite-worker] 
SELECT m.id
FROM mx_room_messages m
WHERE m.roomID = ? AND m.eventID = ?
LIMIT 1
    
[debug] [2026-04-17T20:24:32.770Z] [sqlite-worker] UPDATE mx_room_messages SET sendStatus = ? WHERE roomID = ? AND id = ?
[debug] [2026-04-17T20:24:32.772Z] [sqlite-worker] 
INSERT INTO mx_room_messages (
  id,
  roomID,
  eventID,
  senderContactID,
  timestamp,
  isEdited,
  lastEditionID,
  isDetached,
  lastEditionTimestamp,
  lastEditionOrder,
  isDeleted,
  isEncrypted,
  inReplyToID,
  isReplyThreadFallback,
  type,
  hsOrder,
  isSentByMe,
  replyCount,
  shouldNotify,
  shouldPreview,
  countsAsUnread,
  lastDeletionID,
  editedType,
  message,
  echo_echoID,
  seenByMeAt
) VALUES (?, ?, ?, ?, ?, ?, ?, ?, ?, ?, ?, ?, ?, ?, ?, ?, ?, ?, ?, ?, ?, ?, ?, ?, ?, ?)
ON CONFLICT(roomID, eventID) DO UPDATE SET
  senderContactID = excluded.senderContactID,
  timestamp = excluded.timestamp,
  isEdited = excluded.isEdited,
  lastEditionID = excluded.lastEditionID,
  isDetached = excluded.isDetached,
  lastEditionTimestamp = excluded.lastEditionTimestamp,
  lastEditionOrder = excluded.lastEditionOrder,
  isDeleted = excluded.isDeleted,
  isEncrypted = excluded.isEncrypted,
  inReplyToID = excluded.inReplyToID,
  isReplyThreadFallback = excluded.isReplyThreadFallback,
  type = excluded.type,
  hsOrder = excluded.hsOrder,
  isSentByMe = excluded.isSentByMe,
  replyCount = excluded.replyCount,
  shouldNotify = excluded.shouldNotify,
  shouldPreview = excluded.shouldPreview,
  countsAsUnread = excluded.countsAsUnread,
  lastDeletionID = excluded.lastDeletionID,
  editedType = excluded.editedType,
  message = excluded.message,
  echo_echoID = excluded.echo_echoID,
  seenByMeAt = excluded.seenByMeAt,
  sendStatus = NULL RETURNING id
[debug] [2026-04-17T20:24:32.965Z] [sqlite-worker] 
SELECT
  t.accountID,
  t.thread,
  (
    SELECT json_group_array(
      json_object(
        'account_id', p.account_id,
        'participant_id', p.id,
        'room_id', p.room_id,
        'full_name', p.full_name,
        'nickname', p.nickname,
        'img_url', p.img_url,
        'is_verified', p.is_verified,
        'cannot_message', p.cannot_message,
        'is_self', p.is_self,
        'is_network_bot', p.is_network_bot,
        'added_by', p.added_by,
        'is_admin', p.is_admin,
        'is_pending', p.is_pending,
        'has_exited', p.has_exited,
        'identifiers', (
          SELECT json_group_array(
            json_object(
              'identifier', pi.identifier,
              'identifier_type', pi.identifier_type
            )
          )
          FROM participant_identifiers pi
          WHERE pi.account_id = p.account_id AND pi.participant_id = p.id
        )
      )
    )
    FROM participants p
    WHERE p.room_id = t.threadID AND p.account_id = t.accountID
  ) AS participants_json
FROM threads t
WHERE t.threadID = ?

[debug] [2026-04-17T20:24:32.968Z] [sqlite-worker] SELECT * FROM mx_read_receipts WHERE roomID = ? AND userID IN (?)
[debug] [2026-04-17T20:24:32.971Z] [sqlite-worker] 
    INSERT INTO mx_read_receipts (userID, timestamp, roomID, relatesToID, hsOrder, hsSuborder, hsOrderString, lastVisibleEventID)
    VALUES (?, ?, ?, ?, ?, ?, ?, COALESCE((
  SELECT eventID
  FROM mx_room_messages
  WHERE
    roomID = ? AND
    type != 'HIDDEN' AND
    type != 'REACTION' AND
    hsOrder <= ?
  ORDER BY hsOrder DESC LIMIT 1
), ?))
  ON CONFLICT(roomID, userID) DO UPDATE SET
    timestamp = excluded.timestamp,
    relatesToID = excluded.relatesToID,
    hsOrder = excluded.hsOrder,
    hsSuborder = excluded.hsSuborder,
    hsOrderString = excluded.hsOrderString,
    lastVisibleEventID = excluded.lastVisibleEventID
  WHERE excluded.hsOrder >= mx_read_receipts.hsOrder
  RETURNING *
  
[debug] [2026-04-17T20:24:32.972Z] [sqlite-worker] 
SELECT m.eventID, m.id
FROM mx_room_messages m
WHERE m.roomID = ? AND m.eventID IN (?, ?)
[debug] [2026-04-17T20:24:33.284Z] [sqlite-worker] 
SELECT
  t.accountID,
  t.thread,
  (
    SELECT json_group_array(
      json_object(
        'account_id', p.account_id,
        'participant_id', p.id,
        'room_id', p.room_id,
        'full_name', p.full_name,
        'nickname', p.nickname,
        'img_url', p.img_url,
        'is_verified', p.is_verified,
        'cannot_message', p.cannot_message,
        'is_self', p.is_self,
        'is_network_bot', p.is_network_bot,
        'added_by', p.added_by,
        'is_admin', p.is_admin,
        'is_pending', p.is_pending,
        'has_exited', p.has_exited,
        'identifiers', (
          SELECT json_group_array(
            json_object(
              'identifier', pi.identifier,
              'identifier_type', pi.identifier_type
            )
          )
          FROM participant_identifiers pi
          WHERE pi.account_id = p.account_id AND pi.participant_id = p.id
        )
      )
    )
    FROM participants p
    WHERE p.room_id = t.threadID AND p.account_id = t.accountID
  ) AS participants_json
FROM threads t
WHERE t.threadID = ?

[debug] [2026-04-17T20:24:33.285Z] [sqlite-worker] 
SELECT m.id
FROM mx_room_messages m
WHERE m.roomID = ? AND m.lastEditionID = ?
LIMIT 1
    
[debug] [2026-04-17T20:24:33.285Z] [sqlite-worker] 
SELECT m.id
FROM mx_room_messages m
WHERE m.roomID = ? AND m.eventID = ?
LIMIT 1
    
[debug] [2026-04-17T20:24:33.286Z] [sqlite-worker] UPDATE mx_room_messages SET sendStatus = ? WHERE roomID = ? AND id = ?
[debug] [2026-04-17T20:24:33.287Z] [sqlite-worker] 
INSERT INTO mx_room_messages (
  id,
  roomID,
  eventID,
  senderContactID,
  timestamp,
  isEdited,
  lastEditionID,
  isDetached,
  lastEditionTimestamp,
  lastEditionOrder,
  isDeleted,
  isEncrypted,
  inReplyToID,
  isReplyThreadFallback,
  type,
  hsOrder,
  isSentByMe,
  replyCount,
  shouldNotify,
  shouldPreview,
  countsAsUnread,
  lastDeletionID,
  editedType,
  message,
  echo_echoID,
  seenByMeAt
) VALUES (?, ?, ?, ?, ?, ?, ?, ?, ?, ?, ?, ?, ?, ?, ?, ?, ?, ?, ?, ?, ?, ?, ?, ?, ?, ?)
ON CONFLICT(roomID, eventID) DO UPDATE SET
  senderContactID = excluded.senderContactID,
  timestamp = excluded.timestamp,
  isEdited = excluded.isEdited,
  lastEditionID = excluded.lastEditionID,
  isDetached = excluded.isDetached,
  lastEditionTimestamp = excluded.lastEditionTimestamp,
  lastEditionOrder = excluded.lastEditionOrder,
  isDeleted = excluded.isDeleted,
  isEncrypted = excluded.isEncrypted,
  inReplyToID = excluded.inReplyToID,
  isReplyThreadFallback = excluded.isReplyThreadFallback,
  type = excluded.type,
  hsOrder = excluded.hsOrder,
  isSentByMe = excluded.isSentByMe,
  replyCount = excluded.replyCount,
  shouldNotify = excluded.shouldNotify,
  shouldPreview = excluded.shouldPreview,
  countsAsUnread = excluded.countsAsUnread,
  lastDeletionID = excluded.lastDeletionID,
  editedType = excluded.editedType,
  message = excluded.message,
  echo_echoID = excluded.echo_echoID,
  seenByMeAt = excluded.seenByMeAt,
  sendStatus = NULL RETURNING id
[debug] [2026-04-17T20:24:33.324Z] [sqlite-worker] INSERT OR REPLACE INTO key_values VALUES (?, ?)
[debug] [2026-04-17T20:24:33.354Z] [sqlite-worker] INSERT OR IGNORE INTO thread_props VALUES (?, ?, '{}')
[debug] [2026-04-17T20:24:33.355Z] [sqlite-worker] UPDATE thread_props SET props = json_patch(props, ?) WHERE accountID = ? AND threadID = ?
[debug] [2026-04-17T20:24:33.356Z] [sqlite-worker] INSERT OR IGNORE INTO thread_props VALUES (?, ?, '{}')
[debug] [2026-04-17T20:24:33.356Z] [sqlite-worker] UPDATE thread_props SET props = json_remove(props, ?) WHERE accountID = ? AND threadID = ?
[debug] [2026-04-17T20:24:33.404Z] [sqlite-worker] INSERT OR IGNORE INTO thread_props VALUES (?, ?, '{}')
[debug] [2026-04-17T20:24:33.405Z] [sqlite-worker] UPDATE thread_props SET props = json_patch(props, ?) WHERE accountID = ? AND threadID = ?
[debug] [2026-04-17T20:24:33.647Z] [sqlite-worker] SELECT * FROM breadcrumbs WHERE id = ?
[debug] [2026-04-17T20:24:33.648Z] [sqlite-worker] INSERT OR REPLACE INTO breadcrumbs (id, sentCount, sentLast, openCount, lastOpenTime) VALUES (?, ?, ?, ?, ?)
[debug] [2026-04-17T20:24:33.847Z] [sqlite-worker] INSERT OR IGNORE INTO thread_props VALUES (?, ?, '{}')
[debug] [2026-04-17T20:24:33.847Z] [sqlite-worker] UPDATE thread_props SET props = json_remove(props, ?) WHERE accountID = ? AND threadID = ?
[debug] [2026-04-17T20:24:33.890Z] [sqlite-worker] 
SELECT
  t.accountID,
  t.thread,
  (
    SELECT json_group_array(
      json_object(
        'account_id', p.account_id,
        'participant_id', p.id,
        'room_id', p.room_id,
        'full_name', p.full_name,
        'nickname', p.nickname,
        'img_url', p.img_url,
        'is_verified', p.is_verified,
        'cannot_message', p.cannot_message,
        'is_self', p.is_self,
        'is_network_bot', p.is_network_bot,
        'added_by', p.added_by,
        'is_admin', p.is_admin,
        'is_pending', p.is_pending,
        'has_exited', p.has_exited,
        'identifiers', (
          SELECT json_group_array(
            json_object(
              'identifier', pi.identifier,
              'identifier_type', pi.identifier_type
            )
          )
          FROM participant_identifiers pi
          WHERE pi.account_id = p.account_id AND pi.participant_id = p.id
        )
      )
    )
    FROM participants p
    WHERE p.room_id = t.threadID AND p.account_id = t.accountID
  ) AS participants_json
FROM threads t
WHERE t.threadID = ?

[debug] [2026-04-17T20:24:33.893Z] [sqlite-worker] 
INSERT INTO mx_room_messages (
  id,
  roomID,
  eventID,
  senderContactID,
  timestamp,
  isEdited,
  lastEditionID,
  isDetached,
  lastEditionTimestamp,
  lastEditionOrder,
  isDeleted,
  isEncrypted,
  inReplyToID,
  isReplyThreadFallback,
  type,
  hsOrder,
  isSentByMe,
  replyCount,
  shouldNotify,
  shouldPreview,
  countsAsUnread,
  lastDeletionID,
  editedType,
  message,
  echo_echoID,
  seenByMeAt
) VALUES (?, ?, ?, ?, ?, ?, ?, ?, ?, ?, ?, ?, ?, ?, ?, ?, ?, ?, ?, ?, ?, ?, ?, ?, ?, ?)
ON CONFLICT(roomID, eventID) DO UPDATE SET
  senderContactID = excluded.senderContactID,
  timestamp = excluded.timestamp,
  isEdited = excluded.isEdited,
  lastEditionID = excluded.lastEditionID,
  isDetached = excluded.isDetached,
  lastEditionTimestamp = excluded.lastEditionTimestamp,
  lastEditionOrder = excluded.lastEditionOrder,
  isDeleted = excluded.isDeleted,
  isEncrypted = excluded.isEncrypted,
  inReplyToID = excluded.inReplyToID,
  isReplyThreadFallback = excluded.isReplyThreadFallback,
  type = excluded.type,
  hsOrder = excluded.hsOrder,
  isSentByMe = excluded.isSentByMe,
  replyCount = excluded.replyCount,
  shouldNotify = excluded.shouldNotify,
  shouldPreview = excluded.shouldPreview,
  countsAsUnread = excluded.countsAsUnread,
  lastDeletionID = excluded.lastDeletionID,
  editedType = excluded.editedType,
  message = excluded.message,
  echo_echoID = excluded.echo_echoID,
  seenByMeAt = excluded.seenByMeAt,
  sendStatus = NULL RETURNING 
    mx_room_messages.id AS mx_msg_id,
    mx_room_messages.roomID AS mx_msg_roomID,
    mx_room_messages.eventID AS mx_msg_eventID,
    mx_room_messages.message AS mx_msg_msg,
    mx_room_messages.hsOrder AS mx_msg_hsOrder,
    mx_room_messages.sendStatus AS mx_msg_sendStatus,
    (
    SELECT json_object('id', linked.id, 'message', linked.message)
    FROM mx_room_messages linked
    WHERE mx_room_messages.inReplyToID IS NOT NULL
      AND (linked.eventID = mx_room_messages.inReplyToID OR linked.lastEditionID = mx_room_messages.inReplyToID)
    LIMIT 1
  ) AS mx_msg_linkedMessage,
    mx_room_messages.echo_echoID AS mx_msg_echo_echoID
  
[debug] [2026-04-17T20:24:33.896Z] [sqlite-worker] SELECT * FROM mx_read_receipts WHERE userID = ? AND roomID = ?
[debug] [2026-04-17T20:24:33.897Z] [sqlite-worker] 
    INSERT INTO mx_read_receipts (userID, timestamp, roomID, relatesToID, hsOrder, hsSuborder, hsOrderString, lastVisibleEventID)
    VALUES (?, ?, ?, ?, ?, ?, ?, COALESCE((
  SELECT eventID
  FROM mx_room_messages
  WHERE
    roomID = ? AND
    type != 'HIDDEN' AND
    type != 'REACTION' AND
    hsOrder <= ?
  ORDER BY hsOrder DESC LIMIT 1
), ?))
  ON CONFLICT(roomID, userID) DO UPDATE SET
    timestamp = excluded.timestamp,
    relatesToID = excluded.relatesToID,
    hsOrder = excluded.hsOrder,
    hsSuborder = excluded.hsSuborder,
    hsOrderString = excluded.hsOrderString,
    lastVisibleEventID = excluded.lastVisibleEventID
  WHERE excluded.hsOrder >= mx_read_receipts.hsOrder
  RETURNING *
  
[debug] [2026-04-17T20:24:33.897Z] [sqlite-worker] 
    UPDATE mx_room_messages SET seenByMeAt = ? WHERE seenByMeAt IS NULL AND id IN (
      SELECT id FROM mx_room_messages WHERE roomID = ? AND hsOrder > ? AND hsOrder <= ? LIMIT 5000 -- limit to avoid long running queries
    )
  
[debug] [2026-04-17T20:24:33.899Z] [sqlite-worker] 
SELECT m.id
FROM mx_room_messages m
WHERE m.roomID = ? AND m.eventID = ?
LIMIT 1
    
[debug] [2026-04-17T20:24:33.901Z] [sqlite-worker] SELECT * FROM mx_read_receipts WHERE roomID = ? AND userID IN (?)
[debug] [2026-04-17T20:24:33.901Z] [sqlite-worker] 
    INSERT INTO mx_read_receipts (userID, timestamp, roomID, relatesToID, hsOrder, hsSuborder, hsOrderString, lastVisibleEventID)
    VALUES (?, ?, ?, ?, ?, ?, ?, COALESCE((
  SELECT eventID
  FROM mx_room_messages
  WHERE
    roomID = ? AND
    type != 'HIDDEN' AND
    type != 'REACTION' AND
    hsOrder <= ?
  ORDER BY hsOrder DESC LIMIT 1
), ?))
  ON CONFLICT(roomID, userID) DO UPDATE SET
    timestamp = excluded.timestamp,
    relatesToID = excluded.relatesToID,
    hsOrder = excluded.hsOrder,
    hsSuborder = excluded.hsSuborder,
    hsOrderString = excluded.hsOrderString,
    lastVisibleEventID = excluded.lastVisibleEventID
  WHERE excluded.hsOrder >= mx_read_receipts.hsOrder
  RETURNING *
  
[debug] [2026-04-17T20:24:33.902Z] [sqlite-worker] 
    UPDATE mx_room_messages SET seenByMeAt = ? WHERE seenByMeAt IS NULL AND id IN (
      SELECT id FROM mx_room_messages WHERE roomID = ? AND hsOrder > ? AND hsOrder <= ? LIMIT 5000 -- limit to avoid long running queries
    )
  
[debug] [2026-04-17T20:24:33.903Z] [sqlite-worker] SELECT * FROM mx_room_messages WHERE roomID = ? AND id = ?
[debug] [2026-04-17T20:24:33.905Z] [sqlite-worker] SELECT * FROM mx_read_receipts WHERE userID = ? AND roomID = ?
[debug] [2026-04-17T20:24:33.905Z] [sqlite-worker] 
      SELECT
          COUNT(DISTINCT mx_room_messages.id) AS unreadCount,
          SUM(CASE WHEN mention.value = '@room' OR mention.value = ? THEN 1 ELSE 0 END) AS unreadMentionsCount
      FROM mx_room_messages
      LEFT JOIN json_each(mx_room_messages.message, '$.mentions') AS mention
      WHERE
          mx_room_messages.roomId = ? AND
          mx_room_messages.isSentByMe = 0 AND
          mx_room_messages.isDeleted = 0 AND
          mx_room_messages.countsAsUnread = 1 AND
          mx_room_messages.hsOrder > ?
    
[debug] [2026-04-17T20:24:33.906Z] [sqlite-worker] INSERT OR REPLACE INTO threads (threadID, accountID, thread, timestamp, is_label) VALUES (?, ?, ?, ?, ?)
[debug] [2026-04-17T20:24:34.142Z] [sqlite-worker] 
SELECT
  t.accountID,
  t.thread,
  (
    SELECT json_group_array(
      json_object(
        'account_id', p.account_id,
        'participant_id', p.id,
        'room_id', p.room_id,
        'full_name', p.full_name,
        'nickname', p.nickname,
        'img_url', p.img_url,
        'is_verified', p.is_verified,
        'cannot_message', p.cannot_message,
        'is_self', p.is_self,
        'is_network_bot', p.is_network_bot,
        'added_by', p.added_by,
        'is_admin', p.is_admin,
        'is_pending', p.is_pending,
        'has_exited', p.has_exited,
        'identifiers', (
          SELECT json_group_array(
            json_object(
              'identifier', pi.identifier,
              'identifier_type', pi.identifier_type
            )
          )
          FROM participant_identifiers pi
          WHERE pi.account_id = p.account_id AND pi.participant_id = p.id
        )
      )
    )
    FROM participants p
    WHERE p.room_id = t.threadID AND p.account_id = t.accountID
  ) AS participants_json
FROM threads t
WHERE t.threadID = ?

[debug] [2026-04-17T20:24:34.143Z] [sqlite-worker] 
SELECT m.id
FROM mx_room_messages m
WHERE m.roomID = ? AND m.lastEditionID = ?
LIMIT 1
    
[debug] [2026-04-17T20:24:34.143Z] [sqlite-worker] 
SELECT m.id
FROM mx_room_messages m
WHERE m.roomID = ? AND m.eventID = ?
LIMIT 1
    
[debug] [2026-04-17T20:24:34.143Z] [sqlite-worker] UPDATE mx_room_messages SET sendStatus = ? WHERE roomID = ? AND id = ?
[debug] [2026-04-17T20:24:34.145Z] [sqlite-worker] 
INSERT INTO mx_room_messages (
  id,
  roomID,
  eventID,
  senderContactID,
  timestamp,
  isEdited,
  lastEditionID,
  isDetached,
  lastEditionTimestamp,
  lastEditionOrder,
  isDeleted,
  isEncrypted,
  inReplyToID,
  isReplyThreadFallback,
  type,
  hsOrder,
  isSentByMe,
  replyCount,
  shouldNotify,
  shouldPreview,
  countsAsUnread,
  lastDeletionID,
  editedType,
  message,
  echo_echoID,
  seenByMeAt
) VALUES (?, ?, ?, ?, ?, ?, ?, ?, ?, ?, ?, ?, ?, ?, ?, ?, ?, ?, ?, ?, ?, ?, ?, ?, ?, ?)
ON CONFLICT(roomID, eventID) DO UPDATE SET
  senderContactID = excluded.senderContactID,
  timestamp = excluded.timestamp,
  isEdited = excluded.isEdited,
  lastEditionID = excluded.lastEditionID,
  isDetached = excluded.isDetached,
  lastEditionTimestamp = excluded.lastEditionTimestamp,
  lastEditionOrder = excluded.lastEditionOrder,
  isDeleted = excluded.isDeleted,
  isEncrypted = excluded.isEncrypted,
  inReplyToID = excluded.inReplyToID,
  isReplyThreadFallback = excluded.isReplyThreadFallback,
  type = excluded.type,
  hsOrder = excluded.hsOrder,
  isSentByMe = excluded.isSentByMe,
  replyCount = excluded.replyCount,
  shouldNotify = excluded.shouldNotify,
  shouldPreview = excluded.shouldPreview,
  countsAsUnread = excluded.countsAsUnread,
  lastDeletionID = excluded.lastDeletionID,
  editedType = excluded.editedType,
  message = excluded.message,
  echo_echoID = excluded.echo_echoID,
  seenByMeAt = excluded.seenByMeAt,
  sendStatus = NULL RETURNING id
[debug] [2026-04-17T20:24:34.148Z] [sqlite-worker] SELECT * FROM mx_read_receipts WHERE userID = ? AND roomID = ?
[debug] [2026-04-17T20:24:34.152Z] [sqlite-worker] 
      SELECT
          COUNT(DISTINCT mx_room_messages.id) AS unreadCount,
          SUM(CASE WHEN mention.value = '@room' OR mention.value = ? THEN 1 ELSE 0 END) AS unreadMentionsCount
      FROM mx_room_messages
      LEFT JOIN json_each(mx_room_messages.message, '$.mentions') AS mention
      WHERE
          mx_room_messages.roomId = ? AND
          mx_room_messages.isSentByMe = 0 AND
          mx_room_messages.isDeleted = 0 AND
          mx_room_messages.countsAsUnread = 1 AND
          mx_room_messages.hsOrder > ?
    
[debug] [2026-04-17T20:24:34.155Z] [sqlite-worker] INSERT OR REPLACE INTO threads (threadID, accountID, thread, timestamp, is_label) VALUES (?, ?, ?, ?, ?)
[debug] [2026-04-17T20:24:34.432Z] [sqlite-worker] 
SELECT
  t.accountID,
  t.thread,
  (
    SELECT json_group_array(
      json_object(
        'account_id', p.account_id,
        'participant_id', p.id,
        'room_id', p.room_id,
        'full_name', p.full_name,
        'nickname', p.nickname,
        'img_url', p.img_url,
        'is_verified', p.is_verified,
        'cannot_message', p.cannot_message,
        'is_self', p.is_self,
        'is_network_bot', p.is_network_bot,
        'added_by', p.added_by,
        'is_admin', p.is_admin,
        'is_pending', p.is_pending,
        'has_exited', p.has_exited,
        'identifiers', (
          SELECT json_group_array(
            json_object(
              'identifier', pi.identifier,
              'identifier_type', pi.identifier_type
            )
          )
          FROM participant_identifiers pi
          WHERE pi.account_id = p.account_id AND pi.participant_id = p.id
        )
      )
    )
    FROM participants p
    WHERE p.room_id = t.threadID AND p.account_id = t.accountID
  ) AS participants_json
FROM threads t
WHERE t.threadID = ?

[debug] [2026-04-17T20:24:34.434Z] [sqlite-worker] 
SELECT m.id
FROM mx_room_messages m
WHERE m.roomID = ? AND m.lastEditionID = ?
LIMIT 1
    
[debug] [2026-04-17T20:24:34.435Z] [sqlite-worker] 
SELECT m.id
FROM mx_room_messages m
WHERE m.roomID = ? AND m.eventID = ?
LIMIT 1
    
[debug] [2026-04-17T20:24:34.435Z] [sqlite-worker] UPDATE mx_room_messages SET sendStatus = ? WHERE roomID = ? AND id = ?
[debug] [2026-04-17T20:24:34.445Z] [sqlite-worker] 
INSERT INTO mx_room_messages (
  id,
  roomID,
  eventID,
  senderContactID,
  timestamp,
  isEdited,
  lastEditionID,
  isDetached,
  lastEditionTimestamp,
  lastEditionOrder,
  isDeleted,
  isEncrypted,
  inReplyToID,
  isReplyThreadFallback,
  type,
  hsOrder,
  isSentByMe,
  replyCount,
  shouldNotify,
  shouldPreview,
  countsAsUnread,
  lastDeletionID,
  editedType,
  message,
  echo_echoID,
  seenByMeAt
) VALUES (?, ?, ?, ?, ?, ?, ?, ?, ?, ?, ?, ?, ?, ?, ?, ?, ?, ?, ?, ?, ?, ?, ?, ?, ?, ?)
ON CONFLICT(roomID, eventID) DO UPDATE SET
  senderContactID = excluded.senderContactID,
  timestamp = excluded.timestamp,
  isEdited = excluded.isEdited,
  lastEditionID = excluded.lastEditionID,
  isDetached = excluded.isDetached,
  lastEditionTimestamp = excluded.lastEditionTimestamp,
  lastEditionOrder = excluded.lastEditionOrder,
  isDeleted = excluded.isDeleted,
  isEncrypted = excluded.isEncrypted,
  inReplyToID = excluded.inReplyToID,
  isReplyThreadFallback = excluded.isReplyThreadFallback,
  type = excluded.type,
  hsOrder = excluded.hsOrder,
  isSentByMe = excluded.isSentByMe,
  replyCount = excluded.replyCount,
  shouldNotify = excluded.shouldNotify,
  shouldPreview = excluded.shouldPreview,
  countsAsUnread = excluded.countsAsUnread,
  lastDeletionID = excluded.lastDeletionID,
  editedType = excluded.editedType,
  message = excluded.message,
  echo_echoID = excluded.echo_echoID,
  seenByMeAt = excluded.seenByMeAt,
  sendStatus = NULL RETURNING id
[debug] [2026-04-17T20:24:34.886Z] [sqlite-worker] 
SELECT
  t.accountID,
  t.thread,
  (
    SELECT json_group_array(
      json_object(
        'account_id', p.account_id,
        'participant_id', p.id,
        'room_id', p.room_id,
        'full_name', p.full_name,
        'nickname', p.nickname,
        'img_url', p.img_url,
        'is_verified', p.is_verified,
        'cannot_message', p.cannot_message,
        'is_self', p.is_self,
        'is_network_bot', p.is_network_bot,
        'added_by', p.added_by,
        'is_admin', p.is_admin,
        'is_pending', p.is_pending,
        'has_exited', p.has_exited,
        'identifiers', (
          SELECT json_group_array(
            json_object(
              'identifier', pi.identifier,
              'identifier_type', pi.identifier_type
            )
          )
          FROM participant_identifiers pi
          WHERE pi.account_id = p.account_id AND pi.participant_id = p.id
        )
      )
    )
    FROM participants p
    WHERE p.room_id = t.threadID AND p.account_id = t.accountID
  ) AS participants_json
FROM threads t
WHERE t.threadID = ?

[debug] [2026-04-17T20:24:35.454Z] [sqlite-worker] 
SELECT
  t.accountID,
  t.thread,
  (
    SELECT json_group_array(
      json_object(
        'account_id', p.account_id,
        'participant_id', p.id,
        'room_id', p.room_id,
        'full_name', p.full_name,
        'nickname', p.nickname,
        'img_url', p.img_url,
        'is_verified', p.is_verified,
        'cannot_message', p.cannot_message,
        'is_self', p.is_self,
        'is_network_bot', p.is_network_bot,
        'added_by', p.added_by,
        'is_admin', p.is_admin,
        'is_pending', p.is_pending,
        'has_exited', p.has_exited,
        'identifiers', (
          SELECT json_group_array(
            json_object(
              'identifier', pi.identifier,
              'identifier_type', pi.identifier_type
            )
          )
          FROM participant_identifiers pi
          WHERE pi.account_id = p.account_id AND pi.participant_id = p.id
        )
      )
    )
    FROM participants p
    WHERE p.room_id = t.threadID AND p.account_id = t.accountID
  ) AS participants_json
FROM threads t
WHERE t.threadID = ?

[debug] [2026-04-17T20:24:35.455Z] [sqlite-worker] SELECT * FROM mx_read_receipts WHERE roomID = ? AND userID IN (?)
[debug] [2026-04-17T20:24:35.455Z] [sqlite-worker] 
    INSERT INTO mx_read_receipts (userID, timestamp, roomID, relatesToID, hsOrder, hsSuborder, hsOrderString, lastVisibleEventID)
    VALUES (?, ?, ?, ?, ?, ?, ?, COALESCE((
  SELECT eventID
  FROM mx_room_messages
  WHERE
    roomID = ? AND
    type != 'HIDDEN' AND
    type != 'REACTION' AND
    hsOrder <= ?
  ORDER BY hsOrder DESC LIMIT 1
), ?))
  ON CONFLICT(roomID, userID) DO UPDATE SET
    timestamp = excluded.timestamp,
    relatesToID = excluded.relatesToID,
    hsOrder = excluded.hsOrder,
    hsSuborder = excluded.hsSuborder,
    hsOrderString = excluded.hsOrderString,
    lastVisibleEventID = excluded.lastVisibleEventID
  WHERE excluded.hsOrder >= mx_read_receipts.hsOrder
  RETURNING *
  
[debug] [2026-04-17T20:24:35.455Z] [sqlite-worker] 
SELECT m.eventID, m.id
FROM mx_room_messages m
WHERE m.roomID = ? AND m.eventID IN (?, ?)
[debug] [2026-04-17T20:24:35.661Z] [sqlite-worker] 
SELECT
  t.accountID,
  t.thread,
  (
    SELECT json_group_array(
      json_object(
        'account_id', p.account_id,
        'participant_id', p.id,
        'room_id', p.room_id,
        'full_name', p.full_name,
        'nickname', p.nickname,
        'img_url', p.img_url,
        'is_verified', p.is_verified,
        'cannot_message', p.cannot_message,
        'is_self', p.is_self,
        'is_network_bot', p.is_network_bot,
        'added_by', p.added_by,
        'is_admin', p.is_admin,
        'is_pending', p.is_pending,
        'has_exited', p.has_exited,
        'identifiers', (
          SELECT json_group_array(
            json_object(
              'identifier', pi.identifier,
              'identifier_type', pi.identifier_type
            )
          )
          FROM participant_identifiers pi
          WHERE pi.account_id = p.account_id AND pi.participant_id = p.id
        )
      )
    )
    FROM participants p
    WHERE p.room_id = t.threadID AND p.account_id = t.accountID
  ) AS participants_json
FROM threads t
WHERE t.threadID = ?

[debug] [2026-04-17T20:24:35.663Z] [sqlite-worker] 
SELECT m.id
FROM mx_room_messages m
WHERE m.roomID = ? AND m.lastEditionID = ?
LIMIT 1
    
[debug] [2026-04-17T20:24:35.664Z] [sqlite-worker] 
SELECT m.id
FROM mx_room_messages m
WHERE m.roomID = ? AND m.eventID = ?
LIMIT 1
    
[debug] [2026-04-17T20:24:35.665Z] [sqlite-worker] UPDATE mx_room_messages SET sendStatus = ? WHERE roomID = ? AND id = ?
[debug] [2026-04-17T20:24:35.666Z] [sqlite-worker] 
INSERT INTO mx_room_messages (
  id,
  roomID,
  eventID,
  senderContactID,
  timestamp,
  isEdited,
  lastEditionID,
  isDetached,
  lastEditionTimestamp,
  lastEditionOrder,
  isDeleted,
  isEncrypted,
  inReplyToID,
  isReplyThreadFallback,
  type,
  hsOrder,
  isSentByMe,
  replyCount,
  shouldNotify,
  shouldPreview,
  countsAsUnread,
  lastDeletionID,
  editedType,
  message,
  echo_echoID,
  seenByMeAt
) VALUES (?, ?, ?, ?, ?, ?, ?, ?, ?, ?, ?, ?, ?, ?, ?, ?, ?, ?, ?, ?, ?, ?, ?, ?, ?, ?)
ON CONFLICT(roomID, eventID) DO UPDATE SET
  senderContactID = excluded.senderContactID,
  timestamp = excluded.timestamp,
  isEdited = excluded.isEdited,
  lastEditionID = excluded.lastEditionID,
  isDetached = excluded.isDetached,
  lastEditionTimestamp = excluded.lastEditionTimestamp,
  lastEditionOrder = excluded.lastEditionOrder,
  isDeleted = excluded.isDeleted,
  isEncrypted = excluded.isEncrypted,
  inReplyToID = excluded.inReplyToID,
  isReplyThreadFallback = excluded.isReplyThreadFallback,
  type = excluded.type,
  hsOrder = excluded.hsOrder,
  isSentByMe = excluded.isSentByMe,
  replyCount = excluded.replyCount,
  shouldNotify = excluded.shouldNotify,
  shouldPreview = excluded.shouldPreview,
  countsAsUnread = excluded.countsAsUnread,
  lastDeletionID = excluded.lastDeletionID,
  editedType = excluded.editedType,
  message = excluded.message,
  echo_echoID = excluded.echo_echoID,
  seenByMeAt = excluded.seenByMeAt,
  sendStatus = NULL RETURNING id
[debug] [2026-04-17T20:24:36.672Z] [sqlite-worker] 
    SELECT MIN(hsOrder) FROM (
      SELECT hsOrder FROM mx_room_messages WHERE
        roomID = ? AND
        type != 'HIDDEN' AND
        type != 'REACTION' AND
        hsOrder < ?
      ORDER BY hsOrder DESC
      LIMIT ?
    )
  
[debug] [2026-04-17T20:24:36.673Z] [sqlite-worker] 
SELECT 
    m.id AS mx_msg_id,
    m.roomID AS mx_msg_roomID,
    m.eventID AS mx_msg_eventID,
    m.message AS mx_msg_msg,
    m.hsOrder AS mx_msg_hsOrder,
    m.sendStatus AS mx_msg_sendStatus,
    m.seenByMeAt AS mx_msg_seenByMeAt,
    (
        SELECT json_group_object(rr.userID, rr.timestamp)
        FROM mx_read_receipts rr
        WHERE rr.roomID = m.roomID
          AND rr.lastVisibleEventID = m.eventID
        GROUP BY rr.lastVisibleEventID
    ) AS mx_msg_readReceipts,
    (
        SELECT json_group_array(json(r.reaction))
        FROM mx_reactions r
        WHERE r.roomID = m.roomID
          AND r.eventID = m.eventID
          AND r.isDeleted = 0
        ORDER BY r.timestamp DESC
    ) AS mx_msg_reactions,
    (
    SELECT json_object('id', linked.id, 'message', linked.message)
    FROM mx_room_messages linked
    WHERE m.inReplyToID IS NOT NULL
      AND (linked.eventID = m.inReplyToID OR linked.lastEditionID = m.inReplyToID)
    LIMIT 1
  ) AS mx_msg_linkedMessage,
    (
    SELECT json_extract(value, '$.user_id') FROM key_values WHERE key = 'beeperState'
  ) AS current_user_id,
    m.echo_echoID AS mx_msg_echo_echoID
  
FROM mx_room_messages m
WHERE m.roomID = ?
 AND ((m.type != 'HIDDEN' AND m.type != 'REACTION') OR (m.type = 'REACTION' AND json_extract(m.message, '$.extra.shouldPreview') = true)) 

AND m.hsOrder >= ?
ORDER BY m.hsOrder DESC
LIMIT ?

[debug] [2026-04-17T20:24:37.051Z] [sqlite-worker] SELECT * FROM breadcrumbs WHERE id = ?
[debug] [2026-04-17T20:24:37.052Z] [sqlite-worker] INSERT OR REPLACE INTO breadcrumbs (id, sentCount, sentLast, openCount, lastOpenTime) VALUES (?, ?, ?, ?, ?)
[debug] [2026-04-17T20:24:37.308Z] [sqlite-worker] 
SELECT
  t.accountID,
  t.thread,
  (
    SELECT json_group_array(
      json_object(
        'account_id', p.account_id,
        'participant_id', p.id,
        'room_id', p.room_id,
        'full_name', p.full_name,
        'nickname', p.nickname,
        'img_url', p.img_url,
        'is_verified', p.is_verified,
        'cannot_message', p.cannot_message,
        'is_self', p.is_self,
        'is_network_bot', p.is_network_bot,
        'added_by', p.added_by,
        'is_admin', p.is_admin,
        'is_pending', p.is_pending,
        'has_exited', p.has_exited,
        'identifiers', (
          SELECT json_group_array(
            json_object(
              'identifier', pi.identifier,
              'identifier_type', pi.identifier_type
            )
          )
          FROM participant_identifiers pi
          WHERE pi.account_id = p.account_id AND pi.participant_id = p.id
        )
      )
    )
    FROM participants p
    WHERE p.room_id = t.threadID AND p.account_id = t.accountID
  ) AS participants_json
FROM threads t
WHERE t.threadID = ?

[debug] [2026-04-17T20:24:41.783Z] [sqlite-worker] INSERT OR IGNORE INTO thread_props VALUES (?, ?, '{}')
[debug] [2026-04-17T20:24:41.784Z] [sqlite-worker] UPDATE thread_props SET props = json_patch(props, ?) WHERE accountID = ? AND threadID = ?
[debug] [2026-04-17T20:24:43.733Z] [sqlite-worker] SELECT * FROM breadcrumbs WHERE id = ?
[debug] [2026-04-17T20:24:43.735Z] [sqlite-worker] INSERT OR REPLACE INTO breadcrumbs (id, sentCount, sentLast, openCount, lastOpenTime) VALUES (?, ?, ?, ?, ?)
[debug] [2026-04-17T20:24:48.524Z] [sqlite-worker] INSERT OR IGNORE INTO thread_props VALUES (?, ?, '{}')
[debug] [2026-04-17T20:24:48.524Z] [sqlite-worker] UPDATE thread_props SET props = json_patch(props, ?) WHERE accountID = ? AND threadID = ?
[debug] [2026-04-17T20:24:49.227Z] [sqlite-worker] SELECT * FROM breadcrumbs WHERE id = ?
[debug] [2026-04-17T20:24:49.228Z] [sqlite-worker] INSERT OR REPLACE INTO breadcrumbs (id, sentCount, sentLast, openCount, lastOpenTime) VALUES (?, ?, ?, ?, ?)
[debug] [2026-04-17T20:24:53.974Z] [sqlite-worker] INSERT OR IGNORE INTO thread_props VALUES (?, ?, '{}')
[debug] [2026-04-17T20:24:53.975Z] [sqlite-worker] UPDATE thread_props SET props = json_patch(props, ?) WHERE accountID = ? AND threadID = ?
[debug] [2026-04-17T20:24:54.350Z] [sqlite-worker] INSERT OR REPLACE INTO key_values VALUES (?, ?)
[debug] [2026-04-17T20:24:54.362Z] [sqlite-worker] INSERT OR IGNORE INTO thread_props VALUES (?, ?, '{}')
[debug] [2026-04-17T20:24:54.362Z] [sqlite-worker] UPDATE thread_props SET props = json_patch(props, ?) WHERE accountID = ? AND threadID = ?
[debug] [2026-04-17T20:24:54.365Z] [sqlite-worker] INSERT OR IGNORE INTO thread_props VALUES (?, ?, '{}')
[debug] [2026-04-17T20:24:54.365Z] [sqlite-worker] UPDATE thread_props SET props = json_remove(props, ?) WHERE accountID = ? AND threadID = ?
[debug] [2026-04-17T20:24:54.393Z] [sqlite-worker] INSERT OR IGNORE INTO thread_props VALUES (?, ?, '{}')
[debug] [2026-04-17T20:24:54.394Z] [sqlite-worker] UPDATE thread_props SET props = json_patch(props, ?) WHERE accountID = ? AND threadID = ?
[debug] [2026-04-17T20:24:54.475Z] [sqlite-worker] SELECT * FROM breadcrumbs WHERE id = ?
[debug] [2026-04-17T20:24:54.475Z] [sqlite-worker] INSERT OR REPLACE INTO breadcrumbs (id, sentCount, sentLast, openCount, lastOpenTime) VALUES (?, ?, ?, ?, ?)
[debug] [2026-04-17T20:24:54.684Z] [sqlite-worker] INSERT OR IGNORE INTO thread_props VALUES (?, ?, '{}')
[debug] [2026-04-17T20:24:54.686Z] [sqlite-worker] UPDATE thread_props SET props = json_remove(props, ?) WHERE accountID = ? AND threadID = ?
[debug] [2026-04-17T20:24:54.714Z] [sqlite-worker] 
SELECT
  t.accountID,
  t.thread,
  (
    SELECT json_group_array(
      json_object(
        'account_id', p.account_id,
        'participant_id', p.id,
        'room_id', p.room_id,
        'full_name', p.full_name,
        'nickname', p.nickname,
        'img_url', p.img_url,
        'is_verified', p.is_verified,
        'cannot_message', p.cannot_message,
        'is_self', p.is_self,
        'is_network_bot', p.is_network_bot,
        'added_by', p.added_by,
        'is_admin', p.is_admin,
        'is_pending', p.is_pending,
        'has_exited', p.has_exited,
        'identifiers', (
          SELECT json_group_array(
            json_object(
              'identifier', pi.identifier,
              'identifier_type', pi.identifier_type
            )
          )
          FROM participant_identifiers pi
          WHERE pi.account_id = p.account_id AND pi.participant_id = p.id
        )
      )
    )
    FROM participants p
    WHERE p.room_id = t.threadID AND p.account_id = t.accountID
  ) AS participants_json
FROM threads t
WHERE t.threadID = ?

[debug] [2026-04-17T20:24:54.718Z] [sqlite-worker] 
INSERT INTO mx_room_messages (
  id,
  roomID,
  eventID,
  senderContactID,
  timestamp,
  isEdited,
  lastEditionID,
  isDetached,
  lastEditionTimestamp,
  lastEditionOrder,
  isDeleted,
  isEncrypted,
  inReplyToID,
  isReplyThreadFallback,
  type,
  hsOrder,
  isSentByMe,
  replyCount,
  shouldNotify,
  shouldPreview,
  countsAsUnread,
  lastDeletionID,
  editedType,
  message,
  echo_echoID,
  seenByMeAt
) VALUES (?, ?, ?, ?, ?, ?, ?, ?, ?, ?, ?, ?, ?, ?, ?, ?, ?, ?, ?, ?, ?, ?, ?, ?, ?, ?)
ON CONFLICT(roomID, eventID) DO UPDATE SET
  senderContactID = excluded.senderContactID,
  timestamp = excluded.timestamp,
  isEdited = excluded.isEdited,
  lastEditionID = excluded.lastEditionID,
  isDetached = excluded.isDetached,
  lastEditionTimestamp = excluded.lastEditionTimestamp,
  lastEditionOrder = excluded.lastEditionOrder,
  isDeleted = excluded.isDeleted,
  isEncrypted = excluded.isEncrypted,
  inReplyToID = excluded.inReplyToID,
  isReplyThreadFallback = excluded.isReplyThreadFallback,
  type = excluded.type,
  hsOrder = excluded.hsOrder,
  isSentByMe = excluded.isSentByMe,
  replyCount = excluded.replyCount,
  shouldNotify = excluded.shouldNotify,
  shouldPreview = excluded.shouldPreview,
  countsAsUnread = excluded.countsAsUnread,
  lastDeletionID = excluded.lastDeletionID,
  editedType = excluded.editedType,
  message = excluded.message,
  echo_echoID = excluded.echo_echoID,
  seenByMeAt = excluded.seenByMeAt,
  sendStatus = NULL RETURNING 
    mx_room_messages.id AS mx_msg_id,
    mx_room_messages.roomID AS mx_msg_roomID,
    mx_room_messages.eventID AS mx_msg_eventID,
    mx_room_messages.message AS mx_msg_msg,
    mx_room_messages.hsOrder AS mx_msg_hsOrder,
    mx_room_messages.sendStatus AS mx_msg_sendStatus,
    (
    SELECT json_object('id', linked.id, 'message', linked.message)
    FROM mx_room_messages linked
    WHERE mx_room_messages.inReplyToID IS NOT NULL
      AND (linked.eventID = mx_room_messages.inReplyToID OR linked.lastEditionID = mx_room_messages.inReplyToID)
    LIMIT 1
  ) AS mx_msg_linkedMessage,
    mx_room_messages.echo_echoID AS mx_msg_echo_echoID
  
[debug] [2026-04-17T20:24:54.721Z] [sqlite-worker] SELECT * FROM mx_read_receipts WHERE userID = ? AND roomID = ?
[debug] [2026-04-17T20:24:54.722Z] [sqlite-worker] 
    INSERT INTO mx_read_receipts (userID, timestamp, roomID, relatesToID, hsOrder, hsSuborder, hsOrderString, lastVisibleEventID)
    VALUES (?, ?, ?, ?, ?, ?, ?, COALESCE((
  SELECT eventID
  FROM mx_room_messages
  WHERE
    roomID = ? AND
    type != 'HIDDEN' AND
    type != 'REACTION' AND
    hsOrder <= ?
  ORDER BY hsOrder DESC LIMIT 1
), ?))
  ON CONFLICT(roomID, userID) DO UPDATE SET
    timestamp = excluded.timestamp,
    relatesToID = excluded.relatesToID,
    hsOrder = excluded.hsOrder,
    hsSuborder = excluded.hsSuborder,
    hsOrderString = excluded.hsOrderString,
    lastVisibleEventID = excluded.lastVisibleEventID
  WHERE excluded.hsOrder >= mx_read_receipts.hsOrder
  RETURNING *
  
[debug] [2026-04-17T20:24:54.723Z] [sqlite-worker] 
    UPDATE mx_room_messages SET seenByMeAt = ? WHERE seenByMeAt IS NULL AND id IN (
      SELECT id FROM mx_room_messages WHERE roomID = ? AND hsOrder > ? AND hsOrder <= ? LIMIT 5000 -- limit to avoid long running queries
    )
  
[debug] [2026-04-17T20:24:54.725Z] [sqlite-worker] 
SELECT m.id
FROM mx_room_messages m
WHERE m.roomID = ? AND m.eventID = ?
LIMIT 1
    
[debug] [2026-04-17T20:24:54.728Z] [sqlite-worker] SELECT * FROM mx_read_receipts WHERE roomID = ? AND userID IN (?)
[debug] [2026-04-17T20:24:54.729Z] [sqlite-worker] 
    INSERT INTO mx_read_receipts (userID, timestamp, roomID, relatesToID, hsOrder, hsSuborder, hsOrderString, lastVisibleEventID)
    VALUES (?, ?, ?, ?, ?, ?, ?, COALESCE((
  SELECT eventID
  FROM mx_room_messages
  WHERE
    roomID = ? AND
    type != 'HIDDEN' AND
    type != 'REACTION' AND
    hsOrder <= ?
  ORDER BY hsOrder DESC LIMIT 1
), ?))
  ON CONFLICT(roomID, userID) DO UPDATE SET
    timestamp = excluded.timestamp,
    relatesToID = excluded.relatesToID,
    hsOrder = excluded.hsOrder,
    hsSuborder = excluded.hsSuborder,
    hsOrderString = excluded.hsOrderString,
    lastVisibleEventID = excluded.lastVisibleEventID
  WHERE excluded.hsOrder >= mx_read_receipts.hsOrder
  RETURNING *
  
[debug] [2026-04-17T20:24:54.731Z] [sqlite-worker] 
    UPDATE mx_room_messages SET seenByMeAt = ? WHERE seenByMeAt IS NULL AND id IN (
      SELECT id FROM mx_room_messages WHERE roomID = ? AND hsOrder > ? AND hsOrder <= ? LIMIT 5000 -- limit to avoid long running queries
    )
  
[debug] [2026-04-17T20:24:54.732Z] [sqlite-worker] SELECT * FROM mx_read_receipts WHERE userID = ? AND roomID = ?
[debug] [2026-04-17T20:24:54.732Z] [sqlite-worker] 
      SELECT
          COUNT(DISTINCT mx_room_messages.id) AS unreadCount,
          SUM(CASE WHEN mention.value = '@room' OR mention.value = ? THEN 1 ELSE 0 END) AS unreadMentionsCount
      FROM mx_room_messages
      LEFT JOIN json_each(mx_room_messages.message, '$.mentions') AS mention
      WHERE
          mx_room_messages.roomId = ? AND
          mx_room_messages.isSentByMe = 0 AND
          mx_room_messages.isDeleted = 0 AND
          mx_room_messages.countsAsUnread = 1 AND
          mx_room_messages.hsOrder > ?
    
[debug] [2026-04-17T20:24:54.741Z] [sqlite-worker] INSERT OR REPLACE INTO threads (threadID, accountID, thread, timestamp, is_label) VALUES (?, ?, ?, ?, ?)
[debug] [2026-04-17T20:24:54.762Z] [sqlite-worker] SELECT * FROM mx_room_messages WHERE roomID = ? AND id = ?
[debug] [2026-04-17T20:24:54.978Z] [sqlite-worker] 
SELECT
  t.accountID,
  t.thread,
  (
    SELECT json_group_array(
      json_object(
        'account_id', p.account_id,
        'participant_id', p.id,
        'room_id', p.room_id,
        'full_name', p.full_name,
        'nickname', p.nickname,
        'img_url', p.img_url,
        'is_verified', p.is_verified,
        'cannot_message', p.cannot_message,
        'is_self', p.is_self,
        'is_network_bot', p.is_network_bot,
        'added_by', p.added_by,
        'is_admin', p.is_admin,
        'is_pending', p.is_pending,
        'has_exited', p.has_exited,
        'identifiers', (
          SELECT json_group_array(
            json_object(
              'identifier', pi.identifier,
              'identifier_type', pi.identifier_type
            )
          )
          FROM participant_identifiers pi
          WHERE pi.account_id = p.account_id AND pi.participant_id = p.id
        )
      )
    )
    FROM participants p
    WHERE p.room_id = t.threadID AND p.account_id = t.accountID
  ) AS participants_json
FROM threads t
WHERE t.threadID = ?

[debug] [2026-04-17T20:24:54.980Z] [sqlite-worker] 
SELECT m.id
FROM mx_room_messages m
WHERE m.roomID = ? AND m.lastEditionID = ?
LIMIT 1
    
[debug] [2026-04-17T20:24:54.981Z] [sqlite-worker] 
SELECT m.id
FROM mx_room_messages m
WHERE m.roomID = ? AND m.eventID = ?
LIMIT 1
    
[debug] [2026-04-17T20:24:54.984Z] [sqlite-worker] UPDATE mx_room_messages SET sendStatus = ? WHERE roomID = ? AND id = ?
[debug] [2026-04-17T20:24:54.984Z] [sqlite-worker] 
INSERT INTO mx_room_messages (
  id,
  roomID,
  eventID,
  senderContactID,
  timestamp,
  isEdited,
  lastEditionID,
  isDetached,
  lastEditionTimestamp,
  lastEditionOrder,
  isDeleted,
  isEncrypted,
  inReplyToID,
  isReplyThreadFallback,
  type,
  hsOrder,
  isSentByMe,
  replyCount,
  shouldNotify,
  shouldPreview,
  countsAsUnread,
  lastDeletionID,
  editedType,
  message,
  echo_echoID,
  seenByMeAt
) VALUES (?, ?, ?, ?, ?, ?, ?, ?, ?, ?, ?, ?, ?, ?, ?, ?, ?, ?, ?, ?, ?, ?, ?, ?, ?, ?)
ON CONFLICT(roomID, eventID) DO UPDATE SET
  senderContactID = excluded.senderContactID,
  timestamp = excluded.timestamp,
  isEdited = excluded.isEdited,
  lastEditionID = excluded.lastEditionID,
  isDetached = excluded.isDetached,
  lastEditionTimestamp = excluded.lastEditionTimestamp,
  lastEditionOrder = excluded.lastEditionOrder,
  isDeleted = excluded.isDeleted,
  isEncrypted = excluded.isEncrypted,
  inReplyToID = excluded.inReplyToID,
  isReplyThreadFallback = excluded.isReplyThreadFallback,
  type = excluded.type,
  hsOrder = excluded.hsOrder,
  isSentByMe = excluded.isSentByMe,
  replyCount = excluded.replyCount,
  shouldNotify = excluded.shouldNotify,
  shouldPreview = excluded.shouldPreview,
  countsAsUnread = excluded.countsAsUnread,
  lastDeletionID = excluded.lastDeletionID,
  editedType = excluded.editedType,
  message = excluded.message,
  echo_echoID = excluded.echo_echoID,
  seenByMeAt = excluded.seenByMeAt,
  sendStatus = NULL RETURNING id
[debug] [2026-04-17T20:24:55.337Z] [sqlite-worker] 
SELECT
  t.accountID,
  t.thread,
  (
    SELECT json_group_array(
      json_object(
        'account_id', p.account_id,
        'participant_id', p.id,
        'room_id', p.room_id,
        'full_name', p.full_name,
        'nickname', p.nickname,
        'img_url', p.img_url,
        'is_verified', p.is_verified,
        'cannot_message', p.cannot_message,
        'is_self', p.is_self,
        'is_network_bot', p.is_network_bot,
        'added_by', p.added_by,
        'is_admin', p.is_admin,
        'is_pending', p.is_pending,
        'has_exited', p.has_exited,
        'identifiers', (
          SELECT json_group_array(
            json_object(
              'identifier', pi.identifier,
              'identifier_type', pi.identifier_type
            )
          )
          FROM participant_identifiers pi
          WHERE pi.account_id = p.account_id AND pi.participant_id = p.id
        )
      )
    )
    FROM participants p
    WHERE p.room_id = t.threadID AND p.account_id = t.accountID
  ) AS participants_json
FROM threads t
WHERE t.threadID = ?

[debug] [2026-04-17T20:24:55.338Z] [sqlite-worker] SELECT * FROM mx_read_receipts WHERE userID = ? AND roomID = ?
[debug] [2026-04-17T20:24:55.339Z] [sqlite-worker] 
      SELECT
          COUNT(DISTINCT mx_room_messages.id) AS unreadCount,
          SUM(CASE WHEN mention.value = '@room' OR mention.value = ? THEN 1 ELSE 0 END) AS unreadMentionsCount
      FROM mx_room_messages
      LEFT JOIN json_each(mx_room_messages.message, '$.mentions') AS mention
      WHERE
          mx_room_messages.roomId = ? AND
          mx_room_messages.isSentByMe = 0 AND
          mx_room_messages.isDeleted = 0 AND
          mx_room_messages.countsAsUnread = 1 AND
          mx_room_messages.hsOrder > ?
    
[debug] [2026-04-17T20:24:55.339Z] [sqlite-worker] INSERT OR REPLACE INTO threads (threadID, accountID, thread, timestamp, is_label) VALUES (?, ?, ?, ?, ?)
[debug] [2026-04-17T20:24:55.746Z] [sqlite-worker] 
SELECT
  t.accountID,
  t.thread,
  (
    SELECT json_group_array(
      json_object(
        'account_id', p.account_id,
        'participant_id', p.id,
        'room_id', p.room_id,
        'full_name', p.full_name,
        'nickname', p.nickname,
        'img_url', p.img_url,
        'is_verified', p.is_verified,
        'cannot_message', p.cannot_message,
        'is_self', p.is_self,
        'is_network_bot', p.is_network_bot,
        'added_by', p.added_by,
        'is_admin', p.is_admin,
        'is_pending', p.is_pending,
        'has_exited', p.has_exited,
        'identifiers', (
          SELECT json_group_array(
            json_object(
              'identifier', pi.identifier,
              'identifier_type', pi.identifier_type
            )
          )
          FROM participant_identifiers pi
          WHERE pi.account_id = p.account_id AND pi.participant_id = p.id
        )
      )
    )
    FROM participants p
    WHERE p.room_id = t.threadID AND p.account_id = t.accountID
  ) AS participants_json
FROM threads t
WHERE t.threadID = ?

[debug] [2026-04-17T20:24:55.749Z] [sqlite-worker] 
SELECT m.id
FROM mx_room_messages m
WHERE m.roomID = ? AND m.lastEditionID = ?
LIMIT 1
    
[debug] [2026-04-17T20:24:55.750Z] [sqlite-worker] 
SELECT m.id
FROM mx_room_messages m
WHERE m.roomID = ? AND m.eventID = ?
LIMIT 1
    
[debug] [2026-04-17T20:24:55.751Z] [sqlite-worker] UPDATE mx_room_messages SET sendStatus = ? WHERE roomID = ? AND id = ?
[debug] [2026-04-17T20:24:55.752Z] [sqlite-worker] 
INSERT INTO mx_room_messages (
  id,
  roomID,
  eventID,
  senderContactID,
  timestamp,
  isEdited,
  lastEditionID,
  isDetached,
  lastEditionTimestamp,
  lastEditionOrder,
  isDeleted,
  isEncrypted,
  inReplyToID,
  isReplyThreadFallback,
  type,
  hsOrder,
  isSentByMe,
  replyCount,
  shouldNotify,
  shouldPreview,
  countsAsUnread,
  lastDeletionID,
  editedType,
  message,
  echo_echoID,
  seenByMeAt
) VALUES (?, ?, ?, ?, ?, ?, ?, ?, ?, ?, ?, ?, ?, ?, ?, ?, ?, ?, ?, ?, ?, ?, ?, ?, ?, ?)
ON CONFLICT(roomID, eventID) DO UPDATE SET
  senderContactID = excluded.senderContactID,
  timestamp = excluded.timestamp,
  isEdited = excluded.isEdited,
  lastEditionID = excluded.lastEditionID,
  isDetached = excluded.isDetached,
  lastEditionTimestamp = excluded.lastEditionTimestamp,
  lastEditionOrder = excluded.lastEditionOrder,
  isDeleted = excluded.isDeleted,
  isEncrypted = excluded.isEncrypted,
  inReplyToID = excluded.inReplyToID,
  isReplyThreadFallback = excluded.isReplyThreadFallback,
  type = excluded.type,
  hsOrder = excluded.hsOrder,
  isSentByMe = excluded.isSentByMe,
  replyCount = excluded.replyCount,
  shouldNotify = excluded.shouldNotify,
  shouldPreview = excluded.shouldPreview,
  countsAsUnread = excluded.countsAsUnread,
  lastDeletionID = excluded.lastDeletionID,
  editedType = excluded.editedType,
  message = excluded.message,
  echo_echoID = excluded.echo_echoID,
  seenByMeAt = excluded.seenByMeAt,
  sendStatus = NULL RETURNING id
[debug] [2026-04-17T20:25:01.439Z] [sqlite-worker] 
SELECT
  t.accountID,
  t.thread,
  (
    SELECT json_group_array(
      json_object(
        'account_id', p.account_id,
        'participant_id', p.id,
        'room_id', p.room_id,
        'full_name', p.full_name,
        'nickname', p.nickname,
        'img_url', p.img_url,
        'is_verified', p.is_verified,
        'cannot_message', p.cannot_message,
        'is_self', p.is_self,
        'is_network_bot', p.is_network_bot,
        'added_by', p.added_by,
        'is_admin', p.is_admin,
        'is_pending', p.is_pending,
        'has_exited', p.has_exited,
        'identifiers', (
          SELECT json_group_array(
            json_object(
              'identifier', pi.identifier,
              'identifier_type', pi.identifier_type
            )
          )
          FROM participant_identifiers pi
          WHERE pi.account_id = p.account_id AND pi.participant_id = p.id
        )
      )
    )
    FROM participants p
    WHERE p.room_id = t.threadID AND p.account_id = t.accountID
  ) AS participants_json
FROM threads t
WHERE t.threadID = ?

[debug] [2026-04-17T20:25:05.567Z] [sqlite-worker] 
SELECT
  t.accountID,
  t.thread,
  (
    SELECT json_group_array(
      json_object(
        'account_id', p.account_id,
        'participant_id', p.id,
        'room_id', p.room_id,
        'full_name', p.full_name,
        'nickname', p.nickname,
        'img_url', p.img_url,
        'is_verified', p.is_verified,
        'cannot_message', p.cannot_message,
        'is_self', p.is_self,
        'is_network_bot', p.is_network_bot,
        'added_by', p.added_by,
        'is_admin', p.is_admin,
        'is_pending', p.is_pending,
        'has_exited', p.has_exited,
        'identifiers', (
          SELECT json_group_array(
            json_object(
              'identifier', pi.identifier,
              'identifier_type', pi.identifier_type
            )
          )
          FROM participant_identifiers pi
          WHERE pi.account_id = p.account_id AND pi.participant_id = p.id
        )
      )
    )
    FROM participants p
    WHERE p.room_id = t.threadID AND p.account_id = t.accountID
  ) AS participants_json
FROM threads t
WHERE t.threadID = ?

[debug] [2026-04-17T20:25:05.569Z] [sqlite-worker] 
INSERT INTO mx_room_messages (
  id,
  roomID,
  eventID,
  senderContactID,
  timestamp,
  isEdited,
  lastEditionID,
  isDetached,
  lastEditionTimestamp,
  lastEditionOrder,
  isDeleted,
  isEncrypted,
  inReplyToID,
  isReplyThreadFallback,
  type,
  hsOrder,
  isSentByMe,
  replyCount,
  shouldNotify,
  shouldPreview,
  countsAsUnread,
  lastDeletionID,
  editedType,
  message,
  echo_echoID,
  seenByMeAt
) VALUES (?, ?, ?, ?, ?, ?, ?, ?, ?, ?, ?, ?, ?, ?, ?, ?, ?, ?, ?, ?, ?, ?, ?, ?, ?, ?)
ON CONFLICT(roomID, eventID) DO UPDATE SET
  senderContactID = excluded.senderContactID,
  timestamp = excluded.timestamp,
  isEdited = excluded.isEdited,
  lastEditionID = excluded.lastEditionID,
  isDetached = excluded.isDetached,
  lastEditionTimestamp = excluded.lastEditionTimestamp,
  lastEditionOrder = excluded.lastEditionOrder,
  isDeleted = excluded.isDeleted,
  isEncrypted = excluded.isEncrypted,
  inReplyToID = excluded.inReplyToID,
  isReplyThreadFallback = excluded.isReplyThreadFallback,
  type = excluded.type,
  hsOrder = excluded.hsOrder,
  isSentByMe = excluded.isSentByMe,
  replyCount = excluded.replyCount,
  shouldNotify = excluded.shouldNotify,
  shouldPreview = excluded.shouldPreview,
  countsAsUnread = excluded.countsAsUnread,
  lastDeletionID = excluded.lastDeletionID,
  editedType = excluded.editedType,
  message = excluded.message,
  echo_echoID = excluded.echo_echoID,
  seenByMeAt = excluded.seenByMeAt,
  sendStatus = NULL RETURNING 
    mx_room_messages.id AS mx_msg_id,
    mx_room_messages.roomID AS mx_msg_roomID,
    mx_room_messages.eventID AS mx_msg_eventID,
    mx_room_messages.message AS mx_msg_msg,
    mx_room_messages.hsOrder AS mx_msg_hsOrder,
    mx_room_messages.sendStatus AS mx_msg_sendStatus,
    (
    SELECT json_object('id', linked.id, 'message', linked.message)
    FROM mx_room_messages linked
    WHERE mx_room_messages.inReplyToID IS NOT NULL
      AND (linked.eventID = mx_room_messages.inReplyToID OR linked.lastEditionID = mx_room_messages.inReplyToID)
    LIMIT 1
  ) AS mx_msg_linkedMessage,
    mx_room_messages.echo_echoID AS mx_msg_echo_echoID
  
[debug] [2026-04-17T20:25:05.570Z] [sqlite-worker] SELECT * FROM mx_read_receipts WHERE roomID = ? AND userID IN (?)
[debug] [2026-04-17T20:25:05.570Z] [sqlite-worker] 
    INSERT INTO mx_read_receipts (userID, timestamp, roomID, relatesToID, hsOrder, hsSuborder, hsOrderString, lastVisibleEventID)
    VALUES (?, ?, ?, ?, ?, ?, ?, COALESCE((
  SELECT eventID
  FROM mx_room_messages
  WHERE
    roomID = ? AND
    type != 'HIDDEN' AND
    type != 'REACTION' AND
    hsOrder <= ?
  ORDER BY hsOrder DESC LIMIT 1
), ?))
  ON CONFLICT(roomID, userID) DO UPDATE SET
    timestamp = excluded.timestamp,
    relatesToID = excluded.relatesToID,
    hsOrder = excluded.hsOrder,
    hsSuborder = excluded.hsSuborder,
    hsOrderString = excluded.hsOrderString,
    lastVisibleEventID = excluded.lastVisibleEventID
  WHERE excluded.hsOrder >= mx_read_receipts.hsOrder
  RETURNING *
  
[debug] [2026-04-17T20:25:05.570Z] [sqlite-worker] 
SELECT m.eventID, m.id
FROM mx_room_messages m
WHERE m.roomID = ? AND m.eventID IN (?, ?)
[debug] [2026-04-17T20:25:05.571Z] [sqlite-worker] INSERT OR REPLACE INTO threads (threadID, accountID, thread, timestamp, is_label) VALUES (?, ?, ?, ?, ?)
[debug] [2026-04-17T20:25:05.773Z] [sqlite-worker] 
SELECT
  t.accountID,
  t.thread,
  (
    SELECT json_group_array(
      json_object(
        'account_id', p.account_id,
        'participant_id', p.id,
        'room_id', p.room_id,
        'full_name', p.full_name,
        'nickname', p.nickname,
        'img_url', p.img_url,
        'is_verified', p.is_verified,
        'cannot_message', p.cannot_message,
        'is_self', p.is_self,
        'is_network_bot', p.is_network_bot,
        'added_by', p.added_by,
        'is_admin', p.is_admin,
        'is_pending', p.is_pending,
        'has_exited', p.has_exited,
        'identifiers', (
          SELECT json_group_array(
            json_object(
              'identifier', pi.identifier,
              'identifier_type', pi.identifier_type
            )
          )
          FROM participant_identifiers pi
          WHERE pi.account_id = p.account_id AND pi.participant_id = p.id
        )
      )
    )
    FROM participants p
    WHERE p.room_id = t.threadID AND p.account_id = t.accountID
  ) AS participants_json
FROM threads t
WHERE t.threadID = ?

[debug] [2026-04-17T20:25:11.027Z] [sqlite-worker] INSERT OR REPLACE INTO key_values VALUES (?, ?)
[debug] [2026-04-17T20:25:26.352Z] [sqlite-worker] INSERT OR REPLACE INTO key_values VALUES (?, ?)
[debug] [2026-04-17T20:25:38.774Z] [sqlite-worker] INSERT OR IGNORE INTO key_values VALUES (?, '{}')
[debug] [2026-04-17T20:25:38.774Z] [sqlite-worker] UPDATE key_values SET value = json_set(value, ?, json(?)) WHERE key = ?
[debug] [2026-04-17T20:25:39.736Z] [sqlite-worker] INSERT OR IGNORE INTO key_values VALUES (?, '{}')
[debug] [2026-04-17T20:25:39.736Z] [sqlite-worker] UPDATE key_values SET value = json_set(value, ?, json(?)) WHERE key = ?
[debug] [2026-04-17T20:25:40.618Z] [sqlite-worker] INSERT OR IGNORE INTO key_values VALUES (?, '{}')
[debug] [2026-04-17T20:25:40.618Z] [sqlite-worker] UPDATE key_values SET value = json_set(value, ?, json(?)) WHERE key = ?
[debug] [2026-04-17T20:25:41.620Z] [sqlite-worker] INSERT OR IGNORE INTO key_values VALUES (?, '{}')
[debug] [2026-04-17T20:25:41.620Z] [sqlite-worker] UPDATE key_values SET value = json_set(value, ?, json(?)) WHERE key = ?
[debug] [2026-04-17T20:25:42.603Z] [sqlite-worker] INSERT OR IGNORE INTO key_values VALUES (?, '{}')
[debug] [2026-04-17T20:25:42.604Z] [sqlite-worker] UPDATE key_values SET value = json_set(value, ?, json(?)) WHERE key = ?
[debug] [2026-04-17T20:25:43.252Z] [sqlite-worker] INSERT OR IGNORE INTO key_values VALUES (?, '{}')
[debug] [2026-04-17T20:25:43.252Z] [sqlite-worker] UPDATE key_values SET value = json_set(value, ?, json(?)) WHERE key = ?
[debug] [2026-04-17T20:25:44.650Z] [sqlite-worker] INSERT OR IGNORE INTO key_values VALUES (?, '{}')
[debug] [2026-04-17T20:25:44.650Z] [sqlite-worker] UPDATE key_values SET value = json_set(value, ?, json(?)) WHERE key = ?
[debug] [2026-04-17T20:25:45.452Z] [sqlite-worker] INSERT OR IGNORE INTO key_values VALUES (?, '{}')
[debug] [2026-04-17T20:25:45.453Z] [sqlite-worker] UPDATE key_values SET value = json_set(value, ?, json(?)) WHERE key = ?
[debug] [2026-04-17T20:25:46.382Z] [sqlite-worker] INSERT OR IGNORE INTO key_values VALUES (?, '{}')
[debug] [2026-04-17T20:25:46.382Z] [sqlite-worker] UPDATE key_values SET value = json_set(value, ?, json(?)) WHERE key = ?
[debug] [2026-04-17T20:25:48.287Z] [sqlite-worker] INSERT OR IGNORE INTO key_values VALUES (?, '{}')
[debug] [2026-04-17T20:25:48.287Z] [sqlite-worker] UPDATE key_values SET value = json_set(value, ?, json(?)) WHERE key = ?
[debug] [2026-04-17T20:25:51.697Z] [sqlite-worker] 
SELECT
  t.accountID,
  t.thread,
  (
    SELECT json_group_array(
      json_object(
        'account_id', p.account_id,
        'participant_id', p.id,
        'room_id', p.room_id,
        'full_name', p.full_name,
        'nickname', p.nickname,
        'img_url', p.img_url,
        'is_verified', p.is_verified,
        'cannot_message', p.cannot_message,
        'is_self', p.is_self,
        'is_network_bot', p.is_network_bot,
        'added_by', p.added_by,
        'is_admin', p.is_admin,
        'is_pending', p.is_pending,
        'has_exited', p.has_exited,
        'identifiers', (
          SELECT json_group_array(
            json_object(
              'identifier', pi.identifier,
              'identifier_type', pi.identifier_type
            )
          )
          FROM participant_identifiers pi
          WHERE pi.account_id = p.account_id AND pi.participant_id = p.id
        )
      )
    )
    FROM participants p
    WHERE p.room_id = t.threadID AND p.account_id = t.accountID
  ) AS participants_json
FROM threads t
WHERE t.threadID = ?

[debug] [2026-04-17T20:25:56.510Z] [sqlite-worker] 
SELECT
  t.accountID,
  t.thread,
  (
    SELECT json_group_array(
      json_object(
        'account_id', p.account_id,
        'participant_id', p.id,
        'room_id', p.room_id,
        'full_name', p.full_name,
        'nickname', p.nickname,
        'img_url', p.img_url,
        'is_verified', p.is_verified,
        'cannot_message', p.cannot_message,
        'is_self', p.is_self,
        'is_network_bot', p.is_network_bot,
        'added_by', p.added_by,
        'is_admin', p.is_admin,
        'is_pending', p.is_pending,
        'has_exited', p.has_exited,
        'identifiers', (
          SELECT json_group_array(
            json_object(
              'identifier', pi.identifier,
              'identifier_type', pi.identifier_type
            )
          )
          FROM participant_identifiers pi
          WHERE pi.account_id = p.account_id AND pi.participant_id = p.id
        )
      )
    )
    FROM participants p
    WHERE p.room_id = t.threadID AND p.account_id = t.accountID
  ) AS participants_json
FROM threads t
WHERE t.threadID = ?

[debug] [2026-04-17T20:25:56.925Z] [sqlite-worker] 
SELECT
  t.accountID,
  t.thread,
  (
    SELECT json_group_array(
      json_object(
        'account_id', p.account_id,
        'participant_id', p.id,
        'room_id', p.room_id,
        'full_name', p.full_name,
        'nickname', p.nickname,
        'img_url', p.img_url,
        'is_verified', p.is_verified,
        'cannot_message', p.cannot_message,
        'is_self', p.is_self,
        'is_network_bot', p.is_network_bot,
        'added_by', p.added_by,
        'is_admin', p.is_admin,
        'is_pending', p.is_pending,
        'has_exited', p.has_exited,
        'identifiers', (
          SELECT json_group_array(
            json_object(
              'identifier', pi.identifier,
              'identifier_type', pi.identifier_type
            )
          )
          FROM participant_identifiers pi
          WHERE pi.account_id = p.account_id AND pi.participant_id = p.id
        )
      )
    )
    FROM participants p
    WHERE p.room_id = t.threadID AND p.account_id = t.accountID
  ) AS participants_json
FROM threads t
WHERE t.threadID = ?

[debug] [2026-04-17T20:25:56.926Z] [sqlite-worker] 
INSERT INTO mx_room_messages (
  id,
  roomID,
  eventID,
  senderContactID,
  timestamp,
  isEdited,
  lastEditionID,
  isDetached,
  lastEditionTimestamp,
  lastEditionOrder,
  isDeleted,
  isEncrypted,
  inReplyToID,
  isReplyThreadFallback,
  type,
  hsOrder,
  isSentByMe,
  replyCount,
  shouldNotify,
  shouldPreview,
  countsAsUnread,
  lastDeletionID,
  editedType,
  message,
  echo_echoID,
  seenByMeAt
) VALUES (?, ?, ?, ?, ?, ?, ?, ?, ?, ?, ?, ?, ?, ?, ?, ?, ?, ?, ?, ?, ?, ?, ?, ?, ?, ?)
ON CONFLICT(roomID, eventID) DO UPDATE SET
  senderContactID = excluded.senderContactID,
  timestamp = excluded.timestamp,
  isEdited = excluded.isEdited,
  lastEditionID = excluded.lastEditionID,
  isDetached = excluded.isDetached,
  lastEditionTimestamp = excluded.lastEditionTimestamp,
  lastEditionOrder = excluded.lastEditionOrder,
  isDeleted = excluded.isDeleted,
  isEncrypted = excluded.isEncrypted,
  inReplyToID = excluded.inReplyToID,
  isReplyThreadFallback = excluded.isReplyThreadFallback,
  type = excluded.type,
  hsOrder = excluded.hsOrder,
  isSentByMe = excluded.isSentByMe,
  replyCount = excluded.replyCount,
  shouldNotify = excluded.shouldNotify,
  shouldPreview = excluded.shouldPreview,
  countsAsUnread = excluded.countsAsUnread,
  lastDeletionID = excluded.lastDeletionID,
  editedType = excluded.editedType,
  message = excluded.message,
  echo_echoID = excluded.echo_echoID,
  seenByMeAt = excluded.seenByMeAt,
  sendStatus = NULL RETURNING 
    mx_room_messages.id AS mx_msg_id,
    mx_room_messages.roomID AS mx_msg_roomID,
    mx_room_messages.eventID AS mx_msg_eventID,
    mx_room_messages.message AS mx_msg_msg,
    mx_room_messages.hsOrder AS mx_msg_hsOrder,
    mx_room_messages.sendStatus AS mx_msg_sendStatus,
    (
    SELECT json_object('id', linked.id, 'message', linked.message)
    FROM mx_room_messages linked
    WHERE mx_room_messages.inReplyToID IS NOT NULL
      AND (linked.eventID = mx_room_messages.inReplyToID OR linked.lastEditionID = mx_room_messages.inReplyToID)
    LIMIT 1
  ) AS mx_msg_linkedMessage,
    mx_room_messages.echo_echoID AS mx_msg_echo_echoID
  
[debug] [2026-04-17T20:25:56.929Z] [sqlite-worker] SELECT * FROM mx_read_receipts WHERE roomID = ? AND userID IN (?)
[debug] [2026-04-17T20:25:56.930Z] [sqlite-worker] 
    INSERT INTO mx_read_receipts (userID, timestamp, roomID, relatesToID, hsOrder, hsSuborder, hsOrderString, lastVisibleEventID)
    VALUES (?, ?, ?, ?, ?, ?, ?, COALESCE((
  SELECT eventID
  FROM mx_room_messages
  WHERE
    roomID = ? AND
    type != 'HIDDEN' AND
    type != 'REACTION' AND
    hsOrder <= ?
  ORDER BY hsOrder DESC LIMIT 1
), ?))
  ON CONFLICT(roomID, userID) DO UPDATE SET
    timestamp = excluded.timestamp,
    relatesToID = excluded.relatesToID,
    hsOrder = excluded.hsOrder,
    hsSuborder = excluded.hsSuborder,
    hsOrderString = excluded.hsOrderString,
    lastVisibleEventID = excluded.lastVisibleEventID
  WHERE excluded.hsOrder >= mx_read_receipts.hsOrder
  RETURNING *
  
[debug] [2026-04-17T20:25:56.930Z] [sqlite-worker] 
SELECT m.eventID, m.id
FROM mx_room_messages m
WHERE m.roomID = ? AND m.eventID IN (?, ?)
[debug] [2026-04-17T20:25:56.932Z] [sqlite-worker] INSERT OR REPLACE INTO threads (threadID, accountID, thread, timestamp, is_label) VALUES (?, ?, ?, ?, ?)
[debug] [2026-04-17T20:26:38.057Z] [sqlite-worker] SELECT * FROM breadcrumbs WHERE id = ?
[debug] [2026-04-17T20:26:38.058Z] [sqlite-worker] INSERT OR REPLACE INTO breadcrumbs (id, sentCount, sentLast, openCount, lastOpenTime) VALUES (?, ?, ?, ?, ?)
[debug] [2026-04-17T20:26:41.443Z] [sqlite-worker] 
SELECT 
    m.id AS mx_msg_id,
    m.roomID AS mx_msg_roomID,
    m.eventID AS mx_msg_eventID,
    m.message AS mx_msg_msg,
    m.hsOrder AS mx_msg_hsOrder,
    m.sendStatus AS mx_msg_sendStatus,
    m.seenByMeAt AS mx_msg_seenByMeAt,
    (
        SELECT json_group_object(rr.userID, rr.timestamp)
        FROM mx_read_receipts rr
        WHERE rr.roomID = m.roomID
          AND rr.lastVisibleEventID = m.eventID
        GROUP BY rr.lastVisibleEventID
    ) AS mx_msg_readReceipts,
    (
        SELECT json_group_array(json(r.reaction))
        FROM mx_reactions r
        WHERE r.roomID = m.roomID
          AND r.eventID = m.eventID
          AND r.isDeleted = 0
        ORDER BY r.timestamp DESC
    ) AS mx_msg_reactions,
    (
    SELECT json_object('id', linked.id, 'message', linked.message)
    FROM mx_room_messages linked
    WHERE m.inReplyToID IS NOT NULL
      AND (linked.eventID = m.inReplyToID OR linked.lastEditionID = m.inReplyToID)
    LIMIT 1
  ) AS mx_msg_linkedMessage,
    (
    SELECT json_extract(value, '$.user_id') FROM key_values WHERE key = 'beeperState'
  ) AS current_user_id,
    m.echo_echoID AS mx_msg_echo_echoID
  
FROM mx_room_messages m
WHERE m.id = (
  SELECT id FROM (
    SELECT id, hsOrder FROM mx_room_messages WHERE roomID = ? AND id = ?
    UNION ALL
    SELECT id, hsOrder FROM mx_room_messages WHERE roomID = ? AND eventID = ?
    UNION ALL
    SELECT id, hsOrder FROM mx_room_messages WHERE roomID = ? AND lastEditionID = ?
  )
  ORDER BY hsOrder DESC
  LIMIT 1
)
[debug] [2026-04-17T20:26:41.612Z] [sqlite-worker] SELECT * FROM breadcrumbs WHERE id = ?
[debug] [2026-04-17T20:26:41.613Z] [sqlite-worker] INSERT OR REPLACE INTO breadcrumbs (id, sentCount, sentLast, openCount, lastOpenTime) VALUES (?, ?, ?, ?, ?)
[debug] [2026-04-17T20:26:41.769Z] [sqlite-worker] SELECT * FROM mx_room_messages WHERE roomID = ? AND id = ?
[debug] [2026-04-17T20:26:42.495Z] [sqlite-worker] 
SELECT
  t.accountID,
  t.thread,
  (
    SELECT json_group_array(
      json_object(
        'account_id', p.account_id,
        'participant_id', p.id,
        'room_id', p.room_id,
        'full_name', p.full_name,
        'nickname', p.nickname,
        'img_url', p.img_url,
        'is_verified', p.is_verified,
        'cannot_message', p.cannot_message,
        'is_self', p.is_self,
        'is_network_bot', p.is_network_bot,
        'added_by', p.added_by,
        'is_admin', p.is_admin,
        'is_pending', p.is_pending,
        'has_exited', p.has_exited,
        'identifiers', (
          SELECT json_group_array(
            json_object(
              'identifier', pi.identifier,
              'identifier_type', pi.identifier_type
            )
          )
          FROM participant_identifiers pi
          WHERE pi.account_id = p.account_id AND pi.participant_id = p.id
        )
      )
    )
    FROM participants p
    WHERE p.room_id = t.threadID AND p.account_id = t.accountID
  ) AS participants_json
FROM threads t
WHERE t.threadID = ?

[debug] [2026-04-17T20:26:42.503Z] [sqlite-worker] SELECT * FROM mx_read_receipts WHERE userID = ? AND roomID = ?
[debug] [2026-04-17T20:26:42.504Z] [sqlite-worker] 
      SELECT
          COUNT(DISTINCT mx_room_messages.id) AS unreadCount,
          SUM(CASE WHEN mention.value = '@room' OR mention.value = ? THEN 1 ELSE 0 END) AS unreadMentionsCount
      FROM mx_room_messages
      LEFT JOIN json_each(mx_room_messages.message, '$.mentions') AS mention
      WHERE
          mx_room_messages.roomId = ? AND
          mx_room_messages.isSentByMe = 0 AND
          mx_room_messages.isDeleted = 0 AND
          mx_room_messages.countsAsUnread = 1 AND
          mx_room_messages.hsOrder > ?
    
[debug] [2026-04-17T20:26:42.505Z] [sqlite-worker] INSERT OR REPLACE INTO threads (threadID, accountID, thread, timestamp, is_label) VALUES (?, ?, ?, ?, ?)
[debug] [2026-04-17T20:26:42.797Z] [sqlite-worker] 
SELECT
  t.accountID,
  t.thread,
  (
    SELECT json_group_array(
      json_object(
        'account_id', p.account_id,
        'participant_id', p.id,
        'room_id', p.room_id,
        'full_name', p.full_name,
        'nickname', p.nickname,
        'img_url', p.img_url,
        'is_verified', p.is_verified,
        'cannot_message', p.cannot_message,
        'is_self', p.is_self,
        'is_network_bot', p.is_network_bot,
        'added_by', p.added_by,
        'is_admin', p.is_admin,
        'is_pending', p.is_pending,
        'has_exited', p.has_exited,
        'identifiers', (
          SELECT json_group_array(
            json_object(
              'identifier', pi.identifier,
              'identifier_type', pi.identifier_type
            )
          )
          FROM participant_identifiers pi
          WHERE pi.account_id = p.account_id AND pi.participant_id = p.id
        )
      )
    )
    FROM participants p
    WHERE p.room_id = t.threadID AND p.account_id = t.accountID
  ) AS participants_json
FROM threads t
WHERE t.threadID = ?

[debug] [2026-04-17T20:26:42.800Z] [sqlite-worker] SELECT * FROM mx_read_receipts WHERE roomID = ? AND userID IN (?)
[debug] [2026-04-17T20:26:42.801Z] [sqlite-worker] 
    INSERT INTO mx_read_receipts (userID, timestamp, roomID, relatesToID, hsOrder, hsSuborder, hsOrderString, lastVisibleEventID)
    VALUES (?, ?, ?, ?, ?, ?, ?, COALESCE((
  SELECT eventID
  FROM mx_room_messages
  WHERE
    roomID = ? AND
    type != 'HIDDEN' AND
    type != 'REACTION' AND
    hsOrder <= ?
  ORDER BY hsOrder DESC LIMIT 1
), ?))
  ON CONFLICT(roomID, userID) DO UPDATE SET
    timestamp = excluded.timestamp,
    relatesToID = excluded.relatesToID,
    hsOrder = excluded.hsOrder,
    hsSuborder = excluded.hsSuborder,
    hsOrderString = excluded.hsOrderString,
    lastVisibleEventID = excluded.lastVisibleEventID
  WHERE excluded.hsOrder >= mx_read_receipts.hsOrder
  RETURNING *
  
[debug] [2026-04-17T20:26:42.802Z] [sqlite-worker] 
    UPDATE mx_room_messages SET seenByMeAt = ? WHERE seenByMeAt IS NULL AND id IN (
      SELECT id FROM mx_room_messages WHERE roomID = ? AND hsOrder > ? AND hsOrder <= ? LIMIT 5000 -- limit to avoid long running queries
    )
  
[debug] [2026-04-17T20:26:42.804Z] [sqlite-worker] 
SELECT m.eventID, m.id
FROM mx_room_messages m
WHERE m.roomID = ? AND m.eventID IN (?)
[debug] [2026-04-17T20:26:42.805Z] [sqlite-worker] SELECT * FROM mx_read_receipts WHERE userID = ? AND roomID = ?
[debug] [2026-04-17T20:26:42.805Z] [sqlite-worker] 
      SELECT
          COUNT(DISTINCT mx_room_messages.id) AS unreadCount,
          SUM(CASE WHEN mention.value = '@room' OR mention.value = ? THEN 1 ELSE 0 END) AS unreadMentionsCount
      FROM mx_room_messages
      LEFT JOIN json_each(mx_room_messages.message, '$.mentions') AS mention
      WHERE
          mx_room_messages.roomId = ? AND
          mx_room_messages.isSentByMe = 0 AND
          mx_room_messages.isDeleted = 0 AND
          mx_room_messages.countsAsUnread = 1 AND
          mx_room_messages.hsOrder > ?
    
[debug] [2026-04-17T20:26:42.808Z] [sqlite-worker] INSERT OR REPLACE INTO threads (threadID, accountID, thread, timestamp, is_label) VALUES (?, ?, ?, ?, ?)
[debug] [2026-04-17T20:26:46.249Z] [sqlite-worker] INSERT OR IGNORE INTO thread_props VALUES (?, ?, '{}')
[debug] [2026-04-17T20:26:46.250Z] [sqlite-worker] UPDATE thread_props SET props = json_patch(props, ?) WHERE accountID = ? AND threadID = ?
[debug] [2026-04-17T20:26:48.948Z] [sqlite-worker] INSERT OR REPLACE INTO key_values VALUES (?, ?)
[debug] [2026-04-17T20:26:48.969Z] [sqlite-worker] INSERT OR IGNORE INTO thread_props VALUES (?, ?, '{}')
[debug] [2026-04-17T20:26:48.970Z] [sqlite-worker] UPDATE thread_props SET props = json_patch(props, ?) WHERE accountID = ? AND threadID = ?
[debug] [2026-04-17T20:26:48.973Z] [sqlite-worker] INSERT OR IGNORE INTO thread_props VALUES (?, ?, '{}')
[debug] [2026-04-17T20:26:48.973Z] [sqlite-worker] UPDATE thread_props SET props = json_remove(props, ?) WHERE accountID = ? AND threadID = ?
[debug] [2026-04-17T20:26:49.010Z] [sqlite-worker] INSERT OR IGNORE INTO thread_props VALUES (?, ?, '{}')
[debug] [2026-04-17T20:26:49.010Z] [sqlite-worker] UPDATE thread_props SET props = json_patch(props, ?) WHERE accountID = ? AND threadID = ?
[debug] [2026-04-17T20:26:49.085Z] [sqlite-worker] SELECT * FROM mx_room_messages WHERE roomID = ? AND id = ?
[debug] [2026-04-17T20:26:49.086Z] [sqlite-worker] SELECT * FROM breadcrumbs WHERE id = ?
[debug] [2026-04-17T20:26:49.087Z] [sqlite-worker] INSERT OR REPLACE INTO breadcrumbs (id, sentCount, sentLast, openCount, lastOpenTime) VALUES (?, ?, ?, ?, ?)
[debug] [2026-04-17T20:26:49.271Z] [sqlite-worker] INSERT OR IGNORE INTO thread_props VALUES (?, ?, '{}')
[debug] [2026-04-17T20:26:49.273Z] [sqlite-worker] UPDATE thread_props SET props = json_remove(props, ?) WHERE accountID = ? AND threadID = ?
[debug] [2026-04-17T20:26:49.281Z] [sqlite-worker] 
SELECT
  t.accountID,
  t.thread,
  (
    SELECT json_group_array(
      json_object(
        'account_id', p.account_id,
        'participant_id', p.id,
        'room_id', p.room_id,
        'full_name', p.full_name,
        'nickname', p.nickname,
        'img_url', p.img_url,
        'is_verified', p.is_verified,
        'cannot_message', p.cannot_message,
        'is_self', p.is_self,
        'is_network_bot', p.is_network_bot,
        'added_by', p.added_by,
        'is_admin', p.is_admin,
        'is_pending', p.is_pending,
        'has_exited', p.has_exited,
        'identifiers', (
          SELECT json_group_array(
            json_object(
              'identifier', pi.identifier,
              'identifier_type', pi.identifier_type
            )
          )
          FROM participant_identifiers pi
          WHERE pi.account_id = p.account_id AND pi.participant_id = p.id
        )
      )
    )
    FROM participants p
    WHERE p.room_id = t.threadID AND p.account_id = t.accountID
  ) AS participants_json
FROM threads t
WHERE t.threadID = ?

[debug] [2026-04-17T20:26:49.286Z] [sqlite-worker] 
INSERT INTO mx_room_messages (
  id,
  roomID,
  eventID,
  senderContactID,
  timestamp,
  isEdited,
  lastEditionID,
  isDetached,
  lastEditionTimestamp,
  lastEditionOrder,
  isDeleted,
  isEncrypted,
  inReplyToID,
  isReplyThreadFallback,
  type,
  hsOrder,
  isSentByMe,
  replyCount,
  shouldNotify,
  shouldPreview,
  countsAsUnread,
  lastDeletionID,
  editedType,
  message,
  echo_echoID,
  seenByMeAt
) VALUES (?, ?, ?, ?, ?, ?, ?, ?, ?, ?, ?, ?, ?, ?, ?, ?, ?, ?, ?, ?, ?, ?, ?, ?, ?, ?)
ON CONFLICT(roomID, eventID) DO UPDATE SET
  senderContactID = excluded.senderContactID,
  timestamp = excluded.timestamp,
  isEdited = excluded.isEdited,
  lastEditionID = excluded.lastEditionID,
  isDetached = excluded.isDetached,
  lastEditionTimestamp = excluded.lastEditionTimestamp,
  lastEditionOrder = excluded.lastEditionOrder,
  isDeleted = excluded.isDeleted,
  isEncrypted = excluded.isEncrypted,
  inReplyToID = excluded.inReplyToID,
  isReplyThreadFallback = excluded.isReplyThreadFallback,
  type = excluded.type,
  hsOrder = excluded.hsOrder,
  isSentByMe = excluded.isSentByMe,
  replyCount = excluded.replyCount,
  shouldNotify = excluded.shouldNotify,
  shouldPreview = excluded.shouldPreview,
  countsAsUnread = excluded.countsAsUnread,
  lastDeletionID = excluded.lastDeletionID,
  editedType = excluded.editedType,
  message = excluded.message,
  echo_echoID = excluded.echo_echoID,
  seenByMeAt = excluded.seenByMeAt,
  sendStatus = NULL RETURNING 
    mx_room_messages.id AS mx_msg_id,
    mx_room_messages.roomID AS mx_msg_roomID,
    mx_room_messages.eventID AS mx_msg_eventID,
    mx_room_messages.message AS mx_msg_msg,
    mx_room_messages.hsOrder AS mx_msg_hsOrder,
    mx_room_messages.sendStatus AS mx_msg_sendStatus,
    (
    SELECT json_object('id', linked.id, 'message', linked.message)
    FROM mx_room_messages linked
    WHERE mx_room_messages.inReplyToID IS NOT NULL
      AND (linked.eventID = mx_room_messages.inReplyToID OR linked.lastEditionID = mx_room_messages.inReplyToID)
    LIMIT 1
  ) AS mx_msg_linkedMessage,
    mx_room_messages.echo_echoID AS mx_msg_echo_echoID
  
[debug] [2026-04-17T20:26:49.291Z] [sqlite-worker] SELECT * FROM mx_read_receipts WHERE userID = ? AND roomID = ?
[debug] [2026-04-17T20:26:49.294Z] [sqlite-worker] 
    INSERT INTO mx_read_receipts (userID, timestamp, roomID, relatesToID, hsOrder, hsSuborder, hsOrderString, lastVisibleEventID)
    VALUES (?, ?, ?, ?, ?, ?, ?, COALESCE((
  SELECT eventID
  FROM mx_room_messages
  WHERE
    roomID = ? AND
    type != 'HIDDEN' AND
    type != 'REACTION' AND
    hsOrder <= ?
  ORDER BY hsOrder DESC LIMIT 1
), ?))
  ON CONFLICT(roomID, userID) DO UPDATE SET
    timestamp = excluded.timestamp,
    relatesToID = excluded.relatesToID,
    hsOrder = excluded.hsOrder,
    hsSuborder = excluded.hsSuborder,
    hsOrderString = excluded.hsOrderString,
    lastVisibleEventID = excluded.lastVisibleEventID
  WHERE excluded.hsOrder >= mx_read_receipts.hsOrder
  RETURNING *
  
[debug] [2026-04-17T20:26:49.295Z] [sqlite-worker] 
    UPDATE mx_room_messages SET seenByMeAt = ? WHERE seenByMeAt IS NULL AND id IN (
      SELECT id FROM mx_room_messages WHERE roomID = ? AND hsOrder > ? AND hsOrder <= ? LIMIT 5000 -- limit to avoid long running queries
    )
  
[debug] [2026-04-17T20:26:49.296Z] [sqlite-worker] 
SELECT m.id
FROM mx_room_messages m
WHERE m.roomID = ? AND m.eventID = ?
LIMIT 1
    
[debug] [2026-04-17T20:26:49.299Z] [sqlite-worker] SELECT * FROM mx_read_receipts WHERE roomID = ? AND userID IN (?)
[debug] [2026-04-17T20:26:49.299Z] [sqlite-worker] 
    INSERT INTO mx_read_receipts (userID, timestamp, roomID, relatesToID, hsOrder, hsSuborder, hsOrderString, lastVisibleEventID)
    VALUES (?, ?, ?, ?, ?, ?, ?, COALESCE((
  SELECT eventID
  FROM mx_room_messages
  WHERE
    roomID = ? AND
    type != 'HIDDEN' AND
    type != 'REACTION' AND
    hsOrder <= ?
  ORDER BY hsOrder DESC LIMIT 1
), ?))
  ON CONFLICT(roomID, userID) DO UPDATE SET
    timestamp = excluded.timestamp,
    relatesToID = excluded.relatesToID,
    hsOrder = excluded.hsOrder,
    hsSuborder = excluded.hsSuborder,
    hsOrderString = excluded.hsOrderString,
    lastVisibleEventID = excluded.lastVisibleEventID
  WHERE excluded.hsOrder >= mx_read_receipts.hsOrder
  RETURNING *
  
[debug] [2026-04-17T20:26:49.299Z] [sqlite-worker] 
    UPDATE mx_room_messages SET seenByMeAt = ? WHERE seenByMeAt IS NULL AND id IN (
      SELECT id FROM mx_room_messages WHERE roomID = ? AND hsOrder > ? AND hsOrder <= ? LIMIT 5000 -- limit to avoid long running queries
    )
  
[debug] [2026-04-17T20:26:49.300Z] [sqlite-worker] SELECT * FROM mx_read_receipts WHERE userID = ? AND roomID = ?
[debug] [2026-04-17T20:26:49.301Z] [sqlite-worker] 
      SELECT
          COUNT(DISTINCT mx_room_messages.id) AS unreadCount,
          SUM(CASE WHEN mention.value = '@room' OR mention.value = ? THEN 1 ELSE 0 END) AS unreadMentionsCount
      FROM mx_room_messages
      LEFT JOIN json_each(mx_room_messages.message, '$.mentions') AS mention
      WHERE
          mx_room_messages.roomId = ? AND
          mx_room_messages.isSentByMe = 0 AND
          mx_room_messages.isDeleted = 0 AND
          mx_room_messages.countsAsUnread = 1 AND
          mx_room_messages.hsOrder > ?
    
[debug] [2026-04-17T20:26:49.304Z] [sqlite-worker] INSERT OR REPLACE INTO threads (threadID, accountID, thread, timestamp, is_label) VALUES (?, ?, ?, ?, ?)
[debug] [2026-04-17T20:26:49.321Z] [sqlite-worker] SELECT * FROM mx_room_messages WHERE roomID = ? AND id = ?
[debug] [2026-04-17T20:26:49.484Z] [sqlite-worker] 
SELECT
  t.accountID,
  t.thread,
  (
    SELECT json_group_array(
      json_object(
        'account_id', p.account_id,
        'participant_id', p.id,
        'room_id', p.room_id,
        'full_name', p.full_name,
        'nickname', p.nickname,
        'img_url', p.img_url,
        'is_verified', p.is_verified,
        'cannot_message', p.cannot_message,
        'is_self', p.is_self,
        'is_network_bot', p.is_network_bot,
        'added_by', p.added_by,
        'is_admin', p.is_admin,
        'is_pending', p.is_pending,
        'has_exited', p.has_exited,
        'identifiers', (
          SELECT json_group_array(
            json_object(
              'identifier', pi.identifier,
              'identifier_type', pi.identifier_type
            )
          )
          FROM participant_identifiers pi
          WHERE pi.account_id = p.account_id AND pi.participant_id = p.id
        )
      )
    )
    FROM participants p
    WHERE p.room_id = t.threadID AND p.account_id = t.accountID
  ) AS participants_json
FROM threads t
WHERE t.threadID = ?

[debug] [2026-04-17T20:26:49.486Z] [sqlite-worker] SELECT * FROM mx_read_receipts WHERE userID = ? AND roomID = ?
[debug] [2026-04-17T20:26:49.487Z] [sqlite-worker] 
      SELECT
          COUNT(DISTINCT mx_room_messages.id) AS unreadCount,
          SUM(CASE WHEN mention.value = '@room' OR mention.value = ? THEN 1 ELSE 0 END) AS unreadMentionsCount
      FROM mx_room_messages
      LEFT JOIN json_each(mx_room_messages.message, '$.mentions') AS mention
      WHERE
          mx_room_messages.roomId = ? AND
          mx_room_messages.isSentByMe = 0 AND
          mx_room_messages.isDeleted = 0 AND
          mx_room_messages.countsAsUnread = 1 AND
          mx_room_messages.hsOrder > ?
    
[debug] [2026-04-17T20:26:49.487Z] [sqlite-worker] INSERT OR REPLACE INTO threads (threadID, accountID, thread, timestamp, is_label) VALUES (?, ?, ?, ?, ?)
[debug] [2026-04-17T20:26:49.698Z] [sqlite-worker] 
SELECT
  t.accountID,
  t.thread,
  (
    SELECT json_group_array(
      json_object(
        'account_id', p.account_id,
        'participant_id', p.id,
        'room_id', p.room_id,
        'full_name', p.full_name,
        'nickname', p.nickname,
        'img_url', p.img_url,
        'is_verified', p.is_verified,
        'cannot_message', p.cannot_message,
        'is_self', p.is_self,
        'is_network_bot', p.is_network_bot,
        'added_by', p.added_by,
        'is_admin', p.is_admin,
        'is_pending', p.is_pending,
        'has_exited', p.has_exited,
        'identifiers', (
          SELECT json_group_array(
            json_object(
              'identifier', pi.identifier,
              'identifier_type', pi.identifier_type
            )
          )
          FROM participant_identifiers pi
          WHERE pi.account_id = p.account_id AND pi.participant_id = p.id
        )
      )
    )
    FROM participants p
    WHERE p.room_id = t.threadID AND p.account_id = t.accountID
  ) AS participants_json
FROM threads t
WHERE t.threadID = ?

[debug] [2026-04-17T20:26:49.699Z] [sqlite-worker] 
SELECT m.id
FROM mx_room_messages m
WHERE m.roomID = ? AND m.lastEditionID = ?
LIMIT 1
    
[debug] [2026-04-17T20:26:49.699Z] [sqlite-worker] 
SELECT m.id
FROM mx_room_messages m
WHERE m.roomID = ? AND m.eventID = ?
LIMIT 1
    
[debug] [2026-04-17T20:26:49.699Z] [sqlite-worker] UPDATE mx_room_messages SET sendStatus = ? WHERE roomID = ? AND id = ?
[debug] [2026-04-17T20:26:49.700Z] [sqlite-worker] 
INSERT INTO mx_room_messages (
  id,
  roomID,
  eventID,
  senderContactID,
  timestamp,
  isEdited,
  lastEditionID,
  isDetached,
  lastEditionTimestamp,
  lastEditionOrder,
  isDeleted,
  isEncrypted,
  inReplyToID,
  isReplyThreadFallback,
  type,
  hsOrder,
  isSentByMe,
  replyCount,
  shouldNotify,
  shouldPreview,
  countsAsUnread,
  lastDeletionID,
  editedType,
  message,
  echo_echoID,
  seenByMeAt
) VALUES (?, ?, ?, ?, ?, ?, ?, ?, ?, ?, ?, ?, ?, ?, ?, ?, ?, ?, ?, ?, ?, ?, ?, ?, ?, ?)
ON CONFLICT(roomID, eventID) DO UPDATE SET
  senderContactID = excluded.senderContactID,
  timestamp = excluded.timestamp,
  isEdited = excluded.isEdited,
  lastEditionID = excluded.lastEditionID,
  isDetached = excluded.isDetached,
  lastEditionTimestamp = excluded.lastEditionTimestamp,
  lastEditionOrder = excluded.lastEditionOrder,
  isDeleted = excluded.isDeleted,
  isEncrypted = excluded.isEncrypted,
  inReplyToID = excluded.inReplyToID,
  isReplyThreadFallback = excluded.isReplyThreadFallback,
  type = excluded.type,
  hsOrder = excluded.hsOrder,
  isSentByMe = excluded.isSentByMe,
  replyCount = excluded.replyCount,
  shouldNotify = excluded.shouldNotify,
  shouldPreview = excluded.shouldPreview,
  countsAsUnread = excluded.countsAsUnread,
  lastDeletionID = excluded.lastDeletionID,
  editedType = excluded.editedType,
  message = excluded.message,
  echo_echoID = excluded.echo_echoID,
  seenByMeAt = excluded.seenByMeAt,
  sendStatus = NULL RETURNING id
[debug] [2026-04-17T20:26:53.870Z] [sqlite-worker] 
SELECT 
    m.id AS mx_msg_id,
    m.roomID AS mx_msg_roomID,
    m.eventID AS mx_msg_eventID,
    m.message AS mx_msg_msg,
    m.hsOrder AS mx_msg_hsOrder,
    m.sendStatus AS mx_msg_sendStatus,
    m.seenByMeAt AS mx_msg_seenByMeAt,
    (
        SELECT json_group_object(rr.userID, rr.timestamp)
        FROM mx_read_receipts rr
        WHERE rr.roomID = m.roomID
          AND rr.lastVisibleEventID = m.eventID
        GROUP BY rr.lastVisibleEventID
    ) AS mx_msg_readReceipts,
    (
        SELECT json_group_array(json(r.reaction))
        FROM mx_reactions r
        WHERE r.roomID = m.roomID
          AND r.eventID = m.eventID
          AND r.isDeleted = 0
        ORDER BY r.timestamp DESC
    ) AS mx_msg_reactions,
    (
    SELECT json_object('id', linked.id, 'message', linked.message)
    FROM mx_room_messages linked
    WHERE m.inReplyToID IS NOT NULL
      AND (linked.eventID = m.inReplyToID OR linked.lastEditionID = m.inReplyToID)
    LIMIT 1
  ) AS mx_msg_linkedMessage,
    (
    SELECT json_extract(value, '$.user_id') FROM key_values WHERE key = 'beeperState'
  ) AS current_user_id,
    m.echo_echoID AS mx_msg_echo_echoID
  
FROM mx_room_messages m
WHERE m.id = (
  SELECT id FROM (
    SELECT id, hsOrder FROM mx_room_messages WHERE roomID = ? AND id = ?
    UNION ALL
    SELECT id, hsOrder FROM mx_room_messages WHERE roomID = ? AND eventID = ?
    UNION ALL
    SELECT id, hsOrder FROM mx_room_messages WHERE roomID = ? AND lastEditionID = ?
  )
  ORDER BY hsOrder DESC
  LIMIT 1
)
[debug] [2026-04-17T20:26:53.992Z] [sqlite-worker] 
    SELECT MIN(hsOrder) FROM (
      SELECT hsOrder FROM mx_room_messages WHERE
        roomID = ? AND
        type != 'HIDDEN' AND
        type != 'REACTION' AND
        hsOrder < ?
      ORDER BY hsOrder DESC
      LIMIT ?
    )
  
[debug] [2026-04-17T20:26:53.993Z] [sqlite-worker] 
SELECT 
    m.id AS mx_msg_id,
    m.roomID AS mx_msg_roomID,
    m.eventID AS mx_msg_eventID,
    m.message AS mx_msg_msg,
    m.hsOrder AS mx_msg_hsOrder,
    m.sendStatus AS mx_msg_sendStatus,
    m.seenByMeAt AS mx_msg_seenByMeAt,
    (
        SELECT json_group_object(rr.userID, rr.timestamp)
        FROM mx_read_receipts rr
        WHERE rr.roomID = m.roomID
          AND rr.lastVisibleEventID = m.eventID
        GROUP BY rr.lastVisibleEventID
    ) AS mx_msg_readReceipts,
    (
        SELECT json_group_array(json(r.reaction))
        FROM mx_reactions r
        WHERE r.roomID = m.roomID
          AND r.eventID = m.eventID
          AND r.isDeleted = 0
        ORDER BY r.timestamp DESC
    ) AS mx_msg_reactions,
    (
    SELECT json_object('id', linked.id, 'message', linked.message)
    FROM mx_room_messages linked
    WHERE m.inReplyToID IS NOT NULL
      AND (linked.eventID = m.inReplyToID OR linked.lastEditionID = m.inReplyToID)
    LIMIT 1
  ) AS mx_msg_linkedMessage,
    (
    SELECT json_extract(value, '$.user_id') FROM key_values WHERE key = 'beeperState'
  ) AS current_user_id,
    m.echo_echoID AS mx_msg_echo_echoID
  
FROM mx_room_messages m
WHERE m.roomID = ?
 AND ((m.type != 'HIDDEN' AND m.type != 'REACTION') OR (m.type = 'REACTION' AND json_extract(m.message, '$.extra.shouldPreview') = true)) 
 AND m.hsOrder < ? 
AND m.hsOrder >= ?
ORDER BY m.hsOrder DESC
LIMIT ?

[debug] [2026-04-17T20:26:54.208Z] [sqlite-worker] 
    SELECT MIN(hsOrder) FROM (
      SELECT hsOrder FROM mx_room_messages WHERE
        roomID = ? AND
        type != 'HIDDEN' AND
        type != 'REACTION' AND
        hsOrder < ?
      ORDER BY hsOrder DESC
      LIMIT ?
    )
  
[debug] [2026-04-17T20:26:54.209Z] [sqlite-worker] 
SELECT 
    m.id AS mx_msg_id,
    m.roomID AS mx_msg_roomID,
    m.eventID AS mx_msg_eventID,
    m.message AS mx_msg_msg,
    m.hsOrder AS mx_msg_hsOrder,
    m.sendStatus AS mx_msg_sendStatus,
    m.seenByMeAt AS mx_msg_seenByMeAt,
    (
        SELECT json_group_object(rr.userID, rr.timestamp)
        FROM mx_read_receipts rr
        WHERE rr.roomID = m.roomID
          AND rr.lastVisibleEventID = m.eventID
        GROUP BY rr.lastVisibleEventID
    ) AS mx_msg_readReceipts,
    (
        SELECT json_group_array(json(r.reaction))
        FROM mx_reactions r
        WHERE r.roomID = m.roomID
          AND r.eventID = m.eventID
          AND r.isDeleted = 0
        ORDER BY r.timestamp DESC
    ) AS mx_msg_reactions,
    (
    SELECT json_object('id', linked.id, 'message', linked.message)
    FROM mx_room_messages linked
    WHERE m.inReplyToID IS NOT NULL
      AND (linked.eventID = m.inReplyToID OR linked.lastEditionID = m.inReplyToID)
    LIMIT 1
  ) AS mx_msg_linkedMessage,
    (
    SELECT json_extract(value, '$.user_id') FROM key_values WHERE key = 'beeperState'
  ) AS current_user_id,
    m.echo_echoID AS mx_msg_echo_echoID
  
FROM mx_room_messages m
WHERE m.roomID = ?
 AND ((m.type != 'HIDDEN' AND m.type != 'REACTION') OR (m.type = 'REACTION' AND json_extract(m.message, '$.extra.shouldPreview') = true)) 
 AND m.hsOrder < ? 
AND m.hsOrder >= ?
ORDER BY m.hsOrder DESC
LIMIT ?

[debug] [2026-04-17T20:26:54.643Z] [sqlite-worker] 
    SELECT MIN(hsOrder) FROM (
      SELECT hsOrder FROM mx_room_messages WHERE
        roomID = ? AND
        type != 'HIDDEN' AND
        type != 'REACTION' AND
        hsOrder < ?
      ORDER BY hsOrder DESC
      LIMIT ?
    )
  
[debug] [2026-04-17T20:26:54.645Z] [sqlite-worker] 
SELECT 
    m.id AS mx_msg_id,
    m.roomID AS mx_msg_roomID,
    m.eventID AS mx_msg_eventID,
    m.message AS mx_msg_msg,
    m.hsOrder AS mx_msg_hsOrder,
    m.sendStatus AS mx_msg_sendStatus,
    m.seenByMeAt AS mx_msg_seenByMeAt,
    (
        SELECT json_group_object(rr.userID, rr.timestamp)
        FROM mx_read_receipts rr
        WHERE rr.roomID = m.roomID
          AND rr.lastVisibleEventID = m.eventID
        GROUP BY rr.lastVisibleEventID
    ) AS mx_msg_readReceipts,
    (
        SELECT json_group_array(json(r.reaction))
        FROM mx_reactions r
        WHERE r.roomID = m.roomID
          AND r.eventID = m.eventID
          AND r.isDeleted = 0
        ORDER BY r.timestamp DESC
    ) AS mx_msg_reactions,
    (
    SELECT json_object('id', linked.id, 'message', linked.message)
    FROM mx_room_messages linked
    WHERE m.inReplyToID IS NOT NULL
      AND (linked.eventID = m.inReplyToID OR linked.lastEditionID = m.inReplyToID)
    LIMIT 1
  ) AS mx_msg_linkedMessage,
    (
    SELECT json_extract(value, '$.user_id') FROM key_values WHERE key = 'beeperState'
  ) AS current_user_id,
    m.echo_echoID AS mx_msg_echo_echoID
  
FROM mx_room_messages m
WHERE m.roomID = ?
 AND ((m.type != 'HIDDEN' AND m.type != 'REACTION') OR (m.type = 'REACTION' AND json_extract(m.message, '$.extra.shouldPreview') = true)) 
 AND m.hsOrder < ? 
AND m.hsOrder >= ?
ORDER BY m.hsOrder DESC
LIMIT ?

[debug] [2026-04-17T20:26:54.834Z] [sqlite-worker] 
SELECT
  t.accountID,
  t.thread,
  (
    SELECT json_group_array(
      json_object(
        'account_id', p.account_id,
        'participant_id', p.id,
        'room_id', p.room_id,
        'full_name', p.full_name,
        'nickname', p.nickname,
        'img_url', p.img_url,
        'is_verified', p.is_verified,
        'cannot_message', p.cannot_message,
        'is_self', p.is_self,
        'is_network_bot', p.is_network_bot,
        'added_by', p.added_by,
        'is_admin', p.is_admin,
        'is_pending', p.is_pending,
        'has_exited', p.has_exited,
        'identifiers', (
          SELECT json_group_array(
            json_object(
              'identifier', pi.identifier,
              'identifier_type', pi.identifier_type
            )
          )
          FROM participant_identifiers pi
          WHERE pi.account_id = p.account_id AND pi.participant_id = p.id
        )
      )
    )
    FROM participants p
    WHERE p.room_id = t.threadID AND p.account_id = t.accountID
  ) AS participants_json
FROM threads t
WHERE t.threadID = ?

[debug] [2026-04-17T20:26:54.838Z] [sqlite-worker] 
INSERT INTO mx_room_messages (
  id,
  roomID,
  eventID,
  senderContactID,
  timestamp,
  isEdited,
  lastEditionID,
  isDetached,
  lastEditionTimestamp,
  lastEditionOrder,
  isDeleted,
  isEncrypted,
  inReplyToID,
  isReplyThreadFallback,
  type,
  hsOrder,
  isSentByMe,
  replyCount,
  shouldNotify,
  shouldPreview,
  countsAsUnread,
  lastDeletionID,
  editedType,
  message,
  echo_echoID,
  seenByMeAt
) VALUES (?, ?, ?, ?, ?, ?, ?, ?, ?, ?, ?, ?, ?, ?, ?, ?, ?, ?, ?, ?, ?, ?, ?, ?, ?, ?)
ON CONFLICT(roomID, eventID) DO UPDATE SET
  senderContactID = excluded.senderContactID,
  timestamp = excluded.timestamp,
  isEdited = excluded.isEdited,
  lastEditionID = excluded.lastEditionID,
  isDetached = excluded.isDetached,
  lastEditionTimestamp = excluded.lastEditionTimestamp,
  lastEditionOrder = excluded.lastEditionOrder,
  isDeleted = excluded.isDeleted,
  isEncrypted = excluded.isEncrypted,
  inReplyToID = excluded.inReplyToID,
  isReplyThreadFallback = excluded.isReplyThreadFallback,
  type = excluded.type,
  hsOrder = excluded.hsOrder,
  isSentByMe = excluded.isSentByMe,
  replyCount = excluded.replyCount,
  shouldNotify = excluded.shouldNotify,
  shouldPreview = excluded.shouldPreview,
  countsAsUnread = excluded.countsAsUnread,
  lastDeletionID = excluded.lastDeletionID,
  editedType = excluded.editedType,
  message = excluded.message,
  echo_echoID = excluded.echo_echoID,
  seenByMeAt = excluded.seenByMeAt,
  sendStatus = NULL RETURNING id
[debug] [2026-04-17T20:26:54.842Z] [sqlite-worker] 
INSERT INTO mx_room_messages (
  id,
  roomID,
  eventID,
  senderContactID,
  timestamp,
  isEdited,
  lastEditionID,
  isDetached,
  lastEditionTimestamp,
  lastEditionOrder,
  isDeleted,
  isEncrypted,
  inReplyToID,
  isReplyThreadFallback,
  type,
  hsOrder,
  isSentByMe,
  replyCount,
  shouldNotify,
  shouldPreview,
  countsAsUnread,
  lastDeletionID,
  editedType,
  message,
  echo_echoID,
  seenByMeAt
) VALUES (?, ?, ?, ?, ?, ?, ?, ?, ?, ?, ?, ?, ?, ?, ?, ?, ?, ?, ?, ?, ?, ?, ?, ?, ?, ?)
ON CONFLICT(roomID, eventID) DO UPDATE SET
  senderContactID = excluded.senderContactID,
  timestamp = excluded.timestamp,
  isEdited = excluded.isEdited,
  lastEditionID = excluded.lastEditionID,
  isDetached = excluded.isDetached,
  lastEditionTimestamp = excluded.lastEditionTimestamp,
  lastEditionOrder = excluded.lastEditionOrder,
  isDeleted = excluded.isDeleted,
  isEncrypted = excluded.isEncrypted,
  inReplyToID = excluded.inReplyToID,
  isReplyThreadFallback = excluded.isReplyThreadFallback,
  type = excluded.type,
  hsOrder = excluded.hsOrder,
  isSentByMe = excluded.isSentByMe,
  replyCount = excluded.replyCount,
  shouldNotify = excluded.shouldNotify,
  shouldPreview = excluded.shouldPreview,
  countsAsUnread = excluded.countsAsUnread,
  lastDeletionID = excluded.lastDeletionID,
  editedType = excluded.editedType,
  message = excluded.message,
  echo_echoID = excluded.echo_echoID,
  seenByMeAt = excluded.seenByMeAt,
  sendStatus = NULL RETURNING id
[debug] [2026-04-17T20:26:54.846Z] [sqlite-worker] 
INSERT INTO mx_room_messages (
  id,
  roomID,
  eventID,
  senderContactID,
  timestamp,
  isEdited,
  lastEditionID,
  isDetached,
  lastEditionTimestamp,
  lastEditionOrder,
  isDeleted,
  isEncrypted,
  inReplyToID,
  isReplyThreadFallback,
  type,
  hsOrder,
  isSentByMe,
  replyCount,
  shouldNotify,
  shouldPreview,
  countsAsUnread,
  lastDeletionID,
  editedType,
  message,
  echo_echoID,
  seenByMeAt
) VALUES (?, ?, ?, ?, ?, ?, ?, ?, ?, ?, ?, ?, ?, ?, ?, ?, ?, ?, ?, ?, ?, ?, ?, ?, ?, ?)
ON CONFLICT(roomID, eventID) DO UPDATE SET
  senderContactID = excluded.senderContactID,
  timestamp = excluded.timestamp,
  isEdited = excluded.isEdited,
  lastEditionID = excluded.lastEditionID,
  isDetached = excluded.isDetached,
  lastEditionTimestamp = excluded.lastEditionTimestamp,
  lastEditionOrder = excluded.lastEditionOrder,
  isDeleted = excluded.isDeleted,
  isEncrypted = excluded.isEncrypted,
  inReplyToID = excluded.inReplyToID,
  isReplyThreadFallback = excluded.isReplyThreadFallback,
  type = excluded.type,
  hsOrder = excluded.hsOrder,
  isSentByMe = excluded.isSentByMe,
  replyCount = excluded.replyCount,
  shouldNotify = excluded.shouldNotify,
  shouldPreview = excluded.shouldPreview,
  countsAsUnread = excluded.countsAsUnread,
  lastDeletionID = excluded.lastDeletionID,
  editedType = excluded.editedType,
  message = excluded.message,
  echo_echoID = excluded.echo_echoID,
  seenByMeAt = excluded.seenByMeAt,
  sendStatus = NULL RETURNING id
[debug] [2026-04-17T20:26:54.848Z] [sqlite-worker] 
INSERT INTO mx_room_messages (
  id,
  roomID,
  eventID,
  senderContactID,
  timestamp,
  isEdited,
  lastEditionID,
  isDetached,
  lastEditionTimestamp,
  lastEditionOrder,
  isDeleted,
  isEncrypted,
  inReplyToID,
  isReplyThreadFallback,
  type,
  hsOrder,
  isSentByMe,
  replyCount,
  shouldNotify,
  shouldPreview,
  countsAsUnread,
  lastDeletionID,
  editedType,
  message,
  echo_echoID,
  seenByMeAt
) VALUES (?, ?, ?, ?, ?, ?, ?, ?, ?, ?, ?, ?, ?, ?, ?, ?, ?, ?, ?, ?, ?, ?, ?, ?, ?, ?)
ON CONFLICT(roomID, eventID) DO UPDATE SET
  senderContactID = excluded.senderContactID,
  timestamp = excluded.timestamp,
  isEdited = excluded.isEdited,
  lastEditionID = excluded.lastEditionID,
  isDetached = excluded.isDetached,
  lastEditionTimestamp = excluded.lastEditionTimestamp,
  lastEditionOrder = excluded.lastEditionOrder,
  isDeleted = excluded.isDeleted,
  isEncrypted = excluded.isEncrypted,
  inReplyToID = excluded.inReplyToID,
  isReplyThreadFallback = excluded.isReplyThreadFallback,
  type = excluded.type,
  hsOrder = excluded.hsOrder,
  isSentByMe = excluded.isSentByMe,
  replyCount = excluded.replyCount,
  shouldNotify = excluded.shouldNotify,
  shouldPreview = excluded.shouldPreview,
  countsAsUnread = excluded.countsAsUnread,
  lastDeletionID = excluded.lastDeletionID,
  editedType = excluded.editedType,
  message = excluded.message,
  echo_echoID = excluded.echo_echoID,
  seenByMeAt = excluded.seenByMeAt,
  sendStatus = NULL RETURNING id
[debug] [2026-04-17T20:26:54.852Z] [sqlite-worker] 
INSERT INTO mx_room_messages (
  id,
  roomID,
  eventID,
  senderContactID,
  timestamp,
  isEdited,
  lastEditionID,
  isDetached,
  lastEditionTimestamp,
  lastEditionOrder,
  isDeleted,
  isEncrypted,
  inReplyToID,
  isReplyThreadFallback,
  type,
  hsOrder,
  isSentByMe,
  replyCount,
  shouldNotify,
  shouldPreview,
  countsAsUnread,
  lastDeletionID,
  editedType,
  message,
  echo_echoID,
  seenByMeAt
) VALUES (?, ?, ?, ?, ?, ?, ?, ?, ?, ?, ?, ?, ?, ?, ?, ?, ?, ?, ?, ?, ?, ?, ?, ?, ?, ?)
ON CONFLICT(roomID, eventID) DO UPDATE SET
  senderContactID = excluded.senderContactID,
  timestamp = excluded.timestamp,
  isEdited = excluded.isEdited,
  lastEditionID = excluded.lastEditionID,
  isDetached = excluded.isDetached,
  lastEditionTimestamp = excluded.lastEditionTimestamp,
  lastEditionOrder = excluded.lastEditionOrder,
  isDeleted = excluded.isDeleted,
  isEncrypted = excluded.isEncrypted,
  inReplyToID = excluded.inReplyToID,
  isReplyThreadFallback = excluded.isReplyThreadFallback,
  type = excluded.type,
  hsOrder = excluded.hsOrder,
  isSentByMe = excluded.isSentByMe,
  replyCount = excluded.replyCount,
  shouldNotify = excluded.shouldNotify,
  shouldPreview = excluded.shouldPreview,
  countsAsUnread = excluded.countsAsUnread,
  lastDeletionID = excluded.lastDeletionID,
  editedType = excluded.editedType,
  message = excluded.message,
  echo_echoID = excluded.echo_echoID,
  seenByMeAt = excluded.seenByMeAt,
  sendStatus = NULL RETURNING id
[debug] [2026-04-17T20:26:54.854Z] [sqlite-worker] 
INSERT INTO mx_room_messages (
  id,
  roomID,
  eventID,
  senderContactID,
  timestamp,
  isEdited,
  lastEditionID,
  isDetached,
  lastEditionTimestamp,
  lastEditionOrder,
  isDeleted,
  isEncrypted,
  inReplyToID,
  isReplyThreadFallback,
  type,
  hsOrder,
  isSentByMe,
  replyCount,
  shouldNotify,
  shouldPreview,
  countsAsUnread,
  lastDeletionID,
  editedType,
  message,
  echo_echoID,
  seenByMeAt
) VALUES (?, ?, ?, ?, ?, ?, ?, ?, ?, ?, ?, ?, ?, ?, ?, ?, ?, ?, ?, ?, ?, ?, ?, ?, ?, ?)
ON CONFLICT(roomID, eventID) DO UPDATE SET
  senderContactID = excluded.senderContactID,
  timestamp = excluded.timestamp,
  isEdited = excluded.isEdited,
  lastEditionID = excluded.lastEditionID,
  isDetached = excluded.isDetached,
  lastEditionTimestamp = excluded.lastEditionTimestamp,
  lastEditionOrder = excluded.lastEditionOrder,
  isDeleted = excluded.isDeleted,
  isEncrypted = excluded.isEncrypted,
  inReplyToID = excluded.inReplyToID,
  isReplyThreadFallback = excluded.isReplyThreadFallback,
  type = excluded.type,
  hsOrder = excluded.hsOrder,
  isSentByMe = excluded.isSentByMe,
  replyCount = excluded.replyCount,
  shouldNotify = excluded.shouldNotify,
  shouldPreview = excluded.shouldPreview,
  countsAsUnread = excluded.countsAsUnread,
  lastDeletionID = excluded.lastDeletionID,
  editedType = excluded.editedType,
  message = excluded.message,
  echo_echoID = excluded.echo_echoID,
  seenByMeAt = excluded.seenByMeAt,
  sendStatus = NULL RETURNING id
[debug] [2026-04-17T20:26:54.856Z] [sqlite-worker] 
INSERT INTO mx_room_messages (
  id,
  roomID,
  eventID,
  senderContactID,
  timestamp,
  isEdited,
  lastEditionID,
  isDetached,
  lastEditionTimestamp,
  lastEditionOrder,
  isDeleted,
  isEncrypted,
  inReplyToID,
  isReplyThreadFallback,
  type,
  hsOrder,
  isSentByMe,
  replyCount,
  shouldNotify,
  shouldPreview,
  countsAsUnread,
  lastDeletionID,
  editedType,
  message,
  echo_echoID,
  seenByMeAt
) VALUES (?, ?, ?, ?, ?, ?, ?, ?, ?, ?, ?, ?, ?, ?, ?, ?, ?, ?, ?, ?, ?, ?, ?, ?, ?, ?)
ON CONFLICT(roomID, eventID) DO UPDATE SET
  senderContactID = excluded.senderContactID,
  timestamp = excluded.timestamp,
  isEdited = excluded.isEdited,
  lastEditionID = excluded.lastEditionID,
  isDetached = excluded.isDetached,
  lastEditionTimestamp = excluded.lastEditionTimestamp,
  lastEditionOrder = excluded.lastEditionOrder,
  isDeleted = excluded.isDeleted,
  isEncrypted = excluded.isEncrypted,
  inReplyToID = excluded.inReplyToID,
  isReplyThreadFallback = excluded.isReplyThreadFallback,
  type = excluded.type,
  hsOrder = excluded.hsOrder,
  isSentByMe = excluded.isSentByMe,
  replyCount = excluded.replyCount,
  shouldNotify = excluded.shouldNotify,
  shouldPreview = excluded.shouldPreview,
  countsAsUnread = excluded.countsAsUnread,
  lastDeletionID = excluded.lastDeletionID,
  editedType = excluded.editedType,
  message = excluded.message,
  echo_echoID = excluded.echo_echoID,
  seenByMeAt = excluded.seenByMeAt,
  sendStatus = NULL RETURNING id
[debug] [2026-04-17T20:26:54.859Z] [sqlite-worker] 
INSERT INTO mx_room_messages (
  id,
  roomID,
  eventID,
  senderContactID,
  timestamp,
  isEdited,
  lastEditionID,
  isDetached,
  lastEditionTimestamp,
  lastEditionOrder,
  isDeleted,
  isEncrypted,
  inReplyToID,
  isReplyThreadFallback,
  type,
  hsOrder,
  isSentByMe,
  replyCount,
  shouldNotify,
  shouldPreview,
  countsAsUnread,
  lastDeletionID,
  editedType,
  message,
  echo_echoID,
  seenByMeAt
) VALUES (?, ?, ?, ?, ?, ?, ?, ?, ?, ?, ?, ?, ?, ?, ?, ?, ?, ?, ?, ?, ?, ?, ?, ?, ?, ?)
ON CONFLICT(roomID, eventID) DO UPDATE SET
  senderContactID = excluded.senderContactID,
  timestamp = excluded.timestamp,
  isEdited = excluded.isEdited,
  lastEditionID = excluded.lastEditionID,
  isDetached = excluded.isDetached,
  lastEditionTimestamp = excluded.lastEditionTimestamp,
  lastEditionOrder = excluded.lastEditionOrder,
  isDeleted = excluded.isDeleted,
  isEncrypted = excluded.isEncrypted,
  inReplyToID = excluded.inReplyToID,
  isReplyThreadFallback = excluded.isReplyThreadFallback,
  type = excluded.type,
  hsOrder = excluded.hsOrder,
  isSentByMe = excluded.isSentByMe,
  replyCount = excluded.replyCount,
  shouldNotify = excluded.shouldNotify,
  shouldPreview = excluded.shouldPreview,
  countsAsUnread = excluded.countsAsUnread,
  lastDeletionID = excluded.lastDeletionID,
  editedType = excluded.editedType,
  message = excluded.message,
  echo_echoID = excluded.echo_echoID,
  seenByMeAt = excluded.seenByMeAt,
  sendStatus = NULL RETURNING id
[debug] [2026-04-17T20:26:54.862Z] [sqlite-worker] 
INSERT INTO mx_room_messages (
  id,
  roomID,
  eventID,
  senderContactID,
  timestamp,
  isEdited,
  lastEditionID,
  isDetached,
  lastEditionTimestamp,
  lastEditionOrder,
  isDeleted,
  isEncrypted,
  inReplyToID,
  isReplyThreadFallback,
  type,
  hsOrder,
  isSentByMe,
  replyCount,
  shouldNotify,
  shouldPreview,
  countsAsUnread,
  lastDeletionID,
  editedType,
  message,
  echo_echoID,
  seenByMeAt
) VALUES (?, ?, ?, ?, ?, ?, ?, ?, ?, ?, ?, ?, ?, ?, ?, ?, ?, ?, ?, ?, ?, ?, ?, ?, ?, ?)
ON CONFLICT(roomID, eventID) DO UPDATE SET
  senderContactID = excluded.senderContactID,
  timestamp = excluded.timestamp,
  isEdited = excluded.isEdited,
  lastEditionID = excluded.lastEditionID,
  isDetached = excluded.isDetached,
  lastEditionTimestamp = excluded.lastEditionTimestamp,
  lastEditionOrder = excluded.lastEditionOrder,
  isDeleted = excluded.isDeleted,
  isEncrypted = excluded.isEncrypted,
  inReplyToID = excluded.inReplyToID,
  isReplyThreadFallback = excluded.isReplyThreadFallback,
  type = excluded.type,
  hsOrder = excluded.hsOrder,
  isSentByMe = excluded.isSentByMe,
  replyCount = excluded.replyCount,
  shouldNotify = excluded.shouldNotify,
  shouldPreview = excluded.shouldPreview,
  countsAsUnread = excluded.countsAsUnread,
  lastDeletionID = excluded.lastDeletionID,
  editedType = excluded.editedType,
  message = excluded.message,
  echo_echoID = excluded.echo_echoID,
  seenByMeAt = excluded.seenByMeAt,
  sendStatus = NULL RETURNING id
[debug] [2026-04-17T20:26:54.864Z] [sqlite-worker] 
INSERT INTO mx_room_messages (
  id,
  roomID,
  eventID,
  senderContactID,
  timestamp,
  isEdited,
  lastEditionID,
  isDetached,
  lastEditionTimestamp,
  lastEditionOrder,
  isDeleted,
  isEncrypted,
  inReplyToID,
  isReplyThreadFallback,
  type,
  hsOrder,
  isSentByMe,
  replyCount,
  shouldNotify,
  shouldPreview,
  countsAsUnread,
  lastDeletionID,
  editedType,
  message,
  echo_echoID,
  seenByMeAt
) VALUES (?, ?, ?, ?, ?, ?, ?, ?, ?, ?, ?, ?, ?, ?, ?, ?, ?, ?, ?, ?, ?, ?, ?, ?, ?, ?)
ON CONFLICT(roomID, eventID) DO UPDATE SET
  senderContactID = excluded.senderContactID,
  timestamp = excluded.timestamp,
  isEdited = excluded.isEdited,
  lastEditionID = excluded.lastEditionID,
  isDetached = excluded.isDetached,
  lastEditionTimestamp = excluded.lastEditionTimestamp,
  lastEditionOrder = excluded.lastEditionOrder,
  isDeleted = excluded.isDeleted,
  isEncrypted = excluded.isEncrypted,
  inReplyToID = excluded.inReplyToID,
  isReplyThreadFallback = excluded.isReplyThreadFallback,
  type = excluded.type,
  hsOrder = excluded.hsOrder,
  isSentByMe = excluded.isSentByMe,
  replyCount = excluded.replyCount,
  shouldNotify = excluded.shouldNotify,
  shouldPreview = excluded.shouldPreview,
  countsAsUnread = excluded.countsAsUnread,
  lastDeletionID = excluded.lastDeletionID,
  editedType = excluded.editedType,
  message = excluded.message,
  echo_echoID = excluded.echo_echoID,
  seenByMeAt = excluded.seenByMeAt,
  sendStatus = NULL RETURNING id
[debug] [2026-04-17T20:26:54.868Z] [sqlite-worker] 
INSERT INTO mx_room_messages (
  id,
  roomID,
  eventID,
  senderContactID,
  timestamp,
  isEdited,
  lastEditionID,
  isDetached,
  lastEditionTimestamp,
  lastEditionOrder,
  isDeleted,
  isEncrypted,
  inReplyToID,
  isReplyThreadFallback,
  type,
  hsOrder,
  isSentByMe,
  replyCount,
  shouldNotify,
  shouldPreview,
  countsAsUnread,
  lastDeletionID,
  editedType,
  message,
  echo_echoID,
  seenByMeAt
) VALUES (?, ?, ?, ?, ?, ?, ?, ?, ?, ?, ?, ?, ?, ?, ?, ?, ?, ?, ?, ?, ?, ?, ?, ?, ?, ?)
ON CONFLICT(roomID, eventID) DO UPDATE SET
  senderContactID = excluded.senderContactID,
  timestamp = excluded.timestamp,
  isEdited = excluded.isEdited,
  lastEditionID = excluded.lastEditionID,
  isDetached = excluded.isDetached,
  lastEditionTimestamp = excluded.lastEditionTimestamp,
  lastEditionOrder = excluded.lastEditionOrder,
  isDeleted = excluded.isDeleted,
  isEncrypted = excluded.isEncrypted,
  inReplyToID = excluded.inReplyToID,
  isReplyThreadFallback = excluded.isReplyThreadFallback,
  type = excluded.type,
  hsOrder = excluded.hsOrder,
  isSentByMe = excluded.isSentByMe,
  replyCount = excluded.replyCount,
  shouldNotify = excluded.shouldNotify,
  shouldPreview = excluded.shouldPreview,
  countsAsUnread = excluded.countsAsUnread,
  lastDeletionID = excluded.lastDeletionID,
  editedType = excluded.editedType,
  message = excluded.message,
  echo_echoID = excluded.echo_echoID,
  seenByMeAt = excluded.seenByMeAt,
  sendStatus = NULL RETURNING id
[debug] [2026-04-17T20:26:54.870Z] [sqlite-worker] 
INSERT INTO mx_room_messages (
  id,
  roomID,
  eventID,
  senderContactID,
  timestamp,
  isEdited,
  lastEditionID,
  isDetached,
  lastEditionTimestamp,
  lastEditionOrder,
  isDeleted,
  isEncrypted,
  inReplyToID,
  isReplyThreadFallback,
  type,
  hsOrder,
  isSentByMe,
  replyCount,
  shouldNotify,
  shouldPreview,
  countsAsUnread,
  lastDeletionID,
  editedType,
  message,
  echo_echoID,
  seenByMeAt
) VALUES (?, ?, ?, ?, ?, ?, ?, ?, ?, ?, ?, ?, ?, ?, ?, ?, ?, ?, ?, ?, ?, ?, ?, ?, ?, ?)
ON CONFLICT(roomID, eventID) DO UPDATE SET
  senderContactID = excluded.senderContactID,
  timestamp = excluded.timestamp,
  isEdited = excluded.isEdited,
  lastEditionID = excluded.lastEditionID,
  isDetached = excluded.isDetached,
  lastEditionTimestamp = excluded.lastEditionTimestamp,
  lastEditionOrder = excluded.lastEditionOrder,
  isDeleted = excluded.isDeleted,
  isEncrypted = excluded.isEncrypted,
  inReplyToID = excluded.inReplyToID,
  isReplyThreadFallback = excluded.isReplyThreadFallback,
  type = excluded.type,
  hsOrder = excluded.hsOrder,
  isSentByMe = excluded.isSentByMe,
  replyCount = excluded.replyCount,
  shouldNotify = excluded.shouldNotify,
  shouldPreview = excluded.shouldPreview,
  countsAsUnread = excluded.countsAsUnread,
  lastDeletionID = excluded.lastDeletionID,
  editedType = excluded.editedType,
  message = excluded.message,
  echo_echoID = excluded.echo_echoID,
  seenByMeAt = excluded.seenByMeAt,
  sendStatus = NULL RETURNING id
[debug] [2026-04-17T20:26:54.873Z] [sqlite-worker] 
INSERT INTO mx_room_messages (
  id,
  roomID,
  eventID,
  senderContactID,
  timestamp,
  isEdited,
  lastEditionID,
  isDetached,
  lastEditionTimestamp,
  lastEditionOrder,
  isDeleted,
  isEncrypted,
  inReplyToID,
  isReplyThreadFallback,
  type,
  hsOrder,
  isSentByMe,
  replyCount,
  shouldNotify,
  shouldPreview,
  countsAsUnread,
  lastDeletionID,
  editedType,
  message,
  echo_echoID,
  seenByMeAt
) VALUES (?, ?, ?, ?, ?, ?, ?, ?, ?, ?, ?, ?, ?, ?, ?, ?, ?, ?, ?, ?, ?, ?, ?, ?, ?, ?)
ON CONFLICT(roomID, eventID) DO UPDATE SET
  senderContactID = excluded.senderContactID,
  timestamp = excluded.timestamp,
  isEdited = excluded.isEdited,
  lastEditionID = excluded.lastEditionID,
  isDetached = excluded.isDetached,
  lastEditionTimestamp = excluded.lastEditionTimestamp,
  lastEditionOrder = excluded.lastEditionOrder,
  isDeleted = excluded.isDeleted,
  isEncrypted = excluded.isEncrypted,
  inReplyToID = excluded.inReplyToID,
  isReplyThreadFallback = excluded.isReplyThreadFallback,
  type = excluded.type,
  hsOrder = excluded.hsOrder,
  isSentByMe = excluded.isSentByMe,
  replyCount = excluded.replyCount,
  shouldNotify = excluded.shouldNotify,
  shouldPreview = excluded.shouldPreview,
  countsAsUnread = excluded.countsAsUnread,
  lastDeletionID = excluded.lastDeletionID,
  editedType = excluded.editedType,
  message = excluded.message,
  echo_echoID = excluded.echo_echoID,
  seenByMeAt = excluded.seenByMeAt,
  sendStatus = NULL RETURNING id
[debug] [2026-04-17T20:26:54.876Z] [sqlite-worker] 
INSERT INTO mx_room_messages (
  id,
  roomID,
  eventID,
  senderContactID,
  timestamp,
  isEdited,
  lastEditionID,
  isDetached,
  lastEditionTimestamp,
  lastEditionOrder,
  isDeleted,
  isEncrypted,
  inReplyToID,
  isReplyThreadFallback,
  type,
  hsOrder,
  isSentByMe,
  replyCount,
  shouldNotify,
  shouldPreview,
  countsAsUnread,
  lastDeletionID,
  editedType,
  message,
  echo_echoID,
  seenByMeAt
) VALUES (?, ?, ?, ?, ?, ?, ?, ?, ?, ?, ?, ?, ?, ?, ?, ?, ?, ?, ?, ?, ?, ?, ?, ?, ?, ?)
ON CONFLICT(roomID, eventID) DO UPDATE SET
  senderContactID = excluded.senderContactID,
  timestamp = excluded.timestamp,
  isEdited = excluded.isEdited,
  lastEditionID = excluded.lastEditionID,
  isDetached = excluded.isDetached,
  lastEditionTimestamp = excluded.lastEditionTimestamp,
  lastEditionOrder = excluded.lastEditionOrder,
  isDeleted = excluded.isDeleted,
  isEncrypted = excluded.isEncrypted,
  inReplyToID = excluded.inReplyToID,
  isReplyThreadFallback = excluded.isReplyThreadFallback,
  type = excluded.type,
  hsOrder = excluded.hsOrder,
  isSentByMe = excluded.isSentByMe,
  replyCount = excluded.replyCount,
  shouldNotify = excluded.shouldNotify,
  shouldPreview = excluded.shouldPreview,
  countsAsUnread = excluded.countsAsUnread,
  lastDeletionID = excluded.lastDeletionID,
  editedType = excluded.editedType,
  message = excluded.message,
  echo_echoID = excluded.echo_echoID,
  seenByMeAt = excluded.seenByMeAt,
  sendStatus = NULL RETURNING id
[debug] [2026-04-17T20:26:54.879Z] [sqlite-worker] 
INSERT INTO mx_room_messages (
  id,
  roomID,
  eventID,
  senderContactID,
  timestamp,
  isEdited,
  lastEditionID,
  isDetached,
  lastEditionTimestamp,
  lastEditionOrder,
  isDeleted,
  isEncrypted,
  inReplyToID,
  isReplyThreadFallback,
  type,
  hsOrder,
  isSentByMe,
  replyCount,
  shouldNotify,
  shouldPreview,
  countsAsUnread,
  lastDeletionID,
  editedType,
  message,
  echo_echoID,
  seenByMeAt
) VALUES (?, ?, ?, ?, ?, ?, ?, ?, ?, ?, ?, ?, ?, ?, ?, ?, ?, ?, ?, ?, ?, ?, ?, ?, ?, ?)
ON CONFLICT(roomID, eventID) DO UPDATE SET
  senderContactID = excluded.senderContactID,
  timestamp = excluded.timestamp,
  isEdited = excluded.isEdited,
  lastEditionID = excluded.lastEditionID,
  isDetached = excluded.isDetached,
  lastEditionTimestamp = excluded.lastEditionTimestamp,
  lastEditionOrder = excluded.lastEditionOrder,
  isDeleted = excluded.isDeleted,
  isEncrypted = excluded.isEncrypted,
  inReplyToID = excluded.inReplyToID,
  isReplyThreadFallback = excluded.isReplyThreadFallback,
  type = excluded.type,
  hsOrder = excluded.hsOrder,
  isSentByMe = excluded.isSentByMe,
  replyCount = excluded.replyCount,
  shouldNotify = excluded.shouldNotify,
  shouldPreview = excluded.shouldPreview,
  countsAsUnread = excluded.countsAsUnread,
  lastDeletionID = excluded.lastDeletionID,
  editedType = excluded.editedType,
  message = excluded.message,
  echo_echoID = excluded.echo_echoID,
  seenByMeAt = excluded.seenByMeAt,
  sendStatus = NULL RETURNING id
[debug] [2026-04-17T20:26:54.883Z] [sqlite-worker] 
INSERT INTO mx_room_messages (
  id,
  roomID,
  eventID,
  senderContactID,
  timestamp,
  isEdited,
  lastEditionID,
  isDetached,
  lastEditionTimestamp,
  lastEditionOrder,
  isDeleted,
  isEncrypted,
  inReplyToID,
  isReplyThreadFallback,
  type,
  hsOrder,
  isSentByMe,
  replyCount,
  shouldNotify,
  shouldPreview,
  countsAsUnread,
  lastDeletionID,
  editedType,
  message,
  echo_echoID,
  seenByMeAt
) VALUES (?, ?, ?, ?, ?, ?, ?, ?, ?, ?, ?, ?, ?, ?, ?, ?, ?, ?, ?, ?, ?, ?, ?, ?, ?, ?)
ON CONFLICT(roomID, eventID) DO UPDATE SET
  senderContactID = excluded.senderContactID,
  timestamp = excluded.timestamp,
  isEdited = excluded.isEdited,
  lastEditionID = excluded.lastEditionID,
  isDetached = excluded.isDetached,
  lastEditionTimestamp = excluded.lastEditionTimestamp,
  lastEditionOrder = excluded.lastEditionOrder,
  isDeleted = excluded.isDeleted,
  isEncrypted = excluded.isEncrypted,
  inReplyToID = excluded.inReplyToID,
  isReplyThreadFallback = excluded.isReplyThreadFallback,
  type = excluded.type,
  hsOrder = excluded.hsOrder,
  isSentByMe = excluded.isSentByMe,
  replyCount = excluded.replyCount,
  shouldNotify = excluded.shouldNotify,
  shouldPreview = excluded.shouldPreview,
  countsAsUnread = excluded.countsAsUnread,
  lastDeletionID = excluded.lastDeletionID,
  editedType = excluded.editedType,
  message = excluded.message,
  echo_echoID = excluded.echo_echoID,
  seenByMeAt = excluded.seenByMeAt,
  sendStatus = NULL RETURNING id
[debug] [2026-04-17T20:26:54.886Z] [sqlite-worker] 
INSERT INTO mx_room_messages (
  id,
  roomID,
  eventID,
  senderContactID,
  timestamp,
  isEdited,
  lastEditionID,
  isDetached,
  lastEditionTimestamp,
  lastEditionOrder,
  isDeleted,
  isEncrypted,
  inReplyToID,
  isReplyThreadFallback,
  type,
  hsOrder,
  isSentByMe,
  replyCount,
  shouldNotify,
  shouldPreview,
  countsAsUnread,
  lastDeletionID,
  editedType,
  message,
  echo_echoID,
  seenByMeAt
) VALUES (?, ?, ?, ?, ?, ?, ?, ?, ?, ?, ?, ?, ?, ?, ?, ?, ?, ?, ?, ?, ?, ?, ?, ?, ?, ?)
ON CONFLICT(roomID, eventID) DO UPDATE SET
  senderContactID = excluded.senderContactID,
  timestamp = excluded.timestamp,
  isEdited = excluded.isEdited,
  lastEditionID = excluded.lastEditionID,
  isDetached = excluded.isDetached,
  lastEditionTimestamp = excluded.lastEditionTimestamp,
  lastEditionOrder = excluded.lastEditionOrder,
  isDeleted = excluded.isDeleted,
  isEncrypted = excluded.isEncrypted,
  inReplyToID = excluded.inReplyToID,
  isReplyThreadFallback = excluded.isReplyThreadFallback,
  type = excluded.type,
  hsOrder = excluded.hsOrder,
  isSentByMe = excluded.isSentByMe,
  replyCount = excluded.replyCount,
  shouldNotify = excluded.shouldNotify,
  shouldPreview = excluded.shouldPreview,
  countsAsUnread = excluded.countsAsUnread,
  lastDeletionID = excluded.lastDeletionID,
  editedType = excluded.editedType,
  message = excluded.message,
  echo_echoID = excluded.echo_echoID,
  seenByMeAt = excluded.seenByMeAt,
  sendStatus = NULL RETURNING id
[debug] [2026-04-17T20:26:54.889Z] [sqlite-worker] 
INSERT INTO mx_room_messages (
  id,
  roomID,
  eventID,
  senderContactID,
  timestamp,
  isEdited,
  lastEditionID,
  isDetached,
  lastEditionTimestamp,
  lastEditionOrder,
  isDeleted,
  isEncrypted,
  inReplyToID,
  isReplyThreadFallback,
  type,
  hsOrder,
  isSentByMe,
  replyCount,
  shouldNotify,
  shouldPreview,
  countsAsUnread,
  lastDeletionID,
  editedType,
  message,
  echo_echoID,
  seenByMeAt
) VALUES (?, ?, ?, ?, ?, ?, ?, ?, ?, ?, ?, ?, ?, ?, ?, ?, ?, ?, ?, ?, ?, ?, ?, ?, ?, ?)
ON CONFLICT(roomID, eventID) DO UPDATE SET
  senderContactID = excluded.senderContactID,
  timestamp = excluded.timestamp,
  isEdited = excluded.isEdited,
  lastEditionID = excluded.lastEditionID,
  isDetached = excluded.isDetached,
  lastEditionTimestamp = excluded.lastEditionTimestamp,
  lastEditionOrder = excluded.lastEditionOrder,
  isDeleted = excluded.isDeleted,
  isEncrypted = excluded.isEncrypted,
  inReplyToID = excluded.inReplyToID,
  isReplyThreadFallback = excluded.isReplyThreadFallback,
  type = excluded.type,
  hsOrder = excluded.hsOrder,
  isSentByMe = excluded.isSentByMe,
  replyCount = excluded.replyCount,
  shouldNotify = excluded.shouldNotify,
  shouldPreview = excluded.shouldPreview,
  countsAsUnread = excluded.countsAsUnread,
  lastDeletionID = excluded.lastDeletionID,
  editedType = excluded.editedType,
  message = excluded.message,
  echo_echoID = excluded.echo_echoID,
  seenByMeAt = excluded.seenByMeAt,
  sendStatus = NULL RETURNING id
[debug] [2026-04-17T20:26:54.892Z] [sqlite-worker] 
INSERT INTO mx_room_messages (
  id,
  roomID,
  eventID,
  senderContactID,
  timestamp,
  isEdited,
  lastEditionID,
  isDetached,
  lastEditionTimestamp,
  lastEditionOrder,
  isDeleted,
  isEncrypted,
  inReplyToID,
  isReplyThreadFallback,
  type,
  hsOrder,
  isSentByMe,
  replyCount,
  shouldNotify,
  shouldPreview,
  countsAsUnread,
  lastDeletionID,
  editedType,
  message,
  echo_echoID,
  seenByMeAt
) VALUES (?, ?, ?, ?, ?, ?, ?, ?, ?, ?, ?, ?, ?, ?, ?, ?, ?, ?, ?, ?, ?, ?, ?, ?, ?, ?)
ON CONFLICT(roomID, eventID) DO UPDATE SET
  senderContactID = excluded.senderContactID,
  timestamp = excluded.timestamp,
  isEdited = excluded.isEdited,
  lastEditionID = excluded.lastEditionID,
  isDetached = excluded.isDetached,
  lastEditionTimestamp = excluded.lastEditionTimestamp,
  lastEditionOrder = excluded.lastEditionOrder,
  isDeleted = excluded.isDeleted,
  isEncrypted = excluded.isEncrypted,
  inReplyToID = excluded.inReplyToID,
  isReplyThreadFallback = excluded.isReplyThreadFallback,
  type = excluded.type,
  hsOrder = excluded.hsOrder,
  isSentByMe = excluded.isSentByMe,
  replyCount = excluded.replyCount,
  shouldNotify = excluded.shouldNotify,
  shouldPreview = excluded.shouldPreview,
  countsAsUnread = excluded.countsAsUnread,
  lastDeletionID = excluded.lastDeletionID,
  editedType = excluded.editedType,
  message = excluded.message,
  echo_echoID = excluded.echo_echoID,
  seenByMeAt = excluded.seenByMeAt,
  sendStatus = NULL RETURNING id
[debug] [2026-04-17T20:26:54.893Z] [sqlite-worker] 
INSERT INTO mx_room_messages (
  id,
  roomID,
  eventID,
  senderContactID,
  timestamp,
  isEdited,
  lastEditionID,
  isDetached,
  lastEditionTimestamp,
  lastEditionOrder,
  isDeleted,
  isEncrypted,
  inReplyToID,
  isReplyThreadFallback,
  type,
  hsOrder,
  isSentByMe,
  replyCount,
  shouldNotify,
  shouldPreview,
  countsAsUnread,
  lastDeletionID,
  editedType,
  message,
  echo_echoID,
  seenByMeAt
) VALUES (?, ?, ?, ?, ?, ?, ?, ?, ?, ?, ?, ?, ?, ?, ?, ?, ?, ?, ?, ?, ?, ?, ?, ?, ?, ?)
ON CONFLICT(roomID, eventID) DO UPDATE SET
  senderContactID = excluded.senderContactID,
  timestamp = excluded.timestamp,
  isEdited = excluded.isEdited,
  lastEditionID = excluded.lastEditionID,
  isDetached = excluded.isDetached,
  lastEditionTimestamp = excluded.lastEditionTimestamp,
  lastEditionOrder = excluded.lastEditionOrder,
  isDeleted = excluded.isDeleted,
  isEncrypted = excluded.isEncrypted,
  inReplyToID = excluded.inReplyToID,
  isReplyThreadFallback = excluded.isReplyThreadFallback,
  type = excluded.type,
  hsOrder = excluded.hsOrder,
  isSentByMe = excluded.isSentByMe,
  replyCount = excluded.replyCount,
  shouldNotify = excluded.shouldNotify,
  shouldPreview = excluded.shouldPreview,
  countsAsUnread = excluded.countsAsUnread,
  lastDeletionID = excluded.lastDeletionID,
  editedType = excluded.editedType,
  message = excluded.message,
  echo_echoID = excluded.echo_echoID,
  seenByMeAt = excluded.seenByMeAt,
  sendStatus = NULL RETURNING id
[debug] [2026-04-17T20:26:54.894Z] [sqlite-worker] 
INSERT INTO mx_room_messages (
  id,
  roomID,
  eventID,
  senderContactID,
  timestamp,
  isEdited,
  lastEditionID,
  isDetached,
  lastEditionTimestamp,
  lastEditionOrder,
  isDeleted,
  isEncrypted,
  inReplyToID,
  isReplyThreadFallback,
  type,
  hsOrder,
  isSentByMe,
  replyCount,
  shouldNotify,
  shouldPreview,
  countsAsUnread,
  lastDeletionID,
  editedType,
  message,
  echo_echoID,
  seenByMeAt
) VALUES (?, ?, ?, ?, ?, ?, ?, ?, ?, ?, ?, ?, ?, ?, ?, ?, ?, ?, ?, ?, ?, ?, ?, ?, ?, ?)
ON CONFLICT(roomID, eventID) DO UPDATE SET
  senderContactID = excluded.senderContactID,
  timestamp = excluded.timestamp,
  isEdited = excluded.isEdited,
  lastEditionID = excluded.lastEditionID,
  isDetached = excluded.isDetached,
  lastEditionTimestamp = excluded.lastEditionTimestamp,
  lastEditionOrder = excluded.lastEditionOrder,
  isDeleted = excluded.isDeleted,
  isEncrypted = excluded.isEncrypted,
  inReplyToID = excluded.inReplyToID,
  isReplyThreadFallback = excluded.isReplyThreadFallback,
  type = excluded.type,
  hsOrder = excluded.hsOrder,
  isSentByMe = excluded.isSentByMe,
  replyCount = excluded.replyCount,
  shouldNotify = excluded.shouldNotify,
  shouldPreview = excluded.shouldPreview,
  countsAsUnread = excluded.countsAsUnread,
  lastDeletionID = excluded.lastDeletionID,
  editedType = excluded.editedType,
  message = excluded.message,
  echo_echoID = excluded.echo_echoID,
  seenByMeAt = excluded.seenByMeAt,
  sendStatus = NULL RETURNING id
[debug] [2026-04-17T20:26:54.897Z] [sqlite-worker] 
INSERT INTO mx_room_messages (
  id,
  roomID,
  eventID,
  senderContactID,
  timestamp,
  isEdited,
  lastEditionID,
  isDetached,
  lastEditionTimestamp,
  lastEditionOrder,
  isDeleted,
  isEncrypted,
  inReplyToID,
  isReplyThreadFallback,
  type,
  hsOrder,
  isSentByMe,
  replyCount,
  shouldNotify,
  shouldPreview,
  countsAsUnread,
  lastDeletionID,
  editedType,
  message,
  echo_echoID,
  seenByMeAt
) VALUES (?, ?, ?, ?, ?, ?, ?, ?, ?, ?, ?, ?, ?, ?, ?, ?, ?, ?, ?, ?, ?, ?, ?, ?, ?, ?)
ON CONFLICT(roomID, eventID) DO UPDATE SET
  senderContactID = excluded.senderContactID,
  timestamp = excluded.timestamp,
  isEdited = excluded.isEdited,
  lastEditionID = excluded.lastEditionID,
  isDetached = excluded.isDetached,
  lastEditionTimestamp = excluded.lastEditionTimestamp,
  lastEditionOrder = excluded.lastEditionOrder,
  isDeleted = excluded.isDeleted,
  isEncrypted = excluded.isEncrypted,
  inReplyToID = excluded.inReplyToID,
  isReplyThreadFallback = excluded.isReplyThreadFallback,
  type = excluded.type,
  hsOrder = excluded.hsOrder,
  isSentByMe = excluded.isSentByMe,
  replyCount = excluded.replyCount,
  shouldNotify = excluded.shouldNotify,
  shouldPreview = excluded.shouldPreview,
  countsAsUnread = excluded.countsAsUnread,
  lastDeletionID = excluded.lastDeletionID,
  editedType = excluded.editedType,
  message = excluded.message,
  echo_echoID = excluded.echo_echoID,
  seenByMeAt = excluded.seenByMeAt,
  sendStatus = NULL RETURNING id
[debug] [2026-04-17T20:26:54.899Z] [sqlite-worker] 
INSERT INTO mx_room_messages (
  id,
  roomID,
  eventID,
  senderContactID,
  timestamp,
  isEdited,
  lastEditionID,
  isDetached,
  lastEditionTimestamp,
  lastEditionOrder,
  isDeleted,
  isEncrypted,
  inReplyToID,
  isReplyThreadFallback,
  type,
  hsOrder,
  isSentByMe,
  replyCount,
  shouldNotify,
  shouldPreview,
  countsAsUnread,
  lastDeletionID,
  editedType,
  message,
  echo_echoID,
  seenByMeAt
) VALUES (?, ?, ?, ?, ?, ?, ?, ?, ?, ?, ?, ?, ?, ?, ?, ?, ?, ?, ?, ?, ?, ?, ?, ?, ?, ?)
ON CONFLICT(roomID, eventID) DO UPDATE SET
  senderContactID = excluded.senderContactID,
  timestamp = excluded.timestamp,
  isEdited = excluded.isEdited,
  lastEditionID = excluded.lastEditionID,
  isDetached = excluded.isDetached,
  lastEditionTimestamp = excluded.lastEditionTimestamp,
  lastEditionOrder = excluded.lastEditionOrder,
  isDeleted = excluded.isDeleted,
  isEncrypted = excluded.isEncrypted,
  inReplyToID = excluded.inReplyToID,
  isReplyThreadFallback = excluded.isReplyThreadFallback,
  type = excluded.type,
  hsOrder = excluded.hsOrder,
  isSentByMe = excluded.isSentByMe,
  replyCount = excluded.replyCount,
  shouldNotify = excluded.shouldNotify,
  shouldPreview = excluded.shouldPreview,
  countsAsUnread = excluded.countsAsUnread,
  lastDeletionID = excluded.lastDeletionID,
  editedType = excluded.editedType,
  message = excluded.message,
  echo_echoID = excluded.echo_echoID,
  seenByMeAt = excluded.seenByMeAt,
  sendStatus = NULL RETURNING id
[debug] [2026-04-17T20:26:54.900Z] [sqlite-worker] 
INSERT INTO mx_room_messages (
  id,
  roomID,
  eventID,
  senderContactID,
  timestamp,
  isEdited,
  lastEditionID,
  isDetached,
  lastEditionTimestamp,
  lastEditionOrder,
  isDeleted,
  isEncrypted,
  inReplyToID,
  isReplyThreadFallback,
  type,
  hsOrder,
  isSentByMe,
  replyCount,
  shouldNotify,
  shouldPreview,
  countsAsUnread,
  lastDeletionID,
  editedType,
  message,
  echo_echoID,
  seenByMeAt
) VALUES (?, ?, ?, ?, ?, ?, ?, ?, ?, ?, ?, ?, ?, ?, ?, ?, ?, ?, ?, ?, ?, ?, ?, ?, ?, ?)
ON CONFLICT(roomID, eventID) DO UPDATE SET
  senderContactID = excluded.senderContactID,
  timestamp = excluded.timestamp,
  isEdited = excluded.isEdited,
  lastEditionID = excluded.lastEditionID,
  isDetached = excluded.isDetached,
  lastEditionTimestamp = excluded.lastEditionTimestamp,
  lastEditionOrder = excluded.lastEditionOrder,
  isDeleted = excluded.isDeleted,
  isEncrypted = excluded.isEncrypted,
  inReplyToID = excluded.inReplyToID,
  isReplyThreadFallback = excluded.isReplyThreadFallback,
  type = excluded.type,
  hsOrder = excluded.hsOrder,
  isSentByMe = excluded.isSentByMe,
  replyCount = excluded.replyCount,
  shouldNotify = excluded.shouldNotify,
  shouldPreview = excluded.shouldPreview,
  countsAsUnread = excluded.countsAsUnread,
  lastDeletionID = excluded.lastDeletionID,
  editedType = excluded.editedType,
  message = excluded.message,
  echo_echoID = excluded.echo_echoID,
  seenByMeAt = excluded.seenByMeAt,
  sendStatus = NULL RETURNING id
[debug] [2026-04-17T20:26:54.903Z] [sqlite-worker] 
INSERT INTO mx_room_messages (
  id,
  roomID,
  eventID,
  senderContactID,
  timestamp,
  isEdited,
  lastEditionID,
  isDetached,
  lastEditionTimestamp,
  lastEditionOrder,
  isDeleted,
  isEncrypted,
  inReplyToID,
  isReplyThreadFallback,
  type,
  hsOrder,
  isSentByMe,
  replyCount,
  shouldNotify,
  shouldPreview,
  countsAsUnread,
  lastDeletionID,
  editedType,
  message,
  echo_echoID,
  seenByMeAt
) VALUES (?, ?, ?, ?, ?, ?, ?, ?, ?, ?, ?, ?, ?, ?, ?, ?, ?, ?, ?, ?, ?, ?, ?, ?, ?, ?)
ON CONFLICT(roomID, eventID) DO UPDATE SET
  senderContactID = excluded.senderContactID,
  timestamp = excluded.timestamp,
  isEdited = excluded.isEdited,
  lastEditionID = excluded.lastEditionID,
  isDetached = excluded.isDetached,
  lastEditionTimestamp = excluded.lastEditionTimestamp,
  lastEditionOrder = excluded.lastEditionOrder,
  isDeleted = excluded.isDeleted,
  isEncrypted = excluded.isEncrypted,
  inReplyToID = excluded.inReplyToID,
  isReplyThreadFallback = excluded.isReplyThreadFallback,
  type = excluded.type,
  hsOrder = excluded.hsOrder,
  isSentByMe = excluded.isSentByMe,
  replyCount = excluded.replyCount,
  shouldNotify = excluded.shouldNotify,
  shouldPreview = excluded.shouldPreview,
  countsAsUnread = excluded.countsAsUnread,
  lastDeletionID = excluded.lastDeletionID,
  editedType = excluded.editedType,
  message = excluded.message,
  echo_echoID = excluded.echo_echoID,
  seenByMeAt = excluded.seenByMeAt,
  sendStatus = NULL RETURNING id
[debug] [2026-04-17T20:26:54.905Z] [sqlite-worker] 
INSERT INTO mx_room_messages (
  id,
  roomID,
  eventID,
  senderContactID,
  timestamp,
  isEdited,
  lastEditionID,
  isDetached,
  lastEditionTimestamp,
  lastEditionOrder,
  isDeleted,
  isEncrypted,
  inReplyToID,
  isReplyThreadFallback,
  type,
  hsOrder,
  isSentByMe,
  replyCount,
  shouldNotify,
  shouldPreview,
  countsAsUnread,
  lastDeletionID,
  editedType,
  message,
  echo_echoID,
  seenByMeAt
) VALUES (?, ?, ?, ?, ?, ?, ?, ?, ?, ?, ?, ?, ?, ?, ?, ?, ?, ?, ?, ?, ?, ?, ?, ?, ?, ?)
ON CONFLICT(roomID, eventID) DO UPDATE SET
  senderContactID = excluded.senderContactID,
  timestamp = excluded.timestamp,
  isEdited = excluded.isEdited,
  lastEditionID = excluded.lastEditionID,
  isDetached = excluded.isDetached,
  lastEditionTimestamp = excluded.lastEditionTimestamp,
  lastEditionOrder = excluded.lastEditionOrder,
  isDeleted = excluded.isDeleted,
  isEncrypted = excluded.isEncrypted,
  inReplyToID = excluded.inReplyToID,
  isReplyThreadFallback = excluded.isReplyThreadFallback,
  type = excluded.type,
  hsOrder = excluded.hsOrder,
  isSentByMe = excluded.isSentByMe,
  replyCount = excluded.replyCount,
  shouldNotify = excluded.shouldNotify,
  shouldPreview = excluded.shouldPreview,
  countsAsUnread = excluded.countsAsUnread,
  lastDeletionID = excluded.lastDeletionID,
  editedType = excluded.editedType,
  message = excluded.message,
  echo_echoID = excluded.echo_echoID,
  seenByMeAt = excluded.seenByMeAt,
  sendStatus = NULL RETURNING id
[debug] [2026-04-17T20:26:54.908Z] [sqlite-worker] 
INSERT INTO mx_room_messages (
  id,
  roomID,
  eventID,
  senderContactID,
  timestamp,
  isEdited,
  lastEditionID,
  isDetached,
  lastEditionTimestamp,
  lastEditionOrder,
  isDeleted,
  isEncrypted,
  inReplyToID,
  isReplyThreadFallback,
  type,
  hsOrder,
  isSentByMe,
  replyCount,
  shouldNotify,
  shouldPreview,
  countsAsUnread,
  lastDeletionID,
  editedType,
  message,
  echo_echoID,
  seenByMeAt
) VALUES (?, ?, ?, ?, ?, ?, ?, ?, ?, ?, ?, ?, ?, ?, ?, ?, ?, ?, ?, ?, ?, ?, ?, ?, ?, ?)
ON CONFLICT(roomID, eventID) DO UPDATE SET
  senderContactID = excluded.senderContactID,
  timestamp = excluded.timestamp,
  isEdited = excluded.isEdited,
  lastEditionID = excluded.lastEditionID,
  isDetached = excluded.isDetached,
  lastEditionTimestamp = excluded.lastEditionTimestamp,
  lastEditionOrder = excluded.lastEditionOrder,
  isDeleted = excluded.isDeleted,
  isEncrypted = excluded.isEncrypted,
  inReplyToID = excluded.inReplyToID,
  isReplyThreadFallback = excluded.isReplyThreadFallback,
  type = excluded.type,
  hsOrder = excluded.hsOrder,
  isSentByMe = excluded.isSentByMe,
  replyCount = excluded.replyCount,
  shouldNotify = excluded.shouldNotify,
  shouldPreview = excluded.shouldPreview,
  countsAsUnread = excluded.countsAsUnread,
  lastDeletionID = excluded.lastDeletionID,
  editedType = excluded.editedType,
  message = excluded.message,
  echo_echoID = excluded.echo_echoID,
  seenByMeAt = excluded.seenByMeAt,
  sendStatus = NULL RETURNING id
[debug] [2026-04-17T20:26:54.910Z] [sqlite-worker] 
INSERT INTO mx_room_messages (
  id,
  roomID,
  eventID,
  senderContactID,
  timestamp,
  isEdited,
  lastEditionID,
  isDetached,
  lastEditionTimestamp,
  lastEditionOrder,
  isDeleted,
  isEncrypted,
  inReplyToID,
  isReplyThreadFallback,
  type,
  hsOrder,
  isSentByMe,
  replyCount,
  shouldNotify,
  shouldPreview,
  countsAsUnread,
  lastDeletionID,
  editedType,
  message,
  echo_echoID,
  seenByMeAt
) VALUES (?, ?, ?, ?, ?, ?, ?, ?, ?, ?, ?, ?, ?, ?, ?, ?, ?, ?, ?, ?, ?, ?, ?, ?, ?, ?)
ON CONFLICT(roomID, eventID) DO UPDATE SET
  senderContactID = excluded.senderContactID,
  timestamp = excluded.timestamp,
  isEdited = excluded.isEdited,
  lastEditionID = excluded.lastEditionID,
  isDetached = excluded.isDetached,
  lastEditionTimestamp = excluded.lastEditionTimestamp,
  lastEditionOrder = excluded.lastEditionOrder,
  isDeleted = excluded.isDeleted,
  isEncrypted = excluded.isEncrypted,
  inReplyToID = excluded.inReplyToID,
  isReplyThreadFallback = excluded.isReplyThreadFallback,
  type = excluded.type,
  hsOrder = excluded.hsOrder,
  isSentByMe = excluded.isSentByMe,
  replyCount = excluded.replyCount,
  shouldNotify = excluded.shouldNotify,
  shouldPreview = excluded.shouldPreview,
  countsAsUnread = excluded.countsAsUnread,
  lastDeletionID = excluded.lastDeletionID,
  editedType = excluded.editedType,
  message = excluded.message,
  echo_echoID = excluded.echo_echoID,
  seenByMeAt = excluded.seenByMeAt,
  sendStatus = NULL RETURNING id
[debug] [2026-04-17T20:26:54.916Z] [sqlite-worker] 
INSERT INTO mx_room_messages (
  id,
  roomID,
  eventID,
  senderContactID,
  timestamp,
  isEdited,
  lastEditionID,
  isDetached,
  lastEditionTimestamp,
  lastEditionOrder,
  isDeleted,
  isEncrypted,
  inReplyToID,
  isReplyThreadFallback,
  type,
  hsOrder,
  isSentByMe,
  replyCount,
  shouldNotify,
  shouldPreview,
  countsAsUnread,
  lastDeletionID,
  editedType,
  message,
  echo_echoID,
  seenByMeAt
) VALUES (?, ?, ?, ?, ?, ?, ?, ?, ?, ?, ?, ?, ?, ?, ?, ?, ?, ?, ?, ?, ?, ?, ?, ?, ?, ?)
ON CONFLICT(roomID, eventID) DO UPDATE SET
  senderContactID = excluded.senderContactID,
  timestamp = excluded.timestamp,
  isEdited = excluded.isEdited,
  lastEditionID = excluded.lastEditionID,
  isDetached = excluded.isDetached,
  lastEditionTimestamp = excluded.lastEditionTimestamp,
  lastEditionOrder = excluded.lastEditionOrder,
  isDeleted = excluded.isDeleted,
  isEncrypted = excluded.isEncrypted,
  inReplyToID = excluded.inReplyToID,
  isReplyThreadFallback = excluded.isReplyThreadFallback,
  type = excluded.type,
  hsOrder = excluded.hsOrder,
  isSentByMe = excluded.isSentByMe,
  replyCount = excluded.replyCount,
  shouldNotify = excluded.shouldNotify,
  shouldPreview = excluded.shouldPreview,
  countsAsUnread = excluded.countsAsUnread,
  lastDeletionID = excluded.lastDeletionID,
  editedType = excluded.editedType,
  message = excluded.message,
  echo_echoID = excluded.echo_echoID,
  seenByMeAt = excluded.seenByMeAt,
  sendStatus = NULL RETURNING id
[debug] [2026-04-17T20:26:54.920Z] [sqlite-worker] 
INSERT INTO mx_room_messages (
  id,
  roomID,
  eventID,
  senderContactID,
  timestamp,
  isEdited,
  lastEditionID,
  isDetached,
  lastEditionTimestamp,
  lastEditionOrder,
  isDeleted,
  isEncrypted,
  inReplyToID,
  isReplyThreadFallback,
  type,
  hsOrder,
  isSentByMe,
  replyCount,
  shouldNotify,
  shouldPreview,
  countsAsUnread,
  lastDeletionID,
  editedType,
  message,
  echo_echoID,
  seenByMeAt
) VALUES (?, ?, ?, ?, ?, ?, ?, ?, ?, ?, ?, ?, ?, ?, ?, ?, ?, ?, ?, ?, ?, ?, ?, ?, ?, ?)
ON CONFLICT(roomID, eventID) DO UPDATE SET
  senderContactID = excluded.senderContactID,
  timestamp = excluded.timestamp,
  isEdited = excluded.isEdited,
  lastEditionID = excluded.lastEditionID,
  isDetached = excluded.isDetached,
  lastEditionTimestamp = excluded.lastEditionTimestamp,
  lastEditionOrder = excluded.lastEditionOrder,
  isDeleted = excluded.isDeleted,
  isEncrypted = excluded.isEncrypted,
  inReplyToID = excluded.inReplyToID,
  isReplyThreadFallback = excluded.isReplyThreadFallback,
  type = excluded.type,
  hsOrder = excluded.hsOrder,
  isSentByMe = excluded.isSentByMe,
  replyCount = excluded.replyCount,
  shouldNotify = excluded.shouldNotify,
  shouldPreview = excluded.shouldPreview,
  countsAsUnread = excluded.countsAsUnread,
  lastDeletionID = excluded.lastDeletionID,
  editedType = excluded.editedType,
  message = excluded.message,
  echo_echoID = excluded.echo_echoID,
  seenByMeAt = excluded.seenByMeAt,
  sendStatus = NULL RETURNING id
[debug] [2026-04-17T20:26:54.921Z] [sqlite-worker] 
INSERT INTO mx_room_messages (
  id,
  roomID,
  eventID,
  senderContactID,
  timestamp,
  isEdited,
  lastEditionID,
  isDetached,
  lastEditionTimestamp,
  lastEditionOrder,
  isDeleted,
  isEncrypted,
  inReplyToID,
  isReplyThreadFallback,
  type,
  hsOrder,
  isSentByMe,
  replyCount,
  shouldNotify,
  shouldPreview,
  countsAsUnread,
  lastDeletionID,
  editedType,
  message,
  echo_echoID,
  seenByMeAt
) VALUES (?, ?, ?, ?, ?, ?, ?, ?, ?, ?, ?, ?, ?, ?, ?, ?, ?, ?, ?, ?, ?, ?, ?, ?, ?, ?)
ON CONFLICT(roomID, eventID) DO UPDATE SET
  senderContactID = excluded.senderContactID,
  timestamp = excluded.timestamp,
  isEdited = excluded.isEdited,
  lastEditionID = excluded.lastEditionID,
  isDetached = excluded.isDetached,
  lastEditionTimestamp = excluded.lastEditionTimestamp,
  lastEditionOrder = excluded.lastEditionOrder,
  isDeleted = excluded.isDeleted,
  isEncrypted = excluded.isEncrypted,
  inReplyToID = excluded.inReplyToID,
  isReplyThreadFallback = excluded.isReplyThreadFallback,
  type = excluded.type,
  hsOrder = excluded.hsOrder,
  isSentByMe = excluded.isSentByMe,
  replyCount = excluded.replyCount,
  shouldNotify = excluded.shouldNotify,
  shouldPreview = excluded.shouldPreview,
  countsAsUnread = excluded.countsAsUnread,
  lastDeletionID = excluded.lastDeletionID,
  editedType = excluded.editedType,
  message = excluded.message,
  echo_echoID = excluded.echo_echoID,
  seenByMeAt = excluded.seenByMeAt,
  sendStatus = NULL RETURNING id
[debug] [2026-04-17T20:26:54.923Z] [sqlite-worker] 
INSERT INTO mx_room_messages (
  id,
  roomID,
  eventID,
  senderContactID,
  timestamp,
  isEdited,
  lastEditionID,
  isDetached,
  lastEditionTimestamp,
  lastEditionOrder,
  isDeleted,
  isEncrypted,
  inReplyToID,
  isReplyThreadFallback,
  type,
  hsOrder,
  isSentByMe,
  replyCount,
  shouldNotify,
  shouldPreview,
  countsAsUnread,
  lastDeletionID,
  editedType,
  message,
  echo_echoID,
  seenByMeAt
) VALUES (?, ?, ?, ?, ?, ?, ?, ?, ?, ?, ?, ?, ?, ?, ?, ?, ?, ?, ?, ?, ?, ?, ?, ?, ?, ?)
ON CONFLICT(roomID, eventID) DO UPDATE SET
  senderContactID = excluded.senderContactID,
  timestamp = excluded.timestamp,
  isEdited = excluded.isEdited,
  lastEditionID = excluded.lastEditionID,
  isDetached = excluded.isDetached,
  lastEditionTimestamp = excluded.lastEditionTimestamp,
  lastEditionOrder = excluded.lastEditionOrder,
  isDeleted = excluded.isDeleted,
  isEncrypted = excluded.isEncrypted,
  inReplyToID = excluded.inReplyToID,
  isReplyThreadFallback = excluded.isReplyThreadFallback,
  type = excluded.type,
  hsOrder = excluded.hsOrder,
  isSentByMe = excluded.isSentByMe,
  replyCount = excluded.replyCount,
  shouldNotify = excluded.shouldNotify,
  shouldPreview = excluded.shouldPreview,
  countsAsUnread = excluded.countsAsUnread,
  lastDeletionID = excluded.lastDeletionID,
  editedType = excluded.editedType,
  message = excluded.message,
  echo_echoID = excluded.echo_echoID,
  seenByMeAt = excluded.seenByMeAt,
  sendStatus = NULL RETURNING id
[debug] [2026-04-17T20:26:54.927Z] [sqlite-worker] 
INSERT INTO mx_room_messages (
  id,
  roomID,
  eventID,
  senderContactID,
  timestamp,
  isEdited,
  lastEditionID,
  isDetached,
  lastEditionTimestamp,
  lastEditionOrder,
  isDeleted,
  isEncrypted,
  inReplyToID,
  isReplyThreadFallback,
  type,
  hsOrder,
  isSentByMe,
  replyCount,
  shouldNotify,
  shouldPreview,
  countsAsUnread,
  lastDeletionID,
  editedType,
  message,
  echo_echoID,
  seenByMeAt
) VALUES (?, ?, ?, ?, ?, ?, ?, ?, ?, ?, ?, ?, ?, ?, ?, ?, ?, ?, ?, ?, ?, ?, ?, ?, ?, ?)
ON CONFLICT(roomID, eventID) DO UPDATE SET
  senderContactID = excluded.senderContactID,
  timestamp = excluded.timestamp,
  isEdited = excluded.isEdited,
  lastEditionID = excluded.lastEditionID,
  isDetached = excluded.isDetached,
  lastEditionTimestamp = excluded.lastEditionTimestamp,
  lastEditionOrder = excluded.lastEditionOrder,
  isDeleted = excluded.isDeleted,
  isEncrypted = excluded.isEncrypted,
  inReplyToID = excluded.inReplyToID,
  isReplyThreadFallback = excluded.isReplyThreadFallback,
  type = excluded.type,
  hsOrder = excluded.hsOrder,
  isSentByMe = excluded.isSentByMe,
  replyCount = excluded.replyCount,
  shouldNotify = excluded.shouldNotify,
  shouldPreview = excluded.shouldPreview,
  countsAsUnread = excluded.countsAsUnread,
  lastDeletionID = excluded.lastDeletionID,
  editedType = excluded.editedType,
  message = excluded.message,
  echo_echoID = excluded.echo_echoID,
  seenByMeAt = excluded.seenByMeAt,
  sendStatus = NULL RETURNING id
[debug] [2026-04-17T20:26:54.929Z] [sqlite-worker] 
INSERT INTO mx_room_messages (
  id,
  roomID,
  eventID,
  senderContactID,
  timestamp,
  isEdited,
  lastEditionID,
  isDetached,
  lastEditionTimestamp,
  lastEditionOrder,
  isDeleted,
  isEncrypted,
  inReplyToID,
  isReplyThreadFallback,
  type,
  hsOrder,
  isSentByMe,
  replyCount,
  shouldNotify,
  shouldPreview,
  countsAsUnread,
  lastDeletionID,
  editedType,
  message,
  echo_echoID,
  seenByMeAt
) VALUES (?, ?, ?, ?, ?, ?, ?, ?, ?, ?, ?, ?, ?, ?, ?, ?, ?, ?, ?, ?, ?, ?, ?, ?, ?, ?)
ON CONFLICT(roomID, eventID) DO UPDATE SET
  senderContactID = excluded.senderContactID,
  timestamp = excluded.timestamp,
  isEdited = excluded.isEdited,
  lastEditionID = excluded.lastEditionID,
  isDetached = excluded.isDetached,
  lastEditionTimestamp = excluded.lastEditionTimestamp,
  lastEditionOrder = excluded.lastEditionOrder,
  isDeleted = excluded.isDeleted,
  isEncrypted = excluded.isEncrypted,
  inReplyToID = excluded.inReplyToID,
  isReplyThreadFallback = excluded.isReplyThreadFallback,
  type = excluded.type,
  hsOrder = excluded.hsOrder,
  isSentByMe = excluded.isSentByMe,
  replyCount = excluded.replyCount,
  shouldNotify = excluded.shouldNotify,
  shouldPreview = excluded.shouldPreview,
  countsAsUnread = excluded.countsAsUnread,
  lastDeletionID = excluded.lastDeletionID,
  editedType = excluded.editedType,
  message = excluded.message,
  echo_echoID = excluded.echo_echoID,
  seenByMeAt = excluded.seenByMeAt,
  sendStatus = NULL RETURNING id
[debug] [2026-04-17T20:26:54.930Z] [sqlite-worker] 
INSERT INTO mx_room_messages (
  id,
  roomID,
  eventID,
  senderContactID,
  timestamp,
  isEdited,
  lastEditionID,
  isDetached,
  lastEditionTimestamp,
  lastEditionOrder,
  isDeleted,
  isEncrypted,
  inReplyToID,
  isReplyThreadFallback,
  type,
  hsOrder,
  isSentByMe,
  replyCount,
  shouldNotify,
  shouldPreview,
  countsAsUnread,
  lastDeletionID,
  editedType,
  message,
  echo_echoID,
  seenByMeAt
) VALUES (?, ?, ?, ?, ?, ?, ?, ?, ?, ?, ?, ?, ?, ?, ?, ?, ?, ?, ?, ?, ?, ?, ?, ?, ?, ?)
ON CONFLICT(roomID, eventID) DO UPDATE SET
  senderContactID = excluded.senderContactID,
  timestamp = excluded.timestamp,
  isEdited = excluded.isEdited,
  lastEditionID = excluded.lastEditionID,
  isDetached = excluded.isDetached,
  lastEditionTimestamp = excluded.lastEditionTimestamp,
  lastEditionOrder = excluded.lastEditionOrder,
  isDeleted = excluded.isDeleted,
  isEncrypted = excluded.isEncrypted,
  inReplyToID = excluded.inReplyToID,
  isReplyThreadFallback = excluded.isReplyThreadFallback,
  type = excluded.type,
  hsOrder = excluded.hsOrder,
  isSentByMe = excluded.isSentByMe,
  replyCount = excluded.replyCount,
  shouldNotify = excluded.shouldNotify,
  shouldPreview = excluded.shouldPreview,
  countsAsUnread = excluded.countsAsUnread,
  lastDeletionID = excluded.lastDeletionID,
  editedType = excluded.editedType,
  message = excluded.message,
  echo_echoID = excluded.echo_echoID,
  seenByMeAt = excluded.seenByMeAt,
  sendStatus = NULL RETURNING id
[debug] [2026-04-17T20:26:54.931Z] [sqlite-worker] 
INSERT INTO mx_room_messages (
  id,
  roomID,
  eventID,
  senderContactID,
  timestamp,
  isEdited,
  lastEditionID,
  isDetached,
  lastEditionTimestamp,
  lastEditionOrder,
  isDeleted,
  isEncrypted,
  inReplyToID,
  isReplyThreadFallback,
  type,
  hsOrder,
  isSentByMe,
  replyCount,
  shouldNotify,
  shouldPreview,
  countsAsUnread,
  lastDeletionID,
  editedType,
  message,
  echo_echoID,
  seenByMeAt
) VALUES (?, ?, ?, ?, ?, ?, ?, ?, ?, ?, ?, ?, ?, ?, ?, ?, ?, ?, ?, ?, ?, ?, ?, ?, ?, ?)
ON CONFLICT(roomID, eventID) DO UPDATE SET
  senderContactID = excluded.senderContactID,
  timestamp = excluded.timestamp,
  isEdited = excluded.isEdited,
  lastEditionID = excluded.lastEditionID,
  isDetached = excluded.isDetached,
  lastEditionTimestamp = excluded.lastEditionTimestamp,
  lastEditionOrder = excluded.lastEditionOrder,
  isDeleted = excluded.isDeleted,
  isEncrypted = excluded.isEncrypted,
  inReplyToID = excluded.inReplyToID,
  isReplyThreadFallback = excluded.isReplyThreadFallback,
  type = excluded.type,
  hsOrder = excluded.hsOrder,
  isSentByMe = excluded.isSentByMe,
  replyCount = excluded.replyCount,
  shouldNotify = excluded.shouldNotify,
  shouldPreview = excluded.shouldPreview,
  countsAsUnread = excluded.countsAsUnread,
  lastDeletionID = excluded.lastDeletionID,
  editedType = excluded.editedType,
  message = excluded.message,
  echo_echoID = excluded.echo_echoID,
  seenByMeAt = excluded.seenByMeAt,
  sendStatus = NULL RETURNING id
[debug] [2026-04-17T20:26:54.933Z] [sqlite-worker] 
INSERT INTO mx_room_messages (
  id,
  roomID,
  eventID,
  senderContactID,
  timestamp,
  isEdited,
  lastEditionID,
  isDetached,
  lastEditionTimestamp,
  lastEditionOrder,
  isDeleted,
  isEncrypted,
  inReplyToID,
  isReplyThreadFallback,
  type,
  hsOrder,
  isSentByMe,
  replyCount,
  shouldNotify,
  shouldPreview,
  countsAsUnread,
  lastDeletionID,
  editedType,
  message,
  echo_echoID,
  seenByMeAt
) VALUES (?, ?, ?, ?, ?, ?, ?, ?, ?, ?, ?, ?, ?, ?, ?, ?, ?, ?, ?, ?, ?, ?, ?, ?, ?, ?)
ON CONFLICT(roomID, eventID) DO UPDATE SET
  senderContactID = excluded.senderContactID,
  timestamp = excluded.timestamp,
  isEdited = excluded.isEdited,
  lastEditionID = excluded.lastEditionID,
  isDetached = excluded.isDetached,
  lastEditionTimestamp = excluded.lastEditionTimestamp,
  lastEditionOrder = excluded.lastEditionOrder,
  isDeleted = excluded.isDeleted,
  isEncrypted = excluded.isEncrypted,
  inReplyToID = excluded.inReplyToID,
  isReplyThreadFallback = excluded.isReplyThreadFallback,
  type = excluded.type,
  hsOrder = excluded.hsOrder,
  isSentByMe = excluded.isSentByMe,
  replyCount = excluded.replyCount,
  shouldNotify = excluded.shouldNotify,
  shouldPreview = excluded.shouldPreview,
  countsAsUnread = excluded.countsAsUnread,
  lastDeletionID = excluded.lastDeletionID,
  editedType = excluded.editedType,
  message = excluded.message,
  echo_echoID = excluded.echo_echoID,
  seenByMeAt = excluded.seenByMeAt,
  sendStatus = NULL RETURNING id
[debug] [2026-04-17T20:26:54.935Z] [sqlite-worker] 
INSERT INTO mx_room_messages (
  id,
  roomID,
  eventID,
  senderContactID,
  timestamp,
  isEdited,
  lastEditionID,
  isDetached,
  lastEditionTimestamp,
  lastEditionOrder,
  isDeleted,
  isEncrypted,
  inReplyToID,
  isReplyThreadFallback,
  type,
  hsOrder,
  isSentByMe,
  replyCount,
  shouldNotify,
  shouldPreview,
  countsAsUnread,
  lastDeletionID,
  editedType,
  message,
  echo_echoID,
  seenByMeAt
) VALUES (?, ?, ?, ?, ?, ?, ?, ?, ?, ?, ?, ?, ?, ?, ?, ?, ?, ?, ?, ?, ?, ?, ?, ?, ?, ?)
ON CONFLICT(roomID, eventID) DO UPDATE SET
  senderContactID = excluded.senderContactID,
  timestamp = excluded.timestamp,
  isEdited = excluded.isEdited,
  lastEditionID = excluded.lastEditionID,
  isDetached = excluded.isDetached,
  lastEditionTimestamp = excluded.lastEditionTimestamp,
  lastEditionOrder = excluded.lastEditionOrder,
  isDeleted = excluded.isDeleted,
  isEncrypted = excluded.isEncrypted,
  inReplyToID = excluded.inReplyToID,
  isReplyThreadFallback = excluded.isReplyThreadFallback,
  type = excluded.type,
  hsOrder = excluded.hsOrder,
  isSentByMe = excluded.isSentByMe,
  replyCount = excluded.replyCount,
  shouldNotify = excluded.shouldNotify,
  shouldPreview = excluded.shouldPreview,
  countsAsUnread = excluded.countsAsUnread,
  lastDeletionID = excluded.lastDeletionID,
  editedType = excluded.editedType,
  message = excluded.message,
  echo_echoID = excluded.echo_echoID,
  seenByMeAt = excluded.seenByMeAt,
  sendStatus = NULL RETURNING id
[debug] [2026-04-17T20:26:54.937Z] [sqlite-worker] 
INSERT INTO mx_room_messages (
  id,
  roomID,
  eventID,
  senderContactID,
  timestamp,
  isEdited,
  lastEditionID,
  isDetached,
  lastEditionTimestamp,
  lastEditionOrder,
  isDeleted,
  isEncrypted,
  inReplyToID,
  isReplyThreadFallback,
  type,
  hsOrder,
  isSentByMe,
  replyCount,
  shouldNotify,
  shouldPreview,
  countsAsUnread,
  lastDeletionID,
  editedType,
  message,
  echo_echoID,
  seenByMeAt
) VALUES (?, ?, ?, ?, ?, ?, ?, ?, ?, ?, ?, ?, ?, ?, ?, ?, ?, ?, ?, ?, ?, ?, ?, ?, ?, ?)
ON CONFLICT(roomID, eventID) DO UPDATE SET
  senderContactID = excluded.senderContactID,
  timestamp = excluded.timestamp,
  isEdited = excluded.isEdited,
  lastEditionID = excluded.lastEditionID,
  isDetached = excluded.isDetached,
  lastEditionTimestamp = excluded.lastEditionTimestamp,
  lastEditionOrder = excluded.lastEditionOrder,
  isDeleted = excluded.isDeleted,
  isEncrypted = excluded.isEncrypted,
  inReplyToID = excluded.inReplyToID,
  isReplyThreadFallback = excluded.isReplyThreadFallback,
  type = excluded.type,
  hsOrder = excluded.hsOrder,
  isSentByMe = excluded.isSentByMe,
  replyCount = excluded.replyCount,
  shouldNotify = excluded.shouldNotify,
  shouldPreview = excluded.shouldPreview,
  countsAsUnread = excluded.countsAsUnread,
  lastDeletionID = excluded.lastDeletionID,
  editedType = excluded.editedType,
  message = excluded.message,
  echo_echoID = excluded.echo_echoID,
  seenByMeAt = excluded.seenByMeAt,
  sendStatus = NULL RETURNING id
[debug] [2026-04-17T20:26:54.938Z] [sqlite-worker] 
INSERT INTO mx_room_messages (
  id,
  roomID,
  eventID,
  senderContactID,
  timestamp,
  isEdited,
  lastEditionID,
  isDetached,
  lastEditionTimestamp,
  lastEditionOrder,
  isDeleted,
  isEncrypted,
  inReplyToID,
  isReplyThreadFallback,
  type,
  hsOrder,
  isSentByMe,
  replyCount,
  shouldNotify,
  shouldPreview,
  countsAsUnread,
  lastDeletionID,
  editedType,
  message,
  echo_echoID,
  seenByMeAt
) VALUES (?, ?, ?, ?, ?, ?, ?, ?, ?, ?, ?, ?, ?, ?, ?, ?, ?, ?, ?, ?, ?, ?, ?, ?, ?, ?)
ON CONFLICT(roomID, eventID) DO UPDATE SET
  senderContactID = excluded.senderContactID,
  timestamp = excluded.timestamp,
  isEdited = excluded.isEdited,
  lastEditionID = excluded.lastEditionID,
  isDetached = excluded.isDetached,
  lastEditionTimestamp = excluded.lastEditionTimestamp,
  lastEditionOrder = excluded.lastEditionOrder,
  isDeleted = excluded.isDeleted,
  isEncrypted = excluded.isEncrypted,
  inReplyToID = excluded.inReplyToID,
  isReplyThreadFallback = excluded.isReplyThreadFallback,
  type = excluded.type,
  hsOrder = excluded.hsOrder,
  isSentByMe = excluded.isSentByMe,
  replyCount = excluded.replyCount,
  shouldNotify = excluded.shouldNotify,
  shouldPreview = excluded.shouldPreview,
  countsAsUnread = excluded.countsAsUnread,
  lastDeletionID = excluded.lastDeletionID,
  editedType = excluded.editedType,
  message = excluded.message,
  echo_echoID = excluded.echo_echoID,
  seenByMeAt = excluded.seenByMeAt,
  sendStatus = NULL RETURNING id
[debug] [2026-04-17T20:26:54.939Z] [sqlite-worker] 
INSERT INTO mx_room_messages (
  id,
  roomID,
  eventID,
  senderContactID,
  timestamp,
  isEdited,
  lastEditionID,
  isDetached,
  lastEditionTimestamp,
  lastEditionOrder,
  isDeleted,
  isEncrypted,
  inReplyToID,
  isReplyThreadFallback,
  type,
  hsOrder,
  isSentByMe,
  replyCount,
  shouldNotify,
  shouldPreview,
  countsAsUnread,
  lastDeletionID,
  editedType,
  message,
  echo_echoID,
  seenByMeAt
) VALUES (?, ?, ?, ?, ?, ?, ?, ?, ?, ?, ?, ?, ?, ?, ?, ?, ?, ?, ?, ?, ?, ?, ?, ?, ?, ?)
ON CONFLICT(roomID, eventID) DO UPDATE SET
  senderContactID = excluded.senderContactID,
  timestamp = excluded.timestamp,
  isEdited = excluded.isEdited,
  lastEditionID = excluded.lastEditionID,
  isDetached = excluded.isDetached,
  lastEditionTimestamp = excluded.lastEditionTimestamp,
  lastEditionOrder = excluded.lastEditionOrder,
  isDeleted = excluded.isDeleted,
  isEncrypted = excluded.isEncrypted,
  inReplyToID = excluded.inReplyToID,
  isReplyThreadFallback = excluded.isReplyThreadFallback,
  type = excluded.type,
  hsOrder = excluded.hsOrder,
  isSentByMe = excluded.isSentByMe,
  replyCount = excluded.replyCount,
  shouldNotify = excluded.shouldNotify,
  shouldPreview = excluded.shouldPreview,
  countsAsUnread = excluded.countsAsUnread,
  lastDeletionID = excluded.lastDeletionID,
  editedType = excluded.editedType,
  message = excluded.message,
  echo_echoID = excluded.echo_echoID,
  seenByMeAt = excluded.seenByMeAt,
  sendStatus = NULL RETURNING id
[debug] [2026-04-17T20:26:54.941Z] [sqlite-worker] 
INSERT INTO mx_room_messages (
  id,
  roomID,
  eventID,
  senderContactID,
  timestamp,
  isEdited,
  lastEditionID,
  isDetached,
  lastEditionTimestamp,
  lastEditionOrder,
  isDeleted,
  isEncrypted,
  inReplyToID,
  isReplyThreadFallback,
  type,
  hsOrder,
  isSentByMe,
  replyCount,
  shouldNotify,
  shouldPreview,
  countsAsUnread,
  lastDeletionID,
  editedType,
  message,
  echo_echoID,
  seenByMeAt
) VALUES (?, ?, ?, ?, ?, ?, ?, ?, ?, ?, ?, ?, ?, ?, ?, ?, ?, ?, ?, ?, ?, ?, ?, ?, ?, ?)
ON CONFLICT(roomID, eventID) DO UPDATE SET
  senderContactID = excluded.senderContactID,
  timestamp = excluded.timestamp,
  isEdited = excluded.isEdited,
  lastEditionID = excluded.lastEditionID,
  isDetached = excluded.isDetached,
  lastEditionTimestamp = excluded.lastEditionTimestamp,
  lastEditionOrder = excluded.lastEditionOrder,
  isDeleted = excluded.isDeleted,
  isEncrypted = excluded.isEncrypted,
  inReplyToID = excluded.inReplyToID,
  isReplyThreadFallback = excluded.isReplyThreadFallback,
  type = excluded.type,
  hsOrder = excluded.hsOrder,
  isSentByMe = excluded.isSentByMe,
  replyCount = excluded.replyCount,
  shouldNotify = excluded.shouldNotify,
  shouldPreview = excluded.shouldPreview,
  countsAsUnread = excluded.countsAsUnread,
  lastDeletionID = excluded.lastDeletionID,
  editedType = excluded.editedType,
  message = excluded.message,
  echo_echoID = excluded.echo_echoID,
  seenByMeAt = excluded.seenByMeAt,
  sendStatus = NULL RETURNING id
[debug] [2026-04-17T20:26:54.943Z] [sqlite-worker] 
INSERT INTO mx_room_messages (
  id,
  roomID,
  eventID,
  senderContactID,
  timestamp,
  isEdited,
  lastEditionID,
  isDetached,
  lastEditionTimestamp,
  lastEditionOrder,
  isDeleted,
  isEncrypted,
  inReplyToID,
  isReplyThreadFallback,
  type,
  hsOrder,
  isSentByMe,
  replyCount,
  shouldNotify,
  shouldPreview,
  countsAsUnread,
  lastDeletionID,
  editedType,
  message,
  echo_echoID,
  seenByMeAt
) VALUES (?, ?, ?, ?, ?, ?, ?, ?, ?, ?, ?, ?, ?, ?, ?, ?, ?, ?, ?, ?, ?, ?, ?, ?, ?, ?)
ON CONFLICT(roomID, eventID) DO UPDATE SET
  senderContactID = excluded.senderContactID,
  timestamp = excluded.timestamp,
  isEdited = excluded.isEdited,
  lastEditionID = excluded.lastEditionID,
  isDetached = excluded.isDetached,
  lastEditionTimestamp = excluded.lastEditionTimestamp,
  lastEditionOrder = excluded.lastEditionOrder,
  isDeleted = excluded.isDeleted,
  isEncrypted = excluded.isEncrypted,
  inReplyToID = excluded.inReplyToID,
  isReplyThreadFallback = excluded.isReplyThreadFallback,
  type = excluded.type,
  hsOrder = excluded.hsOrder,
  isSentByMe = excluded.isSentByMe,
  replyCount = excluded.replyCount,
  shouldNotify = excluded.shouldNotify,
  shouldPreview = excluded.shouldPreview,
  countsAsUnread = excluded.countsAsUnread,
  lastDeletionID = excluded.lastDeletionID,
  editedType = excluded.editedType,
  message = excluded.message,
  echo_echoID = excluded.echo_echoID,
  seenByMeAt = excluded.seenByMeAt,
  sendStatus = NULL RETURNING id
[debug] [2026-04-17T20:26:54.946Z] [sqlite-worker] 
INSERT INTO mx_room_messages (
  id,
  roomID,
  eventID,
  senderContactID,
  timestamp,
  isEdited,
  lastEditionID,
  isDetached,
  lastEditionTimestamp,
  lastEditionOrder,
  isDeleted,
  isEncrypted,
  inReplyToID,
  isReplyThreadFallback,
  type,
  hsOrder,
  isSentByMe,
  replyCount,
  shouldNotify,
  shouldPreview,
  countsAsUnread,
  lastDeletionID,
  editedType,
  message,
  echo_echoID,
  seenByMeAt
) VALUES (?, ?, ?, ?, ?, ?, ?, ?, ?, ?, ?, ?, ?, ?, ?, ?, ?, ?, ?, ?, ?, ?, ?, ?, ?, ?)
ON CONFLICT(roomID, eventID) DO UPDATE SET
  senderContactID = excluded.senderContactID,
  timestamp = excluded.timestamp,
  isEdited = excluded.isEdited,
  lastEditionID = excluded.lastEditionID,
  isDetached = excluded.isDetached,
  lastEditionTimestamp = excluded.lastEditionTimestamp,
  lastEditionOrder = excluded.lastEditionOrder,
  isDeleted = excluded.isDeleted,
  isEncrypted = excluded.isEncrypted,
  inReplyToID = excluded.inReplyToID,
  isReplyThreadFallback = excluded.isReplyThreadFallback,
  type = excluded.type,
  hsOrder = excluded.hsOrder,
  isSentByMe = excluded.isSentByMe,
  replyCount = excluded.replyCount,
  shouldNotify = excluded.shouldNotify,
  shouldPreview = excluded.shouldPreview,
  countsAsUnread = excluded.countsAsUnread,
  lastDeletionID = excluded.lastDeletionID,
  editedType = excluded.editedType,
  message = excluded.message,
  echo_echoID = excluded.echo_echoID,
  seenByMeAt = excluded.seenByMeAt,
  sendStatus = NULL RETURNING id
[debug] [2026-04-17T20:26:54.949Z] [sqlite-worker] 
INSERT INTO mx_room_messages (
  id,
  roomID,
  eventID,
  senderContactID,
  timestamp,
  isEdited,
  lastEditionID,
  isDetached,
  lastEditionTimestamp,
  lastEditionOrder,
  isDeleted,
  isEncrypted,
  inReplyToID,
  isReplyThreadFallback,
  type,
  hsOrder,
  isSentByMe,
  replyCount,
  shouldNotify,
  shouldPreview,
  countsAsUnread,
  lastDeletionID,
  editedType,
  message,
  echo_echoID,
  seenByMeAt
) VALUES (?, ?, ?, ?, ?, ?, ?, ?, ?, ?, ?, ?, ?, ?, ?, ?, ?, ?, ?, ?, ?, ?, ?, ?, ?, ?)
ON CONFLICT(roomID, eventID) DO UPDATE SET
  senderContactID = excluded.senderContactID,
  timestamp = excluded.timestamp,
  isEdited = excluded.isEdited,
  lastEditionID = excluded.lastEditionID,
  isDetached = excluded.isDetached,
  lastEditionTimestamp = excluded.lastEditionTimestamp,
  lastEditionOrder = excluded.lastEditionOrder,
  isDeleted = excluded.isDeleted,
  isEncrypted = excluded.isEncrypted,
  inReplyToID = excluded.inReplyToID,
  isReplyThreadFallback = excluded.isReplyThreadFallback,
  type = excluded.type,
  hsOrder = excluded.hsOrder,
  isSentByMe = excluded.isSentByMe,
  replyCount = excluded.replyCount,
  shouldNotify = excluded.shouldNotify,
  shouldPreview = excluded.shouldPreview,
  countsAsUnread = excluded.countsAsUnread,
  lastDeletionID = excluded.lastDeletionID,
  editedType = excluded.editedType,
  message = excluded.message,
  echo_echoID = excluded.echo_echoID,
  seenByMeAt = excluded.seenByMeAt,
  sendStatus = NULL RETURNING id
[debug] [2026-04-17T20:26:54.952Z] [sqlite-worker] 
INSERT INTO mx_room_messages (
  id,
  roomID,
  eventID,
  senderContactID,
  timestamp,
  isEdited,
  lastEditionID,
  isDetached,
  lastEditionTimestamp,
  lastEditionOrder,
  isDeleted,
  isEncrypted,
  inReplyToID,
  isReplyThreadFallback,
  type,
  hsOrder,
  isSentByMe,
  replyCount,
  shouldNotify,
  shouldPreview,
  countsAsUnread,
  lastDeletionID,
  editedType,
  message,
  echo_echoID,
  seenByMeAt
) VALUES (?, ?, ?, ?, ?, ?, ?, ?, ?, ?, ?, ?, ?, ?, ?, ?, ?, ?, ?, ?, ?, ?, ?, ?, ?, ?)
ON CONFLICT(roomID, eventID) DO UPDATE SET
  senderContactID = excluded.senderContactID,
  timestamp = excluded.timestamp,
  isEdited = excluded.isEdited,
  lastEditionID = excluded.lastEditionID,
  isDetached = excluded.isDetached,
  lastEditionTimestamp = excluded.lastEditionTimestamp,
  lastEditionOrder = excluded.lastEditionOrder,
  isDeleted = excluded.isDeleted,
  isEncrypted = excluded.isEncrypted,
  inReplyToID = excluded.inReplyToID,
  isReplyThreadFallback = excluded.isReplyThreadFallback,
  type = excluded.type,
  hsOrder = excluded.hsOrder,
  isSentByMe = excluded.isSentByMe,
  replyCount = excluded.replyCount,
  shouldNotify = excluded.shouldNotify,
  shouldPreview = excluded.shouldPreview,
  countsAsUnread = excluded.countsAsUnread,
  lastDeletionID = excluded.lastDeletionID,
  editedType = excluded.editedType,
  message = excluded.message,
  echo_echoID = excluded.echo_echoID,
  seenByMeAt = excluded.seenByMeAt,
  sendStatus = NULL RETURNING id
[debug] [2026-04-17T20:26:54.953Z] [sqlite-worker] 
INSERT INTO mx_room_messages (
  id,
  roomID,
  eventID,
  senderContactID,
  timestamp,
  isEdited,
  lastEditionID,
  isDetached,
  lastEditionTimestamp,
  lastEditionOrder,
  isDeleted,
  isEncrypted,
  inReplyToID,
  isReplyThreadFallback,
  type,
  hsOrder,
  isSentByMe,
  replyCount,
  shouldNotify,
  shouldPreview,
  countsAsUnread,
  lastDeletionID,
  editedType,
  message,
  echo_echoID,
  seenByMeAt
) VALUES (?, ?, ?, ?, ?, ?, ?, ?, ?, ?, ?, ?, ?, ?, ?, ?, ?, ?, ?, ?, ?, ?, ?, ?, ?, ?)
ON CONFLICT(roomID, eventID) DO UPDATE SET
  senderContactID = excluded.senderContactID,
  timestamp = excluded.timestamp,
  isEdited = excluded.isEdited,
  lastEditionID = excluded.lastEditionID,
  isDetached = excluded.isDetached,
  lastEditionTimestamp = excluded.lastEditionTimestamp,
  lastEditionOrder = excluded.lastEditionOrder,
  isDeleted = excluded.isDeleted,
  isEncrypted = excluded.isEncrypted,
  inReplyToID = excluded.inReplyToID,
  isReplyThreadFallback = excluded.isReplyThreadFallback,
  type = excluded.type,
  hsOrder = excluded.hsOrder,
  isSentByMe = excluded.isSentByMe,
  replyCount = excluded.replyCount,
  shouldNotify = excluded.shouldNotify,
  shouldPreview = excluded.shouldPreview,
  countsAsUnread = excluded.countsAsUnread,
  lastDeletionID = excluded.lastDeletionID,
  editedType = excluded.editedType,
  message = excluded.message,
  echo_echoID = excluded.echo_echoID,
  seenByMeAt = excluded.seenByMeAt,
  sendStatus = NULL RETURNING id
[debug] [2026-04-17T20:26:54.956Z] [sqlite-worker] 
INSERT INTO mx_room_messages (
  id,
  roomID,
  eventID,
  senderContactID,
  timestamp,
  isEdited,
  lastEditionID,
  isDetached,
  lastEditionTimestamp,
  lastEditionOrder,
  isDeleted,
  isEncrypted,
  inReplyToID,
  isReplyThreadFallback,
  type,
  hsOrder,
  isSentByMe,
  replyCount,
  shouldNotify,
  shouldPreview,
  countsAsUnread,
  lastDeletionID,
  editedType,
  message,
  echo_echoID,
  seenByMeAt
) VALUES (?, ?, ?, ?, ?, ?, ?, ?, ?, ?, ?, ?, ?, ?, ?, ?, ?, ?, ?, ?, ?, ?, ?, ?, ?, ?)
ON CONFLICT(roomID, eventID) DO UPDATE SET
  senderContactID = excluded.senderContactID,
  timestamp = excluded.timestamp,
  isEdited = excluded.isEdited,
  lastEditionID = excluded.lastEditionID,
  isDetached = excluded.isDetached,
  lastEditionTimestamp = excluded.lastEditionTimestamp,
  lastEditionOrder = excluded.lastEditionOrder,
  isDeleted = excluded.isDeleted,
  isEncrypted = excluded.isEncrypted,
  inReplyToID = excluded.inReplyToID,
  isReplyThreadFallback = excluded.isReplyThreadFallback,
  type = excluded.type,
  hsOrder = excluded.hsOrder,
  isSentByMe = excluded.isSentByMe,
  replyCount = excluded.replyCount,
  shouldNotify = excluded.shouldNotify,
  shouldPreview = excluded.shouldPreview,
  countsAsUnread = excluded.countsAsUnread,
  lastDeletionID = excluded.lastDeletionID,
  editedType = excluded.editedType,
  message = excluded.message,
  echo_echoID = excluded.echo_echoID,
  seenByMeAt = excluded.seenByMeAt,
  sendStatus = NULL RETURNING id
[debug] [2026-04-17T20:26:54.961Z] [sqlite-worker] 
INSERT INTO mx_room_messages (
  id,
  roomID,
  eventID,
  senderContactID,
  timestamp,
  isEdited,
  lastEditionID,
  isDetached,
  lastEditionTimestamp,
  lastEditionOrder,
  isDeleted,
  isEncrypted,
  inReplyToID,
  isReplyThreadFallback,
  type,
  hsOrder,
  isSentByMe,
  replyCount,
  shouldNotify,
  shouldPreview,
  countsAsUnread,
  lastDeletionID,
  editedType,
  message,
  echo_echoID,
  seenByMeAt
) VALUES (?, ?, ?, ?, ?, ?, ?, ?, ?, ?, ?, ?, ?, ?, ?, ?, ?, ?, ?, ?, ?, ?, ?, ?, ?, ?)
ON CONFLICT(roomID, eventID) DO UPDATE SET
  senderContactID = excluded.senderContactID,
  timestamp = excluded.timestamp,
  isEdited = excluded.isEdited,
  lastEditionID = excluded.lastEditionID,
  isDetached = excluded.isDetached,
  lastEditionTimestamp = excluded.lastEditionTimestamp,
  lastEditionOrder = excluded.lastEditionOrder,
  isDeleted = excluded.isDeleted,
  isEncrypted = excluded.isEncrypted,
  inReplyToID = excluded.inReplyToID,
  isReplyThreadFallback = excluded.isReplyThreadFallback,
  type = excluded.type,
  hsOrder = excluded.hsOrder,
  isSentByMe = excluded.isSentByMe,
  replyCount = excluded.replyCount,
  shouldNotify = excluded.shouldNotify,
  shouldPreview = excluded.shouldPreview,
  countsAsUnread = excluded.countsAsUnread,
  lastDeletionID = excluded.lastDeletionID,
  editedType = excluded.editedType,
  message = excluded.message,
  echo_echoID = excluded.echo_echoID,
  seenByMeAt = excluded.seenByMeAt,
  sendStatus = NULL RETURNING id
[debug] [2026-04-17T20:26:54.969Z] [sqlite-worker] 
INSERT INTO mx_room_messages (
  id,
  roomID,
  eventID,
  senderContactID,
  timestamp,
  isEdited,
  lastEditionID,
  isDetached,
  lastEditionTimestamp,
  lastEditionOrder,
  isDeleted,
  isEncrypted,
  inReplyToID,
  isReplyThreadFallback,
  type,
  hsOrder,
  isSentByMe,
  replyCount,
  shouldNotify,
  shouldPreview,
  countsAsUnread,
  lastDeletionID,
  editedType,
  message,
  echo_echoID,
  seenByMeAt
) VALUES (?, ?, ?, ?, ?, ?, ?, ?, ?, ?, ?, ?, ?, ?, ?, ?, ?, ?, ?, ?, ?, ?, ?, ?, ?, ?)
ON CONFLICT(roomID, eventID) DO UPDATE SET
  senderContactID = excluded.senderContactID,
  timestamp = excluded.timestamp,
  isEdited = excluded.isEdited,
  lastEditionID = excluded.lastEditionID,
  isDetached = excluded.isDetached,
  lastEditionTimestamp = excluded.lastEditionTimestamp,
  lastEditionOrder = excluded.lastEditionOrder,
  isDeleted = excluded.isDeleted,
  isEncrypted = excluded.isEncrypted,
  inReplyToID = excluded.inReplyToID,
  isReplyThreadFallback = excluded.isReplyThreadFallback,
  type = excluded.type,
  hsOrder = excluded.hsOrder,
  isSentByMe = excluded.isSentByMe,
  replyCount = excluded.replyCount,
  shouldNotify = excluded.shouldNotify,
  shouldPreview = excluded.shouldPreview,
  countsAsUnread = excluded.countsAsUnread,
  lastDeletionID = excluded.lastDeletionID,
  editedType = excluded.editedType,
  message = excluded.message,
  echo_echoID = excluded.echo_echoID,
  seenByMeAt = excluded.seenByMeAt,
  sendStatus = NULL RETURNING id
[debug] [2026-04-17T20:26:55.010Z] [sqlite-worker] 
    SELECT MIN(hsOrder) FROM (
      SELECT hsOrder FROM mx_room_messages WHERE
        roomID = ? AND
        type != 'HIDDEN' AND
        type != 'REACTION' AND
        hsOrder < ?
      ORDER BY hsOrder DESC
      LIMIT ?
    )
  
[debug] [2026-04-17T20:26:55.011Z] [sqlite-worker] 
SELECT 
    m.id AS mx_msg_id,
    m.roomID AS mx_msg_roomID,
    m.eventID AS mx_msg_eventID,
    m.message AS mx_msg_msg,
    m.hsOrder AS mx_msg_hsOrder,
    m.sendStatus AS mx_msg_sendStatus,
    m.seenByMeAt AS mx_msg_seenByMeAt,
    (
        SELECT json_group_object(rr.userID, rr.timestamp)
        FROM mx_read_receipts rr
        WHERE rr.roomID = m.roomID
          AND rr.lastVisibleEventID = m.eventID
        GROUP BY rr.lastVisibleEventID
    ) AS mx_msg_readReceipts,
    (
        SELECT json_group_array(json(r.reaction))
        FROM mx_reactions r
        WHERE r.roomID = m.roomID
          AND r.eventID = m.eventID
          AND r.isDeleted = 0
        ORDER BY r.timestamp DESC
    ) AS mx_msg_reactions,
    (
    SELECT json_object('id', linked.id, 'message', linked.message)
    FROM mx_room_messages linked
    WHERE m.inReplyToID IS NOT NULL
      AND (linked.eventID = m.inReplyToID OR linked.lastEditionID = m.inReplyToID)
    LIMIT 1
  ) AS mx_msg_linkedMessage,
    (
    SELECT json_extract(value, '$.user_id') FROM key_values WHERE key = 'beeperState'
  ) AS current_user_id,
    m.echo_echoID AS mx_msg_echo_echoID
  
FROM mx_room_messages m
WHERE m.roomID = ?
 AND ((m.type != 'HIDDEN' AND m.type != 'REACTION') OR (m.type = 'REACTION' AND json_extract(m.message, '$.extra.shouldPreview') = true)) 

AND m.hsOrder >= ?
ORDER BY m.hsOrder DESC
LIMIT ?

[debug] [2026-04-17T20:26:56.545Z] [sqlite-worker] 
SELECT
  t.accountID,
  t.thread,
  (
    SELECT json_group_array(
      json_object(
        'account_id', p.account_id,
        'participant_id', p.id,
        'room_id', p.room_id,
        'full_name', p.full_name,
        'nickname', p.nickname,
        'img_url', p.img_url,
        'is_verified', p.is_verified,
        'cannot_message', p.cannot_message,
        'is_self', p.is_self,
        'is_network_bot', p.is_network_bot,
        'added_by', p.added_by,
        'is_admin', p.is_admin,
        'is_pending', p.is_pending,
        'has_exited', p.has_exited,
        'identifiers', (
          SELECT json_group_array(
            json_object(
              'identifier', pi.identifier,
              'identifier_type', pi.identifier_type
            )
          )
          FROM participant_identifiers pi
          WHERE pi.account_id = p.account_id AND pi.participant_id = p.id
        )
      )
    )
    FROM participants p
    WHERE p.room_id = t.threadID AND p.account_id = t.accountID
  ) AS participants_json
FROM threads t
WHERE t.threadID = ?

[debug] [2026-04-17T20:26:56.546Z] [sqlite-worker] 
SELECT m.id
FROM mx_room_messages m
WHERE m.roomID = ? AND m.lastEditionID = ?
LIMIT 1
    
[debug] [2026-04-17T20:26:56.547Z] [sqlite-worker] 
SELECT m.id
FROM mx_room_messages m
WHERE m.roomID = ? AND m.eventID = ?
LIMIT 1
    
[debug] [2026-04-17T20:26:56.547Z] [sqlite-worker] UPDATE mx_room_messages SET sendStatus = ? WHERE roomID = ? AND id = ?
[debug] [2026-04-17T20:26:56.560Z] [sqlite-worker] 
INSERT INTO mx_room_messages (
  id,
  roomID,
  eventID,
  senderContactID,
  timestamp,
  isEdited,
  lastEditionID,
  isDetached,
  lastEditionTimestamp,
  lastEditionOrder,
  isDeleted,
  isEncrypted,
  inReplyToID,
  isReplyThreadFallback,
  type,
  hsOrder,
  isSentByMe,
  replyCount,
  shouldNotify,
  shouldPreview,
  countsAsUnread,
  lastDeletionID,
  editedType,
  message,
  echo_echoID,
  seenByMeAt
) VALUES (?, ?, ?, ?, ?, ?, ?, ?, ?, ?, ?, ?, ?, ?, ?, ?, ?, ?, ?, ?, ?, ?, ?, ?, ?, ?)
ON CONFLICT(roomID, eventID) DO UPDATE SET
  senderContactID = excluded.senderContactID,
  timestamp = excluded.timestamp,
  isEdited = excluded.isEdited,
  lastEditionID = excluded.lastEditionID,
  isDetached = excluded.isDetached,
  lastEditionTimestamp = excluded.lastEditionTimestamp,
  lastEditionOrder = excluded.lastEditionOrder,
  isDeleted = excluded.isDeleted,
  isEncrypted = excluded.isEncrypted,
  inReplyToID = excluded.inReplyToID,
  isReplyThreadFallback = excluded.isReplyThreadFallback,
  type = excluded.type,
  hsOrder = excluded.hsOrder,
  isSentByMe = excluded.isSentByMe,
  replyCount = excluded.replyCount,
  shouldNotify = excluded.shouldNotify,
  shouldPreview = excluded.shouldPreview,
  countsAsUnread = excluded.countsAsUnread,
  lastDeletionID = excluded.lastDeletionID,
  editedType = excluded.editedType,
  message = excluded.message,
  echo_echoID = excluded.echo_echoID,
  seenByMeAt = excluded.seenByMeAt,
  sendStatus = NULL RETURNING id
[debug] [2026-04-17T20:26:57.492Z] [sqlite-worker] 
SELECT 
    m.id AS mx_msg_id,
    m.roomID AS mx_msg_roomID,
    m.eventID AS mx_msg_eventID,
    m.message AS mx_msg_msg,
    m.hsOrder AS mx_msg_hsOrder,
    m.sendStatus AS mx_msg_sendStatus,
    m.seenByMeAt AS mx_msg_seenByMeAt,
    (
        SELECT json_group_object(rr.userID, rr.timestamp)
        FROM mx_read_receipts rr
        WHERE rr.roomID = m.roomID
          AND rr.lastVisibleEventID = m.eventID
        GROUP BY rr.lastVisibleEventID
    ) AS mx_msg_readReceipts,
    (
        SELECT json_group_array(json(r.reaction))
        FROM mx_reactions r
        WHERE r.roomID = m.roomID
          AND r.eventID = m.eventID
          AND r.isDeleted = 0
        ORDER BY r.timestamp DESC
    ) AS mx_msg_reactions,
    (
    SELECT json_object('id', linked.id, 'message', linked.message)
    FROM mx_room_messages linked
    WHERE m.inReplyToID IS NOT NULL
      AND (linked.eventID = m.inReplyToID OR linked.lastEditionID = m.inReplyToID)
    LIMIT 1
  ) AS mx_msg_linkedMessage,
    (
    SELECT json_extract(value, '$.user_id') FROM key_values WHERE key = 'beeperState'
  ) AS current_user_id,
    m.echo_echoID AS mx_msg_echo_echoID
  
FROM mx_room_messages m
WHERE m.id = (
  SELECT id FROM (
    SELECT id, hsOrder FROM mx_room_messages WHERE roomID = ? AND id = ?
    UNION ALL
    SELECT id, hsOrder FROM mx_room_messages WHERE roomID = ? AND eventID = ?
    UNION ALL
    SELECT id, hsOrder FROM mx_room_messages WHERE roomID = ? AND lastEditionID = ?
  )
  ORDER BY hsOrder DESC
  LIMIT 1
)
[debug] [2026-04-17T20:26:57.606Z] [sqlite-worker] 
    SELECT MIN(hsOrder) FROM (
      SELECT hsOrder FROM mx_room_messages WHERE
        roomID = ? AND
        type != 'HIDDEN' AND
        type != 'REACTION' AND
        hsOrder < ?
      ORDER BY hsOrder DESC
      LIMIT ?
    )
  
[debug] [2026-04-17T20:26:57.607Z] [sqlite-worker] 
SELECT 
    m.id AS mx_msg_id,
    m.roomID AS mx_msg_roomID,
    m.eventID AS mx_msg_eventID,
    m.message AS mx_msg_msg,
    m.hsOrder AS mx_msg_hsOrder,
    m.sendStatus AS mx_msg_sendStatus,
    m.seenByMeAt AS mx_msg_seenByMeAt,
    (
        SELECT json_group_object(rr.userID, rr.timestamp)
        FROM mx_read_receipts rr
        WHERE rr.roomID = m.roomID
          AND rr.lastVisibleEventID = m.eventID
        GROUP BY rr.lastVisibleEventID
    ) AS mx_msg_readReceipts,
    (
        SELECT json_group_array(json(r.reaction))
        FROM mx_reactions r
        WHERE r.roomID = m.roomID
          AND r.eventID = m.eventID
          AND r.isDeleted = 0
        ORDER BY r.timestamp DESC
    ) AS mx_msg_reactions,
    (
    SELECT json_object('id', linked.id, 'message', linked.message)
    FROM mx_room_messages linked
    WHERE m.inReplyToID IS NOT NULL
      AND (linked.eventID = m.inReplyToID OR linked.lastEditionID = m.inReplyToID)
    LIMIT 1
  ) AS mx_msg_linkedMessage,
    (
    SELECT json_extract(value, '$.user_id') FROM key_values WHERE key = 'beeperState'
  ) AS current_user_id,
    m.echo_echoID AS mx_msg_echo_echoID
  
FROM mx_room_messages m
WHERE m.roomID = ?
 AND ((m.type != 'HIDDEN' AND m.type != 'REACTION') OR (m.type = 'REACTION' AND json_extract(m.message, '$.extra.shouldPreview') = true)) 
 AND m.hsOrder < ? 
AND m.hsOrder >= ?
ORDER BY m.hsOrder DESC
LIMIT ?

[debug] [2026-04-17T20:26:57.821Z] [sqlite-worker] 
    SELECT MIN(hsOrder) FROM (
      SELECT hsOrder FROM mx_room_messages WHERE
        roomID = ? AND
        type != 'HIDDEN' AND
        type != 'REACTION' AND
        hsOrder < ?
      ORDER BY hsOrder DESC
      LIMIT ?
    )
  
[debug] [2026-04-17T20:26:57.822Z] [sqlite-worker] 
SELECT 
    m.id AS mx_msg_id,
    m.roomID AS mx_msg_roomID,
    m.eventID AS mx_msg_eventID,
    m.message AS mx_msg_msg,
    m.hsOrder AS mx_msg_hsOrder,
    m.sendStatus AS mx_msg_sendStatus,
    m.seenByMeAt AS mx_msg_seenByMeAt,
    (
        SELECT json_group_object(rr.userID, rr.timestamp)
        FROM mx_read_receipts rr
        WHERE rr.roomID = m.roomID
          AND rr.lastVisibleEventID = m.eventID
        GROUP BY rr.lastVisibleEventID
    ) AS mx_msg_readReceipts,
    (
        SELECT json_group_array(json(r.reaction))
        FROM mx_reactions r
        WHERE r.roomID = m.roomID
          AND r.eventID = m.eventID
          AND r.isDeleted = 0
        ORDER BY r.timestamp DESC
    ) AS mx_msg_reactions,
    (
    SELECT json_object('id', linked.id, 'message', linked.message)
    FROM mx_room_messages linked
    WHERE m.inReplyToID IS NOT NULL
      AND (linked.eventID = m.inReplyToID OR linked.lastEditionID = m.inReplyToID)
    LIMIT 1
  ) AS mx_msg_linkedMessage,
    (
    SELECT json_extract(value, '$.user_id') FROM key_values WHERE key = 'beeperState'
  ) AS current_user_id,
    m.echo_echoID AS mx_msg_echo_echoID
  
FROM mx_room_messages m
WHERE m.roomID = ?
 AND ((m.type != 'HIDDEN' AND m.type != 'REACTION') OR (m.type = 'REACTION' AND json_extract(m.message, '$.extra.shouldPreview') = true)) 
 AND m.hsOrder < ? 
AND m.hsOrder >= ?
ORDER BY m.hsOrder DESC
LIMIT ?

[debug] [2026-04-17T20:26:58.157Z] [sqlite-worker] 
    SELECT MIN(hsOrder) FROM (
      SELECT hsOrder FROM mx_room_messages WHERE
        roomID = ? AND
        type != 'HIDDEN' AND
        type != 'REACTION' AND
        hsOrder < ?
      ORDER BY hsOrder DESC
      LIMIT ?
    )
  
[debug] [2026-04-17T20:26:58.158Z] [sqlite-worker] 
SELECT 
    m.id AS mx_msg_id,
    m.roomID AS mx_msg_roomID,
    m.eventID AS mx_msg_eventID,
    m.message AS mx_msg_msg,
    m.hsOrder AS mx_msg_hsOrder,
    m.sendStatus AS mx_msg_sendStatus,
    m.seenByMeAt AS mx_msg_seenByMeAt,
    (
        SELECT json_group_object(rr.userID, rr.timestamp)
        FROM mx_read_receipts rr
        WHERE rr.roomID = m.roomID
          AND rr.lastVisibleEventID = m.eventID
        GROUP BY rr.lastVisibleEventID
    ) AS mx_msg_readReceipts,
    (
        SELECT json_group_array(json(r.reaction))
        FROM mx_reactions r
        WHERE r.roomID = m.roomID
          AND r.eventID = m.eventID
          AND r.isDeleted = 0
        ORDER BY r.timestamp DESC
    ) AS mx_msg_reactions,
    (
    SELECT json_object('id', linked.id, 'message', linked.message)
    FROM mx_room_messages linked
    WHERE m.inReplyToID IS NOT NULL
      AND (linked.eventID = m.inReplyToID OR linked.lastEditionID = m.inReplyToID)
    LIMIT 1
  ) AS mx_msg_linkedMessage,
    (
    SELECT json_extract(value, '$.user_id') FROM key_values WHERE key = 'beeperState'
  ) AS current_user_id,
    m.echo_echoID AS mx_msg_echo_echoID
  
FROM mx_room_messages m
WHERE m.roomID = ?
 AND ((m.type != 'HIDDEN' AND m.type != 'REACTION') OR (m.type = 'REACTION' AND json_extract(m.message, '$.extra.shouldPreview') = true)) 
 AND m.hsOrder < ? 
AND m.hsOrder >= ?
ORDER BY m.hsOrder DESC
LIMIT ?

[debug] [2026-04-17T20:26:58.562Z] [sqlite-worker] 
    SELECT MIN(hsOrder) FROM (
      SELECT hsOrder FROM mx_room_messages WHERE
        roomID = ? AND
        type != 'HIDDEN' AND
        type != 'REACTION' AND
        hsOrder < ?
      ORDER BY hsOrder DESC
      LIMIT ?
    )
  
[debug] [2026-04-17T20:26:58.563Z] [sqlite-worker] 
SELECT 
    m.id AS mx_msg_id,
    m.roomID AS mx_msg_roomID,
    m.eventID AS mx_msg_eventID,
    m.message AS mx_msg_msg,
    m.hsOrder AS mx_msg_hsOrder,
    m.sendStatus AS mx_msg_sendStatus,
    m.seenByMeAt AS mx_msg_seenByMeAt,
    (
        SELECT json_group_object(rr.userID, rr.timestamp)
        FROM mx_read_receipts rr
        WHERE rr.roomID = m.roomID
          AND rr.lastVisibleEventID = m.eventID
        GROUP BY rr.lastVisibleEventID
    ) AS mx_msg_readReceipts,
    (
        SELECT json_group_array(json(r.reaction))
        FROM mx_reactions r
        WHERE r.roomID = m.roomID
          AND r.eventID = m.eventID
          AND r.isDeleted = 0
        ORDER BY r.timestamp DESC
    ) AS mx_msg_reactions,
    (
    SELECT json_object('id', linked.id, 'message', linked.message)
    FROM mx_room_messages linked
    WHERE m.inReplyToID IS NOT NULL
      AND (linked.eventID = m.inReplyToID OR linked.lastEditionID = m.inReplyToID)
    LIMIT 1
  ) AS mx_msg_linkedMessage,
    (
    SELECT json_extract(value, '$.user_id') FROM key_values WHERE key = 'beeperState'
  ) AS current_user_id,
    m.echo_echoID AS mx_msg_echo_echoID
  
FROM mx_room_messages m
WHERE m.roomID = ?
 AND ((m.type != 'HIDDEN' AND m.type != 'REACTION') OR (m.type = 'REACTION' AND json_extract(m.message, '$.extra.shouldPreview') = true)) 
 AND m.hsOrder < ? 
AND m.hsOrder >= ?
ORDER BY m.hsOrder DESC
LIMIT ?

[debug] [2026-04-17T20:26:58.880Z] [sqlite-worker] 
SELECT
  t.accountID,
  t.thread,
  (
    SELECT json_group_array(
      json_object(
        'account_id', p.account_id,
        'participant_id', p.id,
        'room_id', p.room_id,
        'full_name', p.full_name,
        'nickname', p.nickname,
        'img_url', p.img_url,
        'is_verified', p.is_verified,
        'cannot_message', p.cannot_message,
        'is_self', p.is_self,
        'is_network_bot', p.is_network_bot,
        'added_by', p.added_by,
        'is_admin', p.is_admin,
        'is_pending', p.is_pending,
        'has_exited', p.has_exited,
        'identifiers', (
          SELECT json_group_array(
            json_object(
              'identifier', pi.identifier,
              'identifier_type', pi.identifier_type
            )
          )
          FROM participant_identifiers pi
          WHERE pi.account_id = p.account_id AND pi.participant_id = p.id
        )
      )
    )
    FROM participants p
    WHERE p.room_id = t.threadID AND p.account_id = t.accountID
  ) AS participants_json
FROM threads t
WHERE t.threadID = ?

[debug] [2026-04-17T20:26:58.883Z] [sqlite-worker] 
INSERT INTO mx_room_messages (
  id,
  roomID,
  eventID,
  senderContactID,
  timestamp,
  isEdited,
  lastEditionID,
  isDetached,
  lastEditionTimestamp,
  lastEditionOrder,
  isDeleted,
  isEncrypted,
  inReplyToID,
  isReplyThreadFallback,
  type,
  hsOrder,
  isSentByMe,
  replyCount,
  shouldNotify,
  shouldPreview,
  countsAsUnread,
  lastDeletionID,
  editedType,
  message,
  echo_echoID,
  seenByMeAt
) VALUES (?, ?, ?, ?, ?, ?, ?, ?, ?, ?, ?, ?, ?, ?, ?, ?, ?, ?, ?, ?, ?, ?, ?, ?, ?, ?)
ON CONFLICT(roomID, eventID) DO UPDATE SET
  senderContactID = excluded.senderContactID,
  timestamp = excluded.timestamp,
  isEdited = excluded.isEdited,
  lastEditionID = excluded.lastEditionID,
  isDetached = excluded.isDetached,
  lastEditionTimestamp = excluded.lastEditionTimestamp,
  lastEditionOrder = excluded.lastEditionOrder,
  isDeleted = excluded.isDeleted,
  isEncrypted = excluded.isEncrypted,
  inReplyToID = excluded.inReplyToID,
  isReplyThreadFallback = excluded.isReplyThreadFallback,
  type = excluded.type,
  hsOrder = excluded.hsOrder,
  isSentByMe = excluded.isSentByMe,
  replyCount = excluded.replyCount,
  shouldNotify = excluded.shouldNotify,
  shouldPreview = excluded.shouldPreview,
  countsAsUnread = excluded.countsAsUnread,
  lastDeletionID = excluded.lastDeletionID,
  editedType = excluded.editedType,
  message = excluded.message,
  echo_echoID = excluded.echo_echoID,
  seenByMeAt = excluded.seenByMeAt,
  sendStatus = NULL RETURNING id
[debug] [2026-04-17T20:26:58.886Z] [sqlite-worker] 
INSERT INTO mx_room_messages (
  id,
  roomID,
  eventID,
  senderContactID,
  timestamp,
  isEdited,
  lastEditionID,
  isDetached,
  lastEditionTimestamp,
  lastEditionOrder,
  isDeleted,
  isEncrypted,
  inReplyToID,
  isReplyThreadFallback,
  type,
  hsOrder,
  isSentByMe,
  replyCount,
  shouldNotify,
  shouldPreview,
  countsAsUnread,
  lastDeletionID,
  editedType,
  message,
  echo_echoID,
  seenByMeAt
) VALUES (?, ?, ?, ?, ?, ?, ?, ?, ?, ?, ?, ?, ?, ?, ?, ?, ?, ?, ?, ?, ?, ?, ?, ?, ?, ?)
ON CONFLICT(roomID, eventID) DO UPDATE SET
  senderContactID = excluded.senderContactID,
  timestamp = excluded.timestamp,
  isEdited = excluded.isEdited,
  lastEditionID = excluded.lastEditionID,
  isDetached = excluded.isDetached,
  lastEditionTimestamp = excluded.lastEditionTimestamp,
  lastEditionOrder = excluded.lastEditionOrder,
  isDeleted = excluded.isDeleted,
  isEncrypted = excluded.isEncrypted,
  inReplyToID = excluded.inReplyToID,
  isReplyThreadFallback = excluded.isReplyThreadFallback,
  type = excluded.type,
  hsOrder = excluded.hsOrder,
  isSentByMe = excluded.isSentByMe,
  replyCount = excluded.replyCount,
  shouldNotify = excluded.shouldNotify,
  shouldPreview = excluded.shouldPreview,
  countsAsUnread = excluded.countsAsUnread,
  lastDeletionID = excluded.lastDeletionID,
  editedType = excluded.editedType,
  message = excluded.message,
  echo_echoID = excluded.echo_echoID,
  seenByMeAt = excluded.seenByMeAt,
  sendStatus = NULL RETURNING id
[debug] [2026-04-17T20:26:58.887Z] [sqlite-worker] 
INSERT INTO mx_room_messages (
  id,
  roomID,
  eventID,
  senderContactID,
  timestamp,
  isEdited,
  lastEditionID,
  isDetached,
  lastEditionTimestamp,
  lastEditionOrder,
  isDeleted,
  isEncrypted,
  inReplyToID,
  isReplyThreadFallback,
  type,
  hsOrder,
  isSentByMe,
  replyCount,
  shouldNotify,
  shouldPreview,
  countsAsUnread,
  lastDeletionID,
  editedType,
  message,
  echo_echoID,
  seenByMeAt
) VALUES (?, ?, ?, ?, ?, ?, ?, ?, ?, ?, ?, ?, ?, ?, ?, ?, ?, ?, ?, ?, ?, ?, ?, ?, ?, ?)
ON CONFLICT(roomID, eventID) DO UPDATE SET
  senderContactID = excluded.senderContactID,
  timestamp = excluded.timestamp,
  isEdited = excluded.isEdited,
  lastEditionID = excluded.lastEditionID,
  isDetached = excluded.isDetached,
  lastEditionTimestamp = excluded.lastEditionTimestamp,
  lastEditionOrder = excluded.lastEditionOrder,
  isDeleted = excluded.isDeleted,
  isEncrypted = excluded.isEncrypted,
  inReplyToID = excluded.inReplyToID,
  isReplyThreadFallback = excluded.isReplyThreadFallback,
  type = excluded.type,
  hsOrder = excluded.hsOrder,
  isSentByMe = excluded.isSentByMe,
  replyCount = excluded.replyCount,
  shouldNotify = excluded.shouldNotify,
  shouldPreview = excluded.shouldPreview,
  countsAsUnread = excluded.countsAsUnread,
  lastDeletionID = excluded.lastDeletionID,
  editedType = excluded.editedType,
  message = excluded.message,
  echo_echoID = excluded.echo_echoID,
  seenByMeAt = excluded.seenByMeAt,
  sendStatus = NULL RETURNING id
[debug] [2026-04-17T20:26:58.889Z] [sqlite-worker] 
INSERT INTO mx_room_messages (
  id,
  roomID,
  eventID,
  senderContactID,
  timestamp,
  isEdited,
  lastEditionID,
  isDetached,
  lastEditionTimestamp,
  lastEditionOrder,
  isDeleted,
  isEncrypted,
  inReplyToID,
  isReplyThreadFallback,
  type,
  hsOrder,
  isSentByMe,
  replyCount,
  shouldNotify,
  shouldPreview,
  countsAsUnread,
  lastDeletionID,
  editedType,
  message,
  echo_echoID,
  seenByMeAt
) VALUES (?, ?, ?, ?, ?, ?, ?, ?, ?, ?, ?, ?, ?, ?, ?, ?, ?, ?, ?, ?, ?, ?, ?, ?, ?, ?)
ON CONFLICT(roomID, eventID) DO UPDATE SET
  senderContactID = excluded.senderContactID,
  timestamp = excluded.timestamp,
  isEdited = excluded.isEdited,
  lastEditionID = excluded.lastEditionID,
  isDetached = excluded.isDetached,
  lastEditionTimestamp = excluded.lastEditionTimestamp,
  lastEditionOrder = excluded.lastEditionOrder,
  isDeleted = excluded.isDeleted,
  isEncrypted = excluded.isEncrypted,
  inReplyToID = excluded.inReplyToID,
  isReplyThreadFallback = excluded.isReplyThreadFallback,
  type = excluded.type,
  hsOrder = excluded.hsOrder,
  isSentByMe = excluded.isSentByMe,
  replyCount = excluded.replyCount,
  shouldNotify = excluded.shouldNotify,
  shouldPreview = excluded.shouldPreview,
  countsAsUnread = excluded.countsAsUnread,
  lastDeletionID = excluded.lastDeletionID,
  editedType = excluded.editedType,
  message = excluded.message,
  echo_echoID = excluded.echo_echoID,
  seenByMeAt = excluded.seenByMeAt,
  sendStatus = NULL RETURNING id
[debug] [2026-04-17T20:26:58.891Z] [sqlite-worker] 
INSERT INTO mx_room_messages (
  id,
  roomID,
  eventID,
  senderContactID,
  timestamp,
  isEdited,
  lastEditionID,
  isDetached,
  lastEditionTimestamp,
  lastEditionOrder,
  isDeleted,
  isEncrypted,
  inReplyToID,
  isReplyThreadFallback,
  type,
  hsOrder,
  isSentByMe,
  replyCount,
  shouldNotify,
  shouldPreview,
  countsAsUnread,
  lastDeletionID,
  editedType,
  message,
  echo_echoID,
  seenByMeAt
) VALUES (?, ?, ?, ?, ?, ?, ?, ?, ?, ?, ?, ?, ?, ?, ?, ?, ?, ?, ?, ?, ?, ?, ?, ?, ?, ?)
ON CONFLICT(roomID, eventID) DO UPDATE SET
  senderContactID = excluded.senderContactID,
  timestamp = excluded.timestamp,
  isEdited = excluded.isEdited,
  lastEditionID = excluded.lastEditionID,
  isDetached = excluded.isDetached,
  lastEditionTimestamp = excluded.lastEditionTimestamp,
  lastEditionOrder = excluded.lastEditionOrder,
  isDeleted = excluded.isDeleted,
  isEncrypted = excluded.isEncrypted,
  inReplyToID = excluded.inReplyToID,
  isReplyThreadFallback = excluded.isReplyThreadFallback,
  type = excluded.type,
  hsOrder = excluded.hsOrder,
  isSentByMe = excluded.isSentByMe,
  replyCount = excluded.replyCount,
  shouldNotify = excluded.shouldNotify,
  shouldPreview = excluded.shouldPreview,
  countsAsUnread = excluded.countsAsUnread,
  lastDeletionID = excluded.lastDeletionID,
  editedType = excluded.editedType,
  message = excluded.message,
  echo_echoID = excluded.echo_echoID,
  seenByMeAt = excluded.seenByMeAt,
  sendStatus = NULL RETURNING id
[debug] [2026-04-17T20:26:58.895Z] [sqlite-worker] 
INSERT INTO mx_room_messages (
  id,
  roomID,
  eventID,
  senderContactID,
  timestamp,
  isEdited,
  lastEditionID,
  isDetached,
  lastEditionTimestamp,
  lastEditionOrder,
  isDeleted,
  isEncrypted,
  inReplyToID,
  isReplyThreadFallback,
  type,
  hsOrder,
  isSentByMe,
  replyCount,
  shouldNotify,
  shouldPreview,
  countsAsUnread,
  lastDeletionID,
  editedType,
  message,
  echo_echoID,
  seenByMeAt
) VALUES (?, ?, ?, ?, ?, ?, ?, ?, ?, ?, ?, ?, ?, ?, ?, ?, ?, ?, ?, ?, ?, ?, ?, ?, ?, ?)
ON CONFLICT(roomID, eventID) DO UPDATE SET
  senderContactID = excluded.senderContactID,
  timestamp = excluded.timestamp,
  isEdited = excluded.isEdited,
  lastEditionID = excluded.lastEditionID,
  isDetached = excluded.isDetached,
  lastEditionTimestamp = excluded.lastEditionTimestamp,
  lastEditionOrder = excluded.lastEditionOrder,
  isDeleted = excluded.isDeleted,
  isEncrypted = excluded.isEncrypted,
  inReplyToID = excluded.inReplyToID,
  isReplyThreadFallback = excluded.isReplyThreadFallback,
  type = excluded.type,
  hsOrder = excluded.hsOrder,
  isSentByMe = excluded.isSentByMe,
  replyCount = excluded.replyCount,
  shouldNotify = excluded.shouldNotify,
  shouldPreview = excluded.shouldPreview,
  countsAsUnread = excluded.countsAsUnread,
  lastDeletionID = excluded.lastDeletionID,
  editedType = excluded.editedType,
  message = excluded.message,
  echo_echoID = excluded.echo_echoID,
  seenByMeAt = excluded.seenByMeAt,
  sendStatus = NULL RETURNING id
[debug] [2026-04-17T20:26:58.897Z] [sqlite-worker] 
INSERT INTO mx_room_messages (
  id,
  roomID,
  eventID,
  senderContactID,
  timestamp,
  isEdited,
  lastEditionID,
  isDetached,
  lastEditionTimestamp,
  lastEditionOrder,
  isDeleted,
  isEncrypted,
  inReplyToID,
  isReplyThreadFallback,
  type,
  hsOrder,
  isSentByMe,
  replyCount,
  shouldNotify,
  shouldPreview,
  countsAsUnread,
  lastDeletionID,
  editedType,
  message,
  echo_echoID,
  seenByMeAt
) VALUES (?, ?, ?, ?, ?, ?, ?, ?, ?, ?, ?, ?, ?, ?, ?, ?, ?, ?, ?, ?, ?, ?, ?, ?, ?, ?)
ON CONFLICT(roomID, eventID) DO UPDATE SET
  senderContactID = excluded.senderContactID,
  timestamp = excluded.timestamp,
  isEdited = excluded.isEdited,
  lastEditionID = excluded.lastEditionID,
  isDetached = excluded.isDetached,
  lastEditionTimestamp = excluded.lastEditionTimestamp,
  lastEditionOrder = excluded.lastEditionOrder,
  isDeleted = excluded.isDeleted,
  isEncrypted = excluded.isEncrypted,
  inReplyToID = excluded.inReplyToID,
  isReplyThreadFallback = excluded.isReplyThreadFallback,
  type = excluded.type,
  hsOrder = excluded.hsOrder,
  isSentByMe = excluded.isSentByMe,
  replyCount = excluded.replyCount,
  shouldNotify = excluded.shouldNotify,
  shouldPreview = excluded.shouldPreview,
  countsAsUnread = excluded.countsAsUnread,
  lastDeletionID = excluded.lastDeletionID,
  editedType = excluded.editedType,
  message = excluded.message,
  echo_echoID = excluded.echo_echoID,
  seenByMeAt = excluded.seenByMeAt,
  sendStatus = NULL RETURNING id
[debug] [2026-04-17T20:26:58.901Z] [sqlite-worker] 
INSERT INTO mx_room_messages (
  id,
  roomID,
  eventID,
  senderContactID,
  timestamp,
  isEdited,
  lastEditionID,
  isDetached,
  lastEditionTimestamp,
  lastEditionOrder,
  isDeleted,
  isEncrypted,
  inReplyToID,
  isReplyThreadFallback,
  type,
  hsOrder,
  isSentByMe,
  replyCount,
  shouldNotify,
  shouldPreview,
  countsAsUnread,
  lastDeletionID,
  editedType,
  message,
  echo_echoID,
  seenByMeAt
) VALUES (?, ?, ?, ?, ?, ?, ?, ?, ?, ?, ?, ?, ?, ?, ?, ?, ?, ?, ?, ?, ?, ?, ?, ?, ?, ?)
ON CONFLICT(roomID, eventID) DO UPDATE SET
  senderContactID = excluded.senderContactID,
  timestamp = excluded.timestamp,
  isEdited = excluded.isEdited,
  lastEditionID = excluded.lastEditionID,
  isDetached = excluded.isDetached,
  lastEditionTimestamp = excluded.lastEditionTimestamp,
  lastEditionOrder = excluded.lastEditionOrder,
  isDeleted = excluded.isDeleted,
  isEncrypted = excluded.isEncrypted,
  inReplyToID = excluded.inReplyToID,
  isReplyThreadFallback = excluded.isReplyThreadFallback,
  type = excluded.type,
  hsOrder = excluded.hsOrder,
  isSentByMe = excluded.isSentByMe,
  replyCount = excluded.replyCount,
  shouldNotify = excluded.shouldNotify,
  shouldPreview = excluded.shouldPreview,
  countsAsUnread = excluded.countsAsUnread,
  lastDeletionID = excluded.lastDeletionID,
  editedType = excluded.editedType,
  message = excluded.message,
  echo_echoID = excluded.echo_echoID,
  seenByMeAt = excluded.seenByMeAt,
  sendStatus = NULL RETURNING id
[debug] [2026-04-17T20:26:58.905Z] [sqlite-worker] 
INSERT INTO mx_room_messages (
  id,
  roomID,
  eventID,
  senderContactID,
  timestamp,
  isEdited,
  lastEditionID,
  isDetached,
  lastEditionTimestamp,
  lastEditionOrder,
  isDeleted,
  isEncrypted,
  inReplyToID,
  isReplyThreadFallback,
  type,
  hsOrder,
  isSentByMe,
  replyCount,
  shouldNotify,
  shouldPreview,
  countsAsUnread,
  lastDeletionID,
  editedType,
  message,
  echo_echoID,
  seenByMeAt
) VALUES (?, ?, ?, ?, ?, ?, ?, ?, ?, ?, ?, ?, ?, ?, ?, ?, ?, ?, ?, ?, ?, ?, ?, ?, ?, ?)
ON CONFLICT(roomID, eventID) DO UPDATE SET
  senderContactID = excluded.senderContactID,
  timestamp = excluded.timestamp,
  isEdited = excluded.isEdited,
  lastEditionID = excluded.lastEditionID,
  isDetached = excluded.isDetached,
  lastEditionTimestamp = excluded.lastEditionTimestamp,
  lastEditionOrder = excluded.lastEditionOrder,
  isDeleted = excluded.isDeleted,
  isEncrypted = excluded.isEncrypted,
  inReplyToID = excluded.inReplyToID,
  isReplyThreadFallback = excluded.isReplyThreadFallback,
  type = excluded.type,
  hsOrder = excluded.hsOrder,
  isSentByMe = excluded.isSentByMe,
  replyCount = excluded.replyCount,
  shouldNotify = excluded.shouldNotify,
  shouldPreview = excluded.shouldPreview,
  countsAsUnread = excluded.countsAsUnread,
  lastDeletionID = excluded.lastDeletionID,
  editedType = excluded.editedType,
  message = excluded.message,
  echo_echoID = excluded.echo_echoID,
  seenByMeAt = excluded.seenByMeAt,
  sendStatus = NULL RETURNING id
[debug] [2026-04-17T20:26:58.908Z] [sqlite-worker] 
INSERT INTO mx_room_messages (
  id,
  roomID,
  eventID,
  senderContactID,
  timestamp,
  isEdited,
  lastEditionID,
  isDetached,
  lastEditionTimestamp,
  lastEditionOrder,
  isDeleted,
  isEncrypted,
  inReplyToID,
  isReplyThreadFallback,
  type,
  hsOrder,
  isSentByMe,
  replyCount,
  shouldNotify,
  shouldPreview,
  countsAsUnread,
  lastDeletionID,
  editedType,
  message,
  echo_echoID,
  seenByMeAt
) VALUES (?, ?, ?, ?, ?, ?, ?, ?, ?, ?, ?, ?, ?, ?, ?, ?, ?, ?, ?, ?, ?, ?, ?, ?, ?, ?)
ON CONFLICT(roomID, eventID) DO UPDATE SET
  senderContactID = excluded.senderContactID,
  timestamp = excluded.timestamp,
  isEdited = excluded.isEdited,
  lastEditionID = excluded.lastEditionID,
  isDetached = excluded.isDetached,
  lastEditionTimestamp = excluded.lastEditionTimestamp,
  lastEditionOrder = excluded.lastEditionOrder,
  isDeleted = excluded.isDeleted,
  isEncrypted = excluded.isEncrypted,
  inReplyToID = excluded.inReplyToID,
  isReplyThreadFallback = excluded.isReplyThreadFallback,
  type = excluded.type,
  hsOrder = excluded.hsOrder,
  isSentByMe = excluded.isSentByMe,
  replyCount = excluded.replyCount,
  shouldNotify = excluded.shouldNotify,
  shouldPreview = excluded.shouldPreview,
  countsAsUnread = excluded.countsAsUnread,
  lastDeletionID = excluded.lastDeletionID,
  editedType = excluded.editedType,
  message = excluded.message,
  echo_echoID = excluded.echo_echoID,
  seenByMeAt = excluded.seenByMeAt,
  sendStatus = NULL RETURNING id
[debug] [2026-04-17T20:26:58.913Z] [sqlite-worker] 
INSERT INTO mx_room_messages (
  id,
  roomID,
  eventID,
  senderContactID,
  timestamp,
  isEdited,
  lastEditionID,
  isDetached,
  lastEditionTimestamp,
  lastEditionOrder,
  isDeleted,
  isEncrypted,
  inReplyToID,
  isReplyThreadFallback,
  type,
  hsOrder,
  isSentByMe,
  replyCount,
  shouldNotify,
  shouldPreview,
  countsAsUnread,
  lastDeletionID,
  editedType,
  message,
  echo_echoID,
  seenByMeAt
) VALUES (?, ?, ?, ?, ?, ?, ?, ?, ?, ?, ?, ?, ?, ?, ?, ?, ?, ?, ?, ?, ?, ?, ?, ?, ?, ?)
ON CONFLICT(roomID, eventID) DO UPDATE SET
  senderContactID = excluded.senderContactID,
  timestamp = excluded.timestamp,
  isEdited = excluded.isEdited,
  lastEditionID = excluded.lastEditionID,
  isDetached = excluded.isDetached,
  lastEditionTimestamp = excluded.lastEditionTimestamp,
  lastEditionOrder = excluded.lastEditionOrder,
  isDeleted = excluded.isDeleted,
  isEncrypted = excluded.isEncrypted,
  inReplyToID = excluded.inReplyToID,
  isReplyThreadFallback = excluded.isReplyThreadFallback,
  type = excluded.type,
  hsOrder = excluded.hsOrder,
  isSentByMe = excluded.isSentByMe,
  replyCount = excluded.replyCount,
  shouldNotify = excluded.shouldNotify,
  shouldPreview = excluded.shouldPreview,
  countsAsUnread = excluded.countsAsUnread,
  lastDeletionID = excluded.lastDeletionID,
  editedType = excluded.editedType,
  message = excluded.message,
  echo_echoID = excluded.echo_echoID,
  seenByMeAt = excluded.seenByMeAt,
  sendStatus = NULL RETURNING id
[debug] [2026-04-17T20:26:58.919Z] [sqlite-worker] 
INSERT INTO mx_room_messages (
  id,
  roomID,
  eventID,
  senderContactID,
  timestamp,
  isEdited,
  lastEditionID,
  isDetached,
  lastEditionTimestamp,
  lastEditionOrder,
  isDeleted,
  isEncrypted,
  inReplyToID,
  isReplyThreadFallback,
  type,
  hsOrder,
  isSentByMe,
  replyCount,
  shouldNotify,
  shouldPreview,
  countsAsUnread,
  lastDeletionID,
  editedType,
  message,
  echo_echoID,
  seenByMeAt
) VALUES (?, ?, ?, ?, ?, ?, ?, ?, ?, ?, ?, ?, ?, ?, ?, ?, ?, ?, ?, ?, ?, ?, ?, ?, ?, ?)
ON CONFLICT(roomID, eventID) DO UPDATE SET
  senderContactID = excluded.senderContactID,
  timestamp = excluded.timestamp,
  isEdited = excluded.isEdited,
  lastEditionID = excluded.lastEditionID,
  isDetached = excluded.isDetached,
  lastEditionTimestamp = excluded.lastEditionTimestamp,
  lastEditionOrder = excluded.lastEditionOrder,
  isDeleted = excluded.isDeleted,
  isEncrypted = excluded.isEncrypted,
  inReplyToID = excluded.inReplyToID,
  isReplyThreadFallback = excluded.isReplyThreadFallback,
  type = excluded.type,
  hsOrder = excluded.hsOrder,
  isSentByMe = excluded.isSentByMe,
  replyCount = excluded.replyCount,
  shouldNotify = excluded.shouldNotify,
  shouldPreview = excluded.shouldPreview,
  countsAsUnread = excluded.countsAsUnread,
  lastDeletionID = excluded.lastDeletionID,
  editedType = excluded.editedType,
  message = excluded.message,
  echo_echoID = excluded.echo_echoID,
  seenByMeAt = excluded.seenByMeAt,
  sendStatus = NULL RETURNING id
[debug] [2026-04-17T20:26:58.922Z] [sqlite-worker] 
INSERT INTO mx_room_messages (
  id,
  roomID,
  eventID,
  senderContactID,
  timestamp,
  isEdited,
  lastEditionID,
  isDetached,
  lastEditionTimestamp,
  lastEditionOrder,
  isDeleted,
  isEncrypted,
  inReplyToID,
  isReplyThreadFallback,
  type,
  hsOrder,
  isSentByMe,
  replyCount,
  shouldNotify,
  shouldPreview,
  countsAsUnread,
  lastDeletionID,
  editedType,
  message,
  echo_echoID,
  seenByMeAt
) VALUES (?, ?, ?, ?, ?, ?, ?, ?, ?, ?, ?, ?, ?, ?, ?, ?, ?, ?, ?, ?, ?, ?, ?, ?, ?, ?)
ON CONFLICT(roomID, eventID) DO UPDATE SET
  senderContactID = excluded.senderContactID,
  timestamp = excluded.timestamp,
  isEdited = excluded.isEdited,
  lastEditionID = excluded.lastEditionID,
  isDetached = excluded.isDetached,
  lastEditionTimestamp = excluded.lastEditionTimestamp,
  lastEditionOrder = excluded.lastEditionOrder,
  isDeleted = excluded.isDeleted,
  isEncrypted = excluded.isEncrypted,
  inReplyToID = excluded.inReplyToID,
  isReplyThreadFallback = excluded.isReplyThreadFallback,
  type = excluded.type,
  hsOrder = excluded.hsOrder,
  isSentByMe = excluded.isSentByMe,
  replyCount = excluded.replyCount,
  shouldNotify = excluded.shouldNotify,
  shouldPreview = excluded.shouldPreview,
  countsAsUnread = excluded.countsAsUnread,
  lastDeletionID = excluded.lastDeletionID,
  editedType = excluded.editedType,
  message = excluded.message,
  echo_echoID = excluded.echo_echoID,
  seenByMeAt = excluded.seenByMeAt,
  sendStatus = NULL RETURNING id
[debug] [2026-04-17T20:26:58.924Z] [sqlite-worker] 
INSERT INTO mx_room_messages (
  id,
  roomID,
  eventID,
  senderContactID,
  timestamp,
  isEdited,
  lastEditionID,
  isDetached,
  lastEditionTimestamp,
  lastEditionOrder,
  isDeleted,
  isEncrypted,
  inReplyToID,
  isReplyThreadFallback,
  type,
  hsOrder,
  isSentByMe,
  replyCount,
  shouldNotify,
  shouldPreview,
  countsAsUnread,
  lastDeletionID,
  editedType,
  message,
  echo_echoID,
  seenByMeAt
) VALUES (?, ?, ?, ?, ?, ?, ?, ?, ?, ?, ?, ?, ?, ?, ?, ?, ?, ?, ?, ?, ?, ?, ?, ?, ?, ?)
ON CONFLICT(roomID, eventID) DO UPDATE SET
  senderContactID = excluded.senderContactID,
  timestamp = excluded.timestamp,
  isEdited = excluded.isEdited,
  lastEditionID = excluded.lastEditionID,
  isDetached = excluded.isDetached,
  lastEditionTimestamp = excluded.lastEditionTimestamp,
  lastEditionOrder = excluded.lastEditionOrder,
  isDeleted = excluded.isDeleted,
  isEncrypted = excluded.isEncrypted,
  inReplyToID = excluded.inReplyToID,
  isReplyThreadFallback = excluded.isReplyThreadFallback,
  type = excluded.type,
  hsOrder = excluded.hsOrder,
  isSentByMe = excluded.isSentByMe,
  replyCount = excluded.replyCount,
  shouldNotify = excluded.shouldNotify,
  shouldPreview = excluded.shouldPreview,
  countsAsUnread = excluded.countsAsUnread,
  lastDeletionID = excluded.lastDeletionID,
  editedType = excluded.editedType,
  message = excluded.message,
  echo_echoID = excluded.echo_echoID,
  seenByMeAt = excluded.seenByMeAt,
  sendStatus = NULL RETURNING id
[debug] [2026-04-17T20:26:58.927Z] [sqlite-worker] 
INSERT INTO mx_room_messages (
  id,
  roomID,
  eventID,
  senderContactID,
  timestamp,
  isEdited,
  lastEditionID,
  isDetached,
  lastEditionTimestamp,
  lastEditionOrder,
  isDeleted,
  isEncrypted,
  inReplyToID,
  isReplyThreadFallback,
  type,
  hsOrder,
  isSentByMe,
  replyCount,
  shouldNotify,
  shouldPreview,
  countsAsUnread,
  lastDeletionID,
  editedType,
  message,
  echo_echoID,
  seenByMeAt
) VALUES (?, ?, ?, ?, ?, ?, ?, ?, ?, ?, ?, ?, ?, ?, ?, ?, ?, ?, ?, ?, ?, ?, ?, ?, ?, ?)
ON CONFLICT(roomID, eventID) DO UPDATE SET
  senderContactID = excluded.senderContactID,
  timestamp = excluded.timestamp,
  isEdited = excluded.isEdited,
  lastEditionID = excluded.lastEditionID,
  isDetached = excluded.isDetached,
  lastEditionTimestamp = excluded.lastEditionTimestamp,
  lastEditionOrder = excluded.lastEditionOrder,
  isDeleted = excluded.isDeleted,
  isEncrypted = excluded.isEncrypted,
  inReplyToID = excluded.inReplyToID,
  isReplyThreadFallback = excluded.isReplyThreadFallback,
  type = excluded.type,
  hsOrder = excluded.hsOrder,
  isSentByMe = excluded.isSentByMe,
  replyCount = excluded.replyCount,
  shouldNotify = excluded.shouldNotify,
  shouldPreview = excluded.shouldPreview,
  countsAsUnread = excluded.countsAsUnread,
  lastDeletionID = excluded.lastDeletionID,
  editedType = excluded.editedType,
  message = excluded.message,
  echo_echoID = excluded.echo_echoID,
  seenByMeAt = excluded.seenByMeAt,
  sendStatus = NULL RETURNING id
[debug] [2026-04-17T20:26:58.930Z] [sqlite-worker] 
INSERT INTO mx_room_messages (
  id,
  roomID,
  eventID,
  senderContactID,
  timestamp,
  isEdited,
  lastEditionID,
  isDetached,
  lastEditionTimestamp,
  lastEditionOrder,
  isDeleted,
  isEncrypted,
  inReplyToID,
  isReplyThreadFallback,
  type,
  hsOrder,
  isSentByMe,
  replyCount,
  shouldNotify,
  shouldPreview,
  countsAsUnread,
  lastDeletionID,
  editedType,
  message,
  echo_echoID,
  seenByMeAt
) VALUES (?, ?, ?, ?, ?, ?, ?, ?, ?, ?, ?, ?, ?, ?, ?, ?, ?, ?, ?, ?, ?, ?, ?, ?, ?, ?)
ON CONFLICT(roomID, eventID) DO UPDATE SET
  senderContactID = excluded.senderContactID,
  timestamp = excluded.timestamp,
  isEdited = excluded.isEdited,
  lastEditionID = excluded.lastEditionID,
  isDetached = excluded.isDetached,
  lastEditionTimestamp = excluded.lastEditionTimestamp,
  lastEditionOrder = excluded.lastEditionOrder,
  isDeleted = excluded.isDeleted,
  isEncrypted = excluded.isEncrypted,
  inReplyToID = excluded.inReplyToID,
  isReplyThreadFallback = excluded.isReplyThreadFallback,
  type = excluded.type,
  hsOrder = excluded.hsOrder,
  isSentByMe = excluded.isSentByMe,
  replyCount = excluded.replyCount,
  shouldNotify = excluded.shouldNotify,
  shouldPreview = excluded.shouldPreview,
  countsAsUnread = excluded.countsAsUnread,
  lastDeletionID = excluded.lastDeletionID,
  editedType = excluded.editedType,
  message = excluded.message,
  echo_echoID = excluded.echo_echoID,
  seenByMeAt = excluded.seenByMeAt,
  sendStatus = NULL RETURNING id
[debug] [2026-04-17T20:26:58.931Z] [sqlite-worker] 
INSERT INTO mx_room_messages (
  id,
  roomID,
  eventID,
  senderContactID,
  timestamp,
  isEdited,
  lastEditionID,
  isDetached,
  lastEditionTimestamp,
  lastEditionOrder,
  isDeleted,
  isEncrypted,
  inReplyToID,
  isReplyThreadFallback,
  type,
  hsOrder,
  isSentByMe,
  replyCount,
  shouldNotify,
  shouldPreview,
  countsAsUnread,
  lastDeletionID,
  editedType,
  message,
  echo_echoID,
  seenByMeAt
) VALUES (?, ?, ?, ?, ?, ?, ?, ?, ?, ?, ?, ?, ?, ?, ?, ?, ?, ?, ?, ?, ?, ?, ?, ?, ?, ?)
ON CONFLICT(roomID, eventID) DO UPDATE SET
  senderContactID = excluded.senderContactID,
  timestamp = excluded.timestamp,
  isEdited = excluded.isEdited,
  lastEditionID = excluded.lastEditionID,
  isDetached = excluded.isDetached,
  lastEditionTimestamp = excluded.lastEditionTimestamp,
  lastEditionOrder = excluded.lastEditionOrder,
  isDeleted = excluded.isDeleted,
  isEncrypted = excluded.isEncrypted,
  inReplyToID = excluded.inReplyToID,
  isReplyThreadFallback = excluded.isReplyThreadFallback,
  type = excluded.type,
  hsOrder = excluded.hsOrder,
  isSentByMe = excluded.isSentByMe,
  replyCount = excluded.replyCount,
  shouldNotify = excluded.shouldNotify,
  shouldPreview = excluded.shouldPreview,
  countsAsUnread = excluded.countsAsUnread,
  lastDeletionID = excluded.lastDeletionID,
  editedType = excluded.editedType,
  message = excluded.message,
  echo_echoID = excluded.echo_echoID,
  seenByMeAt = excluded.seenByMeAt,
  sendStatus = NULL RETURNING id
[debug] [2026-04-17T20:26:58.934Z] [sqlite-worker] 
INSERT INTO mx_room_messages (
  id,
  roomID,
  eventID,
  senderContactID,
  timestamp,
  isEdited,
  lastEditionID,
  isDetached,
  lastEditionTimestamp,
  lastEditionOrder,
  isDeleted,
  isEncrypted,
  inReplyToID,
  isReplyThreadFallback,
  type,
  hsOrder,
  isSentByMe,
  replyCount,
  shouldNotify,
  shouldPreview,
  countsAsUnread,
  lastDeletionID,
  editedType,
  message,
  echo_echoID,
  seenByMeAt
) VALUES (?, ?, ?, ?, ?, ?, ?, ?, ?, ?, ?, ?, ?, ?, ?, ?, ?, ?, ?, ?, ?, ?, ?, ?, ?, ?)
ON CONFLICT(roomID, eventID) DO UPDATE SET
  senderContactID = excluded.senderContactID,
  timestamp = excluded.timestamp,
  isEdited = excluded.isEdited,
  lastEditionID = excluded.lastEditionID,
  isDetached = excluded.isDetached,
  lastEditionTimestamp = excluded.lastEditionTimestamp,
  lastEditionOrder = excluded.lastEditionOrder,
  isDeleted = excluded.isDeleted,
  isEncrypted = excluded.isEncrypted,
  inReplyToID = excluded.inReplyToID,
  isReplyThreadFallback = excluded.isReplyThreadFallback,
  type = excluded.type,
  hsOrder = excluded.hsOrder,
  isSentByMe = excluded.isSentByMe,
  replyCount = excluded.replyCount,
  shouldNotify = excluded.shouldNotify,
  shouldPreview = excluded.shouldPreview,
  countsAsUnread = excluded.countsAsUnread,
  lastDeletionID = excluded.lastDeletionID,
  editedType = excluded.editedType,
  message = excluded.message,
  echo_echoID = excluded.echo_echoID,
  seenByMeAt = excluded.seenByMeAt,
  sendStatus = NULL RETURNING id
[debug] [2026-04-17T20:26:58.937Z] [sqlite-worker] 
INSERT INTO mx_room_messages (
  id,
  roomID,
  eventID,
  senderContactID,
  timestamp,
  isEdited,
  lastEditionID,
  isDetached,
  lastEditionTimestamp,
  lastEditionOrder,
  isDeleted,
  isEncrypted,
  inReplyToID,
  isReplyThreadFallback,
  type,
  hsOrder,
  isSentByMe,
  replyCount,
  shouldNotify,
  shouldPreview,
  countsAsUnread,
  lastDeletionID,
  editedType,
  message,
  echo_echoID,
  seenByMeAt
) VALUES (?, ?, ?, ?, ?, ?, ?, ?, ?, ?, ?, ?, ?, ?, ?, ?, ?, ?, ?, ?, ?, ?, ?, ?, ?, ?)
ON CONFLICT(roomID, eventID) DO UPDATE SET
  senderContactID = excluded.senderContactID,
  timestamp = excluded.timestamp,
  isEdited = excluded.isEdited,
  lastEditionID = excluded.lastEditionID,
  isDetached = excluded.isDetached,
  lastEditionTimestamp = excluded.lastEditionTimestamp,
  lastEditionOrder = excluded.lastEditionOrder,
  isDeleted = excluded.isDeleted,
  isEncrypted = excluded.isEncrypted,
  inReplyToID = excluded.inReplyToID,
  isReplyThreadFallback = excluded.isReplyThreadFallback,
  type = excluded.type,
  hsOrder = excluded.hsOrder,
  isSentByMe = excluded.isSentByMe,
  replyCount = excluded.replyCount,
  shouldNotify = excluded.shouldNotify,
  shouldPreview = excluded.shouldPreview,
  countsAsUnread = excluded.countsAsUnread,
  lastDeletionID = excluded.lastDeletionID,
  editedType = excluded.editedType,
  message = excluded.message,
  echo_echoID = excluded.echo_echoID,
  seenByMeAt = excluded.seenByMeAt,
  sendStatus = NULL RETURNING id
[debug] [2026-04-17T20:26:58.937Z] [sqlite-worker] 
INSERT INTO mx_room_messages (
  id,
  roomID,
  eventID,
  senderContactID,
  timestamp,
  isEdited,
  lastEditionID,
  isDetached,
  lastEditionTimestamp,
  lastEditionOrder,
  isDeleted,
  isEncrypted,
  inReplyToID,
  isReplyThreadFallback,
  type,
  hsOrder,
  isSentByMe,
  replyCount,
  shouldNotify,
  shouldPreview,
  countsAsUnread,
  lastDeletionID,
  editedType,
  message,
  echo_echoID,
  seenByMeAt
) VALUES (?, ?, ?, ?, ?, ?, ?, ?, ?, ?, ?, ?, ?, ?, ?, ?, ?, ?, ?, ?, ?, ?, ?, ?, ?, ?)
ON CONFLICT(roomID, eventID) DO UPDATE SET
  senderContactID = excluded.senderContactID,
  timestamp = excluded.timestamp,
  isEdited = excluded.isEdited,
  lastEditionID = excluded.lastEditionID,
  isDetached = excluded.isDetached,
  lastEditionTimestamp = excluded.lastEditionTimestamp,
  lastEditionOrder = excluded.lastEditionOrder,
  isDeleted = excluded.isDeleted,
  isEncrypted = excluded.isEncrypted,
  inReplyToID = excluded.inReplyToID,
  isReplyThreadFallback = excluded.isReplyThreadFallback,
  type = excluded.type,
  hsOrder = excluded.hsOrder,
  isSentByMe = excluded.isSentByMe,
  replyCount = excluded.replyCount,
  shouldNotify = excluded.shouldNotify,
  shouldPreview = excluded.shouldPreview,
  countsAsUnread = excluded.countsAsUnread,
  lastDeletionID = excluded.lastDeletionID,
  editedType = excluded.editedType,
  message = excluded.message,
  echo_echoID = excluded.echo_echoID,
  seenByMeAt = excluded.seenByMeAt,
  sendStatus = NULL RETURNING id
[debug] [2026-04-17T20:26:58.938Z] [sqlite-worker] 
INSERT INTO mx_room_messages (
  id,
  roomID,
  eventID,
  senderContactID,
  timestamp,
  isEdited,
  lastEditionID,
  isDetached,
  lastEditionTimestamp,
  lastEditionOrder,
  isDeleted,
  isEncrypted,
  inReplyToID,
  isReplyThreadFallback,
  type,
  hsOrder,
  isSentByMe,
  replyCount,
  shouldNotify,
  shouldPreview,
  countsAsUnread,
  lastDeletionID,
  editedType,
  message,
  echo_echoID,
  seenByMeAt
) VALUES (?, ?, ?, ?, ?, ?, ?, ?, ?, ?, ?, ?, ?, ?, ?, ?, ?, ?, ?, ?, ?, ?, ?, ?, ?, ?)
ON CONFLICT(roomID, eventID) DO UPDATE SET
  senderContactID = excluded.senderContactID,
  timestamp = excluded.timestamp,
  isEdited = excluded.isEdited,
  lastEditionID = excluded.lastEditionID,
  isDetached = excluded.isDetached,
  lastEditionTimestamp = excluded.lastEditionTimestamp,
  lastEditionOrder = excluded.lastEditionOrder,
  isDeleted = excluded.isDeleted,
  isEncrypted = excluded.isEncrypted,
  inReplyToID = excluded.inReplyToID,
  isReplyThreadFallback = excluded.isReplyThreadFallback,
  type = excluded.type,
  hsOrder = excluded.hsOrder,
  isSentByMe = excluded.isSentByMe,
  replyCount = excluded.replyCount,
  shouldNotify = excluded.shouldNotify,
  shouldPreview = excluded.shouldPreview,
  countsAsUnread = excluded.countsAsUnread,
  lastDeletionID = excluded.lastDeletionID,
  editedType = excluded.editedType,
  message = excluded.message,
  echo_echoID = excluded.echo_echoID,
  seenByMeAt = excluded.seenByMeAt,
  sendStatus = NULL RETURNING id
[debug] [2026-04-17T20:26:58.940Z] [sqlite-worker] 
INSERT INTO mx_room_messages (
  id,
  roomID,
  eventID,
  senderContactID,
  timestamp,
  isEdited,
  lastEditionID,
  isDetached,
  lastEditionTimestamp,
  lastEditionOrder,
  isDeleted,
  isEncrypted,
  inReplyToID,
  isReplyThreadFallback,
  type,
  hsOrder,
  isSentByMe,
  replyCount,
  shouldNotify,
  shouldPreview,
  countsAsUnread,
  lastDeletionID,
  editedType,
  message,
  echo_echoID,
  seenByMeAt
) VALUES (?, ?, ?, ?, ?, ?, ?, ?, ?, ?, ?, ?, ?, ?, ?, ?, ?, ?, ?, ?, ?, ?, ?, ?, ?, ?)
ON CONFLICT(roomID, eventID) DO UPDATE SET
  senderContactID = excluded.senderContactID,
  timestamp = excluded.timestamp,
  isEdited = excluded.isEdited,
  lastEditionID = excluded.lastEditionID,
  isDetached = excluded.isDetached,
  lastEditionTimestamp = excluded.lastEditionTimestamp,
  lastEditionOrder = excluded.lastEditionOrder,
  isDeleted = excluded.isDeleted,
  isEncrypted = excluded.isEncrypted,
  inReplyToID = excluded.inReplyToID,
  isReplyThreadFallback = excluded.isReplyThreadFallback,
  type = excluded.type,
  hsOrder = excluded.hsOrder,
  isSentByMe = excluded.isSentByMe,
  replyCount = excluded.replyCount,
  shouldNotify = excluded.shouldNotify,
  shouldPreview = excluded.shouldPreview,
  countsAsUnread = excluded.countsAsUnread,
  lastDeletionID = excluded.lastDeletionID,
  editedType = excluded.editedType,
  message = excluded.message,
  echo_echoID = excluded.echo_echoID,
  seenByMeAt = excluded.seenByMeAt,
  sendStatus = NULL RETURNING id
[debug] [2026-04-17T20:26:58.942Z] [sqlite-worker] 
INSERT INTO mx_room_messages (
  id,
  roomID,
  eventID,
  senderContactID,
  timestamp,
  isEdited,
  lastEditionID,
  isDetached,
  lastEditionTimestamp,
  lastEditionOrder,
  isDeleted,
  isEncrypted,
  inReplyToID,
  isReplyThreadFallback,
  type,
  hsOrder,
  isSentByMe,
  replyCount,
  shouldNotify,
  shouldPreview,
  countsAsUnread,
  lastDeletionID,
  editedType,
  message,
  echo_echoID,
  seenByMeAt
) VALUES (?, ?, ?, ?, ?, ?, ?, ?, ?, ?, ?, ?, ?, ?, ?, ?, ?, ?, ?, ?, ?, ?, ?, ?, ?, ?)
ON CONFLICT(roomID, eventID) DO UPDATE SET
  senderContactID = excluded.senderContactID,
  timestamp = excluded.timestamp,
  isEdited = excluded.isEdited,
  lastEditionID = excluded.lastEditionID,
  isDetached = excluded.isDetached,
  lastEditionTimestamp = excluded.lastEditionTimestamp,
  lastEditionOrder = excluded.lastEditionOrder,
  isDeleted = excluded.isDeleted,
  isEncrypted = excluded.isEncrypted,
  inReplyToID = excluded.inReplyToID,
  isReplyThreadFallback = excluded.isReplyThreadFallback,
  type = excluded.type,
  hsOrder = excluded.hsOrder,
  isSentByMe = excluded.isSentByMe,
  replyCount = excluded.replyCount,
  shouldNotify = excluded.shouldNotify,
  shouldPreview = excluded.shouldPreview,
  countsAsUnread = excluded.countsAsUnread,
  lastDeletionID = excluded.lastDeletionID,
  editedType = excluded.editedType,
  message = excluded.message,
  echo_echoID = excluded.echo_echoID,
  seenByMeAt = excluded.seenByMeAt,
  sendStatus = NULL RETURNING id
[debug] [2026-04-17T20:26:58.945Z] [sqlite-worker] 
INSERT INTO mx_room_messages (
  id,
  roomID,
  eventID,
  senderContactID,
  timestamp,
  isEdited,
  lastEditionID,
  isDetached,
  lastEditionTimestamp,
  lastEditionOrder,
  isDeleted,
  isEncrypted,
  inReplyToID,
  isReplyThreadFallback,
  type,
  hsOrder,
  isSentByMe,
  replyCount,
  shouldNotify,
  shouldPreview,
  countsAsUnread,
  lastDeletionID,
  editedType,
  message,
  echo_echoID,
  seenByMeAt
) VALUES (?, ?, ?, ?, ?, ?, ?, ?, ?, ?, ?, ?, ?, ?, ?, ?, ?, ?, ?, ?, ?, ?, ?, ?, ?, ?)
ON CONFLICT(roomID, eventID) DO UPDATE SET
  senderContactID = excluded.senderContactID,
  timestamp = excluded.timestamp,
  isEdited = excluded.isEdited,
  lastEditionID = excluded.lastEditionID,
  isDetached = excluded.isDetached,
  lastEditionTimestamp = excluded.lastEditionTimestamp,
  lastEditionOrder = excluded.lastEditionOrder,
  isDeleted = excluded.isDeleted,
  isEncrypted = excluded.isEncrypted,
  inReplyToID = excluded.inReplyToID,
  isReplyThreadFallback = excluded.isReplyThreadFallback,
  type = excluded.type,
  hsOrder = excluded.hsOrder,
  isSentByMe = excluded.isSentByMe,
  replyCount = excluded.replyCount,
  shouldNotify = excluded.shouldNotify,
  shouldPreview = excluded.shouldPreview,
  countsAsUnread = excluded.countsAsUnread,
  lastDeletionID = excluded.lastDeletionID,
  editedType = excluded.editedType,
  message = excluded.message,
  echo_echoID = excluded.echo_echoID,
  seenByMeAt = excluded.seenByMeAt,
  sendStatus = NULL RETURNING id
[debug] [2026-04-17T20:26:58.946Z] [sqlite-worker] 
INSERT INTO mx_room_messages (
  id,
  roomID,
  eventID,
  senderContactID,
  timestamp,
  isEdited,
  lastEditionID,
  isDetached,
  lastEditionTimestamp,
  lastEditionOrder,
  isDeleted,
  isEncrypted,
  inReplyToID,
  isReplyThreadFallback,
  type,
  hsOrder,
  isSentByMe,
  replyCount,
  shouldNotify,
  shouldPreview,
  countsAsUnread,
  lastDeletionID,
  editedType,
  message,
  echo_echoID,
  seenByMeAt
) VALUES (?, ?, ?, ?, ?, ?, ?, ?, ?, ?, ?, ?, ?, ?, ?, ?, ?, ?, ?, ?, ?, ?, ?, ?, ?, ?)
ON CONFLICT(roomID, eventID) DO UPDATE SET
  senderContactID = excluded.senderContactID,
  timestamp = excluded.timestamp,
  isEdited = excluded.isEdited,
  lastEditionID = excluded.lastEditionID,
  isDetached = excluded.isDetached,
  lastEditionTimestamp = excluded.lastEditionTimestamp,
  lastEditionOrder = excluded.lastEditionOrder,
  isDeleted = excluded.isDeleted,
  isEncrypted = excluded.isEncrypted,
  inReplyToID = excluded.inReplyToID,
  isReplyThreadFallback = excluded.isReplyThreadFallback,
  type = excluded.type,
  hsOrder = excluded.hsOrder,
  isSentByMe = excluded.isSentByMe,
  replyCount = excluded.replyCount,
  shouldNotify = excluded.shouldNotify,
  shouldPreview = excluded.shouldPreview,
  countsAsUnread = excluded.countsAsUnread,
  lastDeletionID = excluded.lastDeletionID,
  editedType = excluded.editedType,
  message = excluded.message,
  echo_echoID = excluded.echo_echoID,
  seenByMeAt = excluded.seenByMeAt,
  sendStatus = NULL RETURNING id
[debug] [2026-04-17T20:26:58.951Z] [sqlite-worker] 
INSERT INTO mx_room_messages (
  id,
  roomID,
  eventID,
  senderContactID,
  timestamp,
  isEdited,
  lastEditionID,
  isDetached,
  lastEditionTimestamp,
  lastEditionOrder,
  isDeleted,
  isEncrypted,
  inReplyToID,
  isReplyThreadFallback,
  type,
  hsOrder,
  isSentByMe,
  replyCount,
  shouldNotify,
  shouldPreview,
  countsAsUnread,
  lastDeletionID,
  editedType,
  message,
  echo_echoID,
  seenByMeAt
) VALUES (?, ?, ?, ?, ?, ?, ?, ?, ?, ?, ?, ?, ?, ?, ?, ?, ?, ?, ?, ?, ?, ?, ?, ?, ?, ?)
ON CONFLICT(roomID, eventID) DO UPDATE SET
  senderContactID = excluded.senderContactID,
  timestamp = excluded.timestamp,
  isEdited = excluded.isEdited,
  lastEditionID = excluded.lastEditionID,
  isDetached = excluded.isDetached,
  lastEditionTimestamp = excluded.lastEditionTimestamp,
  lastEditionOrder = excluded.lastEditionOrder,
  isDeleted = excluded.isDeleted,
  isEncrypted = excluded.isEncrypted,
  inReplyToID = excluded.inReplyToID,
  isReplyThreadFallback = excluded.isReplyThreadFallback,
  type = excluded.type,
  hsOrder = excluded.hsOrder,
  isSentByMe = excluded.isSentByMe,
  replyCount = excluded.replyCount,
  shouldNotify = excluded.shouldNotify,
  shouldPreview = excluded.shouldPreview,
  countsAsUnread = excluded.countsAsUnread,
  lastDeletionID = excluded.lastDeletionID,
  editedType = excluded.editedType,
  message = excluded.message,
  echo_echoID = excluded.echo_echoID,
  seenByMeAt = excluded.seenByMeAt,
  sendStatus = NULL RETURNING id
[debug] [2026-04-17T20:26:58.955Z] [sqlite-worker] 
INSERT INTO mx_room_messages (
  id,
  roomID,
  eventID,
  senderContactID,
  timestamp,
  isEdited,
  lastEditionID,
  isDetached,
  lastEditionTimestamp,
  lastEditionOrder,
  isDeleted,
  isEncrypted,
  inReplyToID,
  isReplyThreadFallback,
  type,
  hsOrder,
  isSentByMe,
  replyCount,
  shouldNotify,
  shouldPreview,
  countsAsUnread,
  lastDeletionID,
  editedType,
  message,
  echo_echoID,
  seenByMeAt
) VALUES (?, ?, ?, ?, ?, ?, ?, ?, ?, ?, ?, ?, ?, ?, ?, ?, ?, ?, ?, ?, ?, ?, ?, ?, ?, ?)
ON CONFLICT(roomID, eventID) DO UPDATE SET
  senderContactID = excluded.senderContactID,
  timestamp = excluded.timestamp,
  isEdited = excluded.isEdited,
  lastEditionID = excluded.lastEditionID,
  isDetached = excluded.isDetached,
  lastEditionTimestamp = excluded.lastEditionTimestamp,
  lastEditionOrder = excluded.lastEditionOrder,
  isDeleted = excluded.isDeleted,
  isEncrypted = excluded.isEncrypted,
  inReplyToID = excluded.inReplyToID,
  isReplyThreadFallback = excluded.isReplyThreadFallback,
  type = excluded.type,
  hsOrder = excluded.hsOrder,
  isSentByMe = excluded.isSentByMe,
  replyCount = excluded.replyCount,
  shouldNotify = excluded.shouldNotify,
  shouldPreview = excluded.shouldPreview,
  countsAsUnread = excluded.countsAsUnread,
  lastDeletionID = excluded.lastDeletionID,
  editedType = excluded.editedType,
  message = excluded.message,
  echo_echoID = excluded.echo_echoID,
  seenByMeAt = excluded.seenByMeAt,
  sendStatus = NULL RETURNING id
[debug] [2026-04-17T20:26:58.957Z] [sqlite-worker] 
INSERT INTO mx_room_messages (
  id,
  roomID,
  eventID,
  senderContactID,
  timestamp,
  isEdited,
  lastEditionID,
  isDetached,
  lastEditionTimestamp,
  lastEditionOrder,
  isDeleted,
  isEncrypted,
  inReplyToID,
  isReplyThreadFallback,
  type,
  hsOrder,
  isSentByMe,
  replyCount,
  shouldNotify,
  shouldPreview,
  countsAsUnread,
  lastDeletionID,
  editedType,
  message,
  echo_echoID,
  seenByMeAt
) VALUES (?, ?, ?, ?, ?, ?, ?, ?, ?, ?, ?, ?, ?, ?, ?, ?, ?, ?, ?, ?, ?, ?, ?, ?, ?, ?)
ON CONFLICT(roomID, eventID) DO UPDATE SET
  senderContactID = excluded.senderContactID,
  timestamp = excluded.timestamp,
  isEdited = excluded.isEdited,
  lastEditionID = excluded.lastEditionID,
  isDetached = excluded.isDetached,
  lastEditionTimestamp = excluded.lastEditionTimestamp,
  lastEditionOrder = excluded.lastEditionOrder,
  isDeleted = excluded.isDeleted,
  isEncrypted = excluded.isEncrypted,
  inReplyToID = excluded.inReplyToID,
  isReplyThreadFallback = excluded.isReplyThreadFallback,
  type = excluded.type,
  hsOrder = excluded.hsOrder,
  isSentByMe = excluded.isSentByMe,
  replyCount = excluded.replyCount,
  shouldNotify = excluded.shouldNotify,
  shouldPreview = excluded.shouldPreview,
  countsAsUnread = excluded.countsAsUnread,
  lastDeletionID = excluded.lastDeletionID,
  editedType = excluded.editedType,
  message = excluded.message,
  echo_echoID = excluded.echo_echoID,
  seenByMeAt = excluded.seenByMeAt,
  sendStatus = NULL RETURNING id
[debug] [2026-04-17T20:26:58.962Z] [sqlite-worker] 
INSERT INTO mx_room_messages (
  id,
  roomID,
  eventID,
  senderContactID,
  timestamp,
  isEdited,
  lastEditionID,
  isDetached,
  lastEditionTimestamp,
  lastEditionOrder,
  isDeleted,
  isEncrypted,
  inReplyToID,
  isReplyThreadFallback,
  type,
  hsOrder,
  isSentByMe,
  replyCount,
  shouldNotify,
  shouldPreview,
  countsAsUnread,
  lastDeletionID,
  editedType,
  message,
  echo_echoID,
  seenByMeAt
) VALUES (?, ?, ?, ?, ?, ?, ?, ?, ?, ?, ?, ?, ?, ?, ?, ?, ?, ?, ?, ?, ?, ?, ?, ?, ?, ?)
ON CONFLICT(roomID, eventID) DO UPDATE SET
  senderContactID = excluded.senderContactID,
  timestamp = excluded.timestamp,
  isEdited = excluded.isEdited,
  lastEditionID = excluded.lastEditionID,
  isDetached = excluded.isDetached,
  lastEditionTimestamp = excluded.lastEditionTimestamp,
  lastEditionOrder = excluded.lastEditionOrder,
  isDeleted = excluded.isDeleted,
  isEncrypted = excluded.isEncrypted,
  inReplyToID = excluded.inReplyToID,
  isReplyThreadFallback = excluded.isReplyThreadFallback,
  type = excluded.type,
  hsOrder = excluded.hsOrder,
  isSentByMe = excluded.isSentByMe,
  replyCount = excluded.replyCount,
  shouldNotify = excluded.shouldNotify,
  shouldPreview = excluded.shouldPreview,
  countsAsUnread = excluded.countsAsUnread,
  lastDeletionID = excluded.lastDeletionID,
  editedType = excluded.editedType,
  message = excluded.message,
  echo_echoID = excluded.echo_echoID,
  seenByMeAt = excluded.seenByMeAt,
  sendStatus = NULL RETURNING id
[debug] [2026-04-17T20:26:58.965Z] [sqlite-worker] 
INSERT INTO mx_room_messages (
  id,
  roomID,
  eventID,
  senderContactID,
  timestamp,
  isEdited,
  lastEditionID,
  isDetached,
  lastEditionTimestamp,
  lastEditionOrder,
  isDeleted,
  isEncrypted,
  inReplyToID,
  isReplyThreadFallback,
  type,
  hsOrder,
  isSentByMe,
  replyCount,
  shouldNotify,
  shouldPreview,
  countsAsUnread,
  lastDeletionID,
  editedType,
  message,
  echo_echoID,
  seenByMeAt
) VALUES (?, ?, ?, ?, ?, ?, ?, ?, ?, ?, ?, ?, ?, ?, ?, ?, ?, ?, ?, ?, ?, ?, ?, ?, ?, ?)
ON CONFLICT(roomID, eventID) DO UPDATE SET
  senderContactID = excluded.senderContactID,
  timestamp = excluded.timestamp,
  isEdited = excluded.isEdited,
  lastEditionID = excluded.lastEditionID,
  isDetached = excluded.isDetached,
  lastEditionTimestamp = excluded.lastEditionTimestamp,
  lastEditionOrder = excluded.lastEditionOrder,
  isDeleted = excluded.isDeleted,
  isEncrypted = excluded.isEncrypted,
  inReplyToID = excluded.inReplyToID,
  isReplyThreadFallback = excluded.isReplyThreadFallback,
  type = excluded.type,
  hsOrder = excluded.hsOrder,
  isSentByMe = excluded.isSentByMe,
  replyCount = excluded.replyCount,
  shouldNotify = excluded.shouldNotify,
  shouldPreview = excluded.shouldPreview,
  countsAsUnread = excluded.countsAsUnread,
  lastDeletionID = excluded.lastDeletionID,
  editedType = excluded.editedType,
  message = excluded.message,
  echo_echoID = excluded.echo_echoID,
  seenByMeAt = excluded.seenByMeAt,
  sendStatus = NULL RETURNING id
[debug] [2026-04-17T20:26:58.970Z] [sqlite-worker] 
INSERT INTO mx_room_messages (
  id,
  roomID,
  eventID,
  senderContactID,
  timestamp,
  isEdited,
  lastEditionID,
  isDetached,
  lastEditionTimestamp,
  lastEditionOrder,
  isDeleted,
  isEncrypted,
  inReplyToID,
  isReplyThreadFallback,
  type,
  hsOrder,
  isSentByMe,
  replyCount,
  shouldNotify,
  shouldPreview,
  countsAsUnread,
  lastDeletionID,
  editedType,
  message,
  echo_echoID,
  seenByMeAt
) VALUES (?, ?, ?, ?, ?, ?, ?, ?, ?, ?, ?, ?, ?, ?, ?, ?, ?, ?, ?, ?, ?, ?, ?, ?, ?, ?)
ON CONFLICT(roomID, eventID) DO UPDATE SET
  senderContactID = excluded.senderContactID,
  timestamp = excluded.timestamp,
  isEdited = excluded.isEdited,
  lastEditionID = excluded.lastEditionID,
  isDetached = excluded.isDetached,
  lastEditionTimestamp = excluded.lastEditionTimestamp,
  lastEditionOrder = excluded.lastEditionOrder,
  isDeleted = excluded.isDeleted,
  isEncrypted = excluded.isEncrypted,
  inReplyToID = excluded.inReplyToID,
  isReplyThreadFallback = excluded.isReplyThreadFallback,
  type = excluded.type,
  hsOrder = excluded.hsOrder,
  isSentByMe = excluded.isSentByMe,
  replyCount = excluded.replyCount,
  shouldNotify = excluded.shouldNotify,
  shouldPreview = excluded.shouldPreview,
  countsAsUnread = excluded.countsAsUnread,
  lastDeletionID = excluded.lastDeletionID,
  editedType = excluded.editedType,
  message = excluded.message,
  echo_echoID = excluded.echo_echoID,
  seenByMeAt = excluded.seenByMeAt,
  sendStatus = NULL RETURNING id
[debug] [2026-04-17T20:26:58.974Z] [sqlite-worker] 
INSERT INTO mx_room_messages (
  id,
  roomID,
  eventID,
  senderContactID,
  timestamp,
  isEdited,
  lastEditionID,
  isDetached,
  lastEditionTimestamp,
  lastEditionOrder,
  isDeleted,
  isEncrypted,
  inReplyToID,
  isReplyThreadFallback,
  type,
  hsOrder,
  isSentByMe,
  replyCount,
  shouldNotify,
  shouldPreview,
  countsAsUnread,
  lastDeletionID,
  editedType,
  message,
  echo_echoID,
  seenByMeAt
) VALUES (?, ?, ?, ?, ?, ?, ?, ?, ?, ?, ?, ?, ?, ?, ?, ?, ?, ?, ?, ?, ?, ?, ?, ?, ?, ?)
ON CONFLICT(roomID, eventID) DO UPDATE SET
  senderContactID = excluded.senderContactID,
  timestamp = excluded.timestamp,
  isEdited = excluded.isEdited,
  lastEditionID = excluded.lastEditionID,
  isDetached = excluded.isDetached,
  lastEditionTimestamp = excluded.lastEditionTimestamp,
  lastEditionOrder = excluded.lastEditionOrder,
  isDeleted = excluded.isDeleted,
  isEncrypted = excluded.isEncrypted,
  inReplyToID = excluded.inReplyToID,
  isReplyThreadFallback = excluded.isReplyThreadFallback,
  type = excluded.type,
  hsOrder = excluded.hsOrder,
  isSentByMe = excluded.isSentByMe,
  replyCount = excluded.replyCount,
  shouldNotify = excluded.shouldNotify,
  shouldPreview = excluded.shouldPreview,
  countsAsUnread = excluded.countsAsUnread,
  lastDeletionID = excluded.lastDeletionID,
  editedType = excluded.editedType,
  message = excluded.message,
  echo_echoID = excluded.echo_echoID,
  seenByMeAt = excluded.seenByMeAt,
  sendStatus = NULL RETURNING id
[debug] [2026-04-17T20:26:58.975Z] [sqlite-worker] 
INSERT INTO mx_room_messages (
  id,
  roomID,
  eventID,
  senderContactID,
  timestamp,
  isEdited,
  lastEditionID,
  isDetached,
  lastEditionTimestamp,
  lastEditionOrder,
  isDeleted,
  isEncrypted,
  inReplyToID,
  isReplyThreadFallback,
  type,
  hsOrder,
  isSentByMe,
  replyCount,
  shouldNotify,
  shouldPreview,
  countsAsUnread,
  lastDeletionID,
  editedType,
  message,
  echo_echoID,
  seenByMeAt
) VALUES (?, ?, ?, ?, ?, ?, ?, ?, ?, ?, ?, ?, ?, ?, ?, ?, ?, ?, ?, ?, ?, ?, ?, ?, ?, ?)
ON CONFLICT(roomID, eventID) DO UPDATE SET
  senderContactID = excluded.senderContactID,
  timestamp = excluded.timestamp,
  isEdited = excluded.isEdited,
  lastEditionID = excluded.lastEditionID,
  isDetached = excluded.isDetached,
  lastEditionTimestamp = excluded.lastEditionTimestamp,
  lastEditionOrder = excluded.lastEditionOrder,
  isDeleted = excluded.isDeleted,
  isEncrypted = excluded.isEncrypted,
  inReplyToID = excluded.inReplyToID,
  isReplyThreadFallback = excluded.isReplyThreadFallback,
  type = excluded.type,
  hsOrder = excluded.hsOrder,
  isSentByMe = excluded.isSentByMe,
  replyCount = excluded.replyCount,
  shouldNotify = excluded.shouldNotify,
  shouldPreview = excluded.shouldPreview,
  countsAsUnread = excluded.countsAsUnread,
  lastDeletionID = excluded.lastDeletionID,
  editedType = excluded.editedType,
  message = excluded.message,
  echo_echoID = excluded.echo_echoID,
  seenByMeAt = excluded.seenByMeAt,
  sendStatus = NULL RETURNING id
[debug] [2026-04-17T20:26:58.979Z] [sqlite-worker] 
INSERT INTO mx_room_messages (
  id,
  roomID,
  eventID,
  senderContactID,
  timestamp,
  isEdited,
  lastEditionID,
  isDetached,
  lastEditionTimestamp,
  lastEditionOrder,
  isDeleted,
  isEncrypted,
  inReplyToID,
  isReplyThreadFallback,
  type,
  hsOrder,
  isSentByMe,
  replyCount,
  shouldNotify,
  shouldPreview,
  countsAsUnread,
  lastDeletionID,
  editedType,
  message,
  echo_echoID,
  seenByMeAt
) VALUES (?, ?, ?, ?, ?, ?, ?, ?, ?, ?, ?, ?, ?, ?, ?, ?, ?, ?, ?, ?, ?, ?, ?, ?, ?, ?)
ON CONFLICT(roomID, eventID) DO UPDATE SET
  senderContactID = excluded.senderContactID,
  timestamp = excluded.timestamp,
  isEdited = excluded.isEdited,
  lastEditionID = excluded.lastEditionID,
  isDetached = excluded.isDetached,
  lastEditionTimestamp = excluded.lastEditionTimestamp,
  lastEditionOrder = excluded.lastEditionOrder,
  isDeleted = excluded.isDeleted,
  isEncrypted = excluded.isEncrypted,
  inReplyToID = excluded.inReplyToID,
  isReplyThreadFallback = excluded.isReplyThreadFallback,
  type = excluded.type,
  hsOrder = excluded.hsOrder,
  isSentByMe = excluded.isSentByMe,
  replyCount = excluded.replyCount,
  shouldNotify = excluded.shouldNotify,
  shouldPreview = excluded.shouldPreview,
  countsAsUnread = excluded.countsAsUnread,
  lastDeletionID = excluded.lastDeletionID,
  editedType = excluded.editedType,
  message = excluded.message,
  echo_echoID = excluded.echo_echoID,
  seenByMeAt = excluded.seenByMeAt,
  sendStatus = NULL RETURNING id
[debug] [2026-04-17T20:26:58.982Z] [sqlite-worker] 
INSERT INTO mx_room_messages (
  id,
  roomID,
  eventID,
  senderContactID,
  timestamp,
  isEdited,
  lastEditionID,
  isDetached,
  lastEditionTimestamp,
  lastEditionOrder,
  isDeleted,
  isEncrypted,
  inReplyToID,
  isReplyThreadFallback,
  type,
  hsOrder,
  isSentByMe,
  replyCount,
  shouldNotify,
  shouldPreview,
  countsAsUnread,
  lastDeletionID,
  editedType,
  message,
  echo_echoID,
  seenByMeAt
) VALUES (?, ?, ?, ?, ?, ?, ?, ?, ?, ?, ?, ?, ?, ?, ?, ?, ?, ?, ?, ?, ?, ?, ?, ?, ?, ?)
ON CONFLICT(roomID, eventID) DO UPDATE SET
  senderContactID = excluded.senderContactID,
  timestamp = excluded.timestamp,
  isEdited = excluded.isEdited,
  lastEditionID = excluded.lastEditionID,
  isDetached = excluded.isDetached,
  lastEditionTimestamp = excluded.lastEditionTimestamp,
  lastEditionOrder = excluded.lastEditionOrder,
  isDeleted = excluded.isDeleted,
  isEncrypted = excluded.isEncrypted,
  inReplyToID = excluded.inReplyToID,
  isReplyThreadFallback = excluded.isReplyThreadFallback,
  type = excluded.type,
  hsOrder = excluded.hsOrder,
  isSentByMe = excluded.isSentByMe,
  replyCount = excluded.replyCount,
  shouldNotify = excluded.shouldNotify,
  shouldPreview = excluded.shouldPreview,
  countsAsUnread = excluded.countsAsUnread,
  lastDeletionID = excluded.lastDeletionID,
  editedType = excluded.editedType,
  message = excluded.message,
  echo_echoID = excluded.echo_echoID,
  seenByMeAt = excluded.seenByMeAt,
  sendStatus = NULL RETURNING id
[debug] [2026-04-17T20:26:58.986Z] [sqlite-worker] 
INSERT INTO mx_room_messages (
  id,
  roomID,
  eventID,
  senderContactID,
  timestamp,
  isEdited,
  lastEditionID,
  isDetached,
  lastEditionTimestamp,
  lastEditionOrder,
  isDeleted,
  isEncrypted,
  inReplyToID,
  isReplyThreadFallback,
  type,
  hsOrder,
  isSentByMe,
  replyCount,
  shouldNotify,
  shouldPreview,
  countsAsUnread,
  lastDeletionID,
  editedType,
  message,
  echo_echoID,
  seenByMeAt
) VALUES (?, ?, ?, ?, ?, ?, ?, ?, ?, ?, ?, ?, ?, ?, ?, ?, ?, ?, ?, ?, ?, ?, ?, ?, ?, ?)
ON CONFLICT(roomID, eventID) DO UPDATE SET
  senderContactID = excluded.senderContactID,
  timestamp = excluded.timestamp,
  isEdited = excluded.isEdited,
  lastEditionID = excluded.lastEditionID,
  isDetached = excluded.isDetached,
  lastEditionTimestamp = excluded.lastEditionTimestamp,
  lastEditionOrder = excluded.lastEditionOrder,
  isDeleted = excluded.isDeleted,
  isEncrypted = excluded.isEncrypted,
  inReplyToID = excluded.inReplyToID,
  isReplyThreadFallback = excluded.isReplyThreadFallback,
  type = excluded.type,
  hsOrder = excluded.hsOrder,
  isSentByMe = excluded.isSentByMe,
  replyCount = excluded.replyCount,
  shouldNotify = excluded.shouldNotify,
  shouldPreview = excluded.shouldPreview,
  countsAsUnread = excluded.countsAsUnread,
  lastDeletionID = excluded.lastDeletionID,
  editedType = excluded.editedType,
  message = excluded.message,
  echo_echoID = excluded.echo_echoID,
  seenByMeAt = excluded.seenByMeAt,
  sendStatus = NULL RETURNING id
[debug] [2026-04-17T20:26:58.990Z] [sqlite-worker] 
INSERT INTO mx_room_messages (
  id,
  roomID,
  eventID,
  senderContactID,
  timestamp,
  isEdited,
  lastEditionID,
  isDetached,
  lastEditionTimestamp,
  lastEditionOrder,
  isDeleted,
  isEncrypted,
  inReplyToID,
  isReplyThreadFallback,
  type,
  hsOrder,
  isSentByMe,
  replyCount,
  shouldNotify,
  shouldPreview,
  countsAsUnread,
  lastDeletionID,
  editedType,
  message,
  echo_echoID,
  seenByMeAt
) VALUES (?, ?, ?, ?, ?, ?, ?, ?, ?, ?, ?, ?, ?, ?, ?, ?, ?, ?, ?, ?, ?, ?, ?, ?, ?, ?)
ON CONFLICT(roomID, eventID) DO UPDATE SET
  senderContactID = excluded.senderContactID,
  timestamp = excluded.timestamp,
  isEdited = excluded.isEdited,
  lastEditionID = excluded.lastEditionID,
  isDetached = excluded.isDetached,
  lastEditionTimestamp = excluded.lastEditionTimestamp,
  lastEditionOrder = excluded.lastEditionOrder,
  isDeleted = excluded.isDeleted,
  isEncrypted = excluded.isEncrypted,
  inReplyToID = excluded.inReplyToID,
  isReplyThreadFallback = excluded.isReplyThreadFallback,
  type = excluded.type,
  hsOrder = excluded.hsOrder,
  isSentByMe = excluded.isSentByMe,
  replyCount = excluded.replyCount,
  shouldNotify = excluded.shouldNotify,
  shouldPreview = excluded.shouldPreview,
  countsAsUnread = excluded.countsAsUnread,
  lastDeletionID = excluded.lastDeletionID,
  editedType = excluded.editedType,
  message = excluded.message,
  echo_echoID = excluded.echo_echoID,
  seenByMeAt = excluded.seenByMeAt,
  sendStatus = NULL RETURNING id
[debug] [2026-04-17T20:26:58.991Z] [sqlite-worker] 
INSERT INTO mx_room_messages (
  id,
  roomID,
  eventID,
  senderContactID,
  timestamp,
  isEdited,
  lastEditionID,
  isDetached,
  lastEditionTimestamp,
  lastEditionOrder,
  isDeleted,
  isEncrypted,
  inReplyToID,
  isReplyThreadFallback,
  type,
  hsOrder,
  isSentByMe,
  replyCount,
  shouldNotify,
  shouldPreview,
  countsAsUnread,
  lastDeletionID,
  editedType,
  message,
  echo_echoID,
  seenByMeAt
) VALUES (?, ?, ?, ?, ?, ?, ?, ?, ?, ?, ?, ?, ?, ?, ?, ?, ?, ?, ?, ?, ?, ?, ?, ?, ?, ?)
ON CONFLICT(roomID, eventID) DO UPDATE SET
  senderContactID = excluded.senderContactID,
  timestamp = excluded.timestamp,
  isEdited = excluded.isEdited,
  lastEditionID = excluded.lastEditionID,
  isDetached = excluded.isDetached,
  lastEditionTimestamp = excluded.lastEditionTimestamp,
  lastEditionOrder = excluded.lastEditionOrder,
  isDeleted = excluded.isDeleted,
  isEncrypted = excluded.isEncrypted,
  inReplyToID = excluded.inReplyToID,
  isReplyThreadFallback = excluded.isReplyThreadFallback,
  type = excluded.type,
  hsOrder = excluded.hsOrder,
  isSentByMe = excluded.isSentByMe,
  replyCount = excluded.replyCount,
  shouldNotify = excluded.shouldNotify,
  shouldPreview = excluded.shouldPreview,
  countsAsUnread = excluded.countsAsUnread,
  lastDeletionID = excluded.lastDeletionID,
  editedType = excluded.editedType,
  message = excluded.message,
  echo_echoID = excluded.echo_echoID,
  seenByMeAt = excluded.seenByMeAt,
  sendStatus = NULL RETURNING id
[debug] [2026-04-17T20:26:58.993Z] [sqlite-worker] 
INSERT INTO mx_room_messages (
  id,
  roomID,
  eventID,
  senderContactID,
  timestamp,
  isEdited,
  lastEditionID,
  isDetached,
  lastEditionTimestamp,
  lastEditionOrder,
  isDeleted,
  isEncrypted,
  inReplyToID,
  isReplyThreadFallback,
  type,
  hsOrder,
  isSentByMe,
  replyCount,
  shouldNotify,
  shouldPreview,
  countsAsUnread,
  lastDeletionID,
  editedType,
  message,
  echo_echoID,
  seenByMeAt
) VALUES (?, ?, ?, ?, ?, ?, ?, ?, ?, ?, ?, ?, ?, ?, ?, ?, ?, ?, ?, ?, ?, ?, ?, ?, ?, ?)
ON CONFLICT(roomID, eventID) DO UPDATE SET
  senderContactID = excluded.senderContactID,
  timestamp = excluded.timestamp,
  isEdited = excluded.isEdited,
  lastEditionID = excluded.lastEditionID,
  isDetached = excluded.isDetached,
  lastEditionTimestamp = excluded.lastEditionTimestamp,
  lastEditionOrder = excluded.lastEditionOrder,
  isDeleted = excluded.isDeleted,
  isEncrypted = excluded.isEncrypted,
  inReplyToID = excluded.inReplyToID,
  isReplyThreadFallback = excluded.isReplyThreadFallback,
  type = excluded.type,
  hsOrder = excluded.hsOrder,
  isSentByMe = excluded.isSentByMe,
  replyCount = excluded.replyCount,
  shouldNotify = excluded.shouldNotify,
  shouldPreview = excluded.shouldPreview,
  countsAsUnread = excluded.countsAsUnread,
  lastDeletionID = excluded.lastDeletionID,
  editedType = excluded.editedType,
  message = excluded.message,
  echo_echoID = excluded.echo_echoID,
  seenByMeAt = excluded.seenByMeAt,
  sendStatus = NULL RETURNING id
[debug] [2026-04-17T20:26:58.996Z] [sqlite-worker] 
INSERT INTO mx_room_messages (
  id,
  roomID,
  eventID,
  senderContactID,
  timestamp,
  isEdited,
  lastEditionID,
  isDetached,
  lastEditionTimestamp,
  lastEditionOrder,
  isDeleted,
  isEncrypted,
  inReplyToID,
  isReplyThreadFallback,
  type,
  hsOrder,
  isSentByMe,
  replyCount,
  shouldNotify,
  shouldPreview,
  countsAsUnread,
  lastDeletionID,
  editedType,
  message,
  echo_echoID,
  seenByMeAt
) VALUES (?, ?, ?, ?, ?, ?, ?, ?, ?, ?, ?, ?, ?, ?, ?, ?, ?, ?, ?, ?, ?, ?, ?, ?, ?, ?)
ON CONFLICT(roomID, eventID) DO UPDATE SET
  senderContactID = excluded.senderContactID,
  timestamp = excluded.timestamp,
  isEdited = excluded.isEdited,
  lastEditionID = excluded.lastEditionID,
  isDetached = excluded.isDetached,
  lastEditionTimestamp = excluded.lastEditionTimestamp,
  lastEditionOrder = excluded.lastEditionOrder,
  isDeleted = excluded.isDeleted,
  isEncrypted = excluded.isEncrypted,
  inReplyToID = excluded.inReplyToID,
  isReplyThreadFallback = excluded.isReplyThreadFallback,
  type = excluded.type,
  hsOrder = excluded.hsOrder,
  isSentByMe = excluded.isSentByMe,
  replyCount = excluded.replyCount,
  shouldNotify = excluded.shouldNotify,
  shouldPreview = excluded.shouldPreview,
  countsAsUnread = excluded.countsAsUnread,
  lastDeletionID = excluded.lastDeletionID,
  editedType = excluded.editedType,
  message = excluded.message,
  echo_echoID = excluded.echo_echoID,
  seenByMeAt = excluded.seenByMeAt,
  sendStatus = NULL RETURNING id
[debug] [2026-04-17T20:26:58.998Z] [sqlite-worker] 
INSERT INTO mx_room_messages (
  id,
  roomID,
  eventID,
  senderContactID,
  timestamp,
  isEdited,
  lastEditionID,
  isDetached,
  lastEditionTimestamp,
  lastEditionOrder,
  isDeleted,
  isEncrypted,
  inReplyToID,
  isReplyThreadFallback,
  type,
  hsOrder,
  isSentByMe,
  replyCount,
  shouldNotify,
  shouldPreview,
  countsAsUnread,
  lastDeletionID,
  editedType,
  message,
  echo_echoID,
  seenByMeAt
) VALUES (?, ?, ?, ?, ?, ?, ?, ?, ?, ?, ?, ?, ?, ?, ?, ?, ?, ?, ?, ?, ?, ?, ?, ?, ?, ?)
ON CONFLICT(roomID, eventID) DO UPDATE SET
  senderContactID = excluded.senderContactID,
  timestamp = excluded.timestamp,
  isEdited = excluded.isEdited,
  lastEditionID = excluded.lastEditionID,
  isDetached = excluded.isDetached,
  lastEditionTimestamp = excluded.lastEditionTimestamp,
  lastEditionOrder = excluded.lastEditionOrder,
  isDeleted = excluded.isDeleted,
  isEncrypted = excluded.isEncrypted,
  inReplyToID = excluded.inReplyToID,
  isReplyThreadFallback = excluded.isReplyThreadFallback,
  type = excluded.type,
  hsOrder = excluded.hsOrder,
  isSentByMe = excluded.isSentByMe,
  replyCount = excluded.replyCount,
  shouldNotify = excluded.shouldNotify,
  shouldPreview = excluded.shouldPreview,
  countsAsUnread = excluded.countsAsUnread,
  lastDeletionID = excluded.lastDeletionID,
  editedType = excluded.editedType,
  message = excluded.message,
  echo_echoID = excluded.echo_echoID,
  seenByMeAt = excluded.seenByMeAt,
  sendStatus = NULL RETURNING id
[debug] [2026-04-17T20:26:59.001Z] [sqlite-worker] 
INSERT INTO mx_room_messages (
  id,
  roomID,
  eventID,
  senderContactID,
  timestamp,
  isEdited,
  lastEditionID,
  isDetached,
  lastEditionTimestamp,
  lastEditionOrder,
  isDeleted,
  isEncrypted,
  inReplyToID,
  isReplyThreadFallback,
  type,
  hsOrder,
  isSentByMe,
  replyCount,
  shouldNotify,
  shouldPreview,
  countsAsUnread,
  lastDeletionID,
  editedType,
  message,
  echo_echoID,
  seenByMeAt
) VALUES (?, ?, ?, ?, ?, ?, ?, ?, ?, ?, ?, ?, ?, ?, ?, ?, ?, ?, ?, ?, ?, ?, ?, ?, ?, ?)
ON CONFLICT(roomID, eventID) DO UPDATE SET
  senderContactID = excluded.senderContactID,
  timestamp = excluded.timestamp,
  isEdited = excluded.isEdited,
  lastEditionID = excluded.lastEditionID,
  isDetached = excluded.isDetached,
  lastEditionTimestamp = excluded.lastEditionTimestamp,
  lastEditionOrder = excluded.lastEditionOrder,
  isDeleted = excluded.isDeleted,
  isEncrypted = excluded.isEncrypted,
  inReplyToID = excluded.inReplyToID,
  isReplyThreadFallback = excluded.isReplyThreadFallback,
  type = excluded.type,
  hsOrder = excluded.hsOrder,
  isSentByMe = excluded.isSentByMe,
  replyCount = excluded.replyCount,
  shouldNotify = excluded.shouldNotify,
  shouldPreview = excluded.shouldPreview,
  countsAsUnread = excluded.countsAsUnread,
  lastDeletionID = excluded.lastDeletionID,
  editedType = excluded.editedType,
  message = excluded.message,
  echo_echoID = excluded.echo_echoID,
  seenByMeAt = excluded.seenByMeAt,
  sendStatus = NULL RETURNING id
[debug] [2026-04-17T20:26:59.004Z] [sqlite-worker] 
INSERT INTO mx_room_messages (
  id,
  roomID,
  eventID,
  senderContactID,
  timestamp,
  isEdited,
  lastEditionID,
  isDetached,
  lastEditionTimestamp,
  lastEditionOrder,
  isDeleted,
  isEncrypted,
  inReplyToID,
  isReplyThreadFallback,
  type,
  hsOrder,
  isSentByMe,
  replyCount,
  shouldNotify,
  shouldPreview,
  countsAsUnread,
  lastDeletionID,
  editedType,
  message,
  echo_echoID,
  seenByMeAt
) VALUES (?, ?, ?, ?, ?, ?, ?, ?, ?, ?, ?, ?, ?, ?, ?, ?, ?, ?, ?, ?, ?, ?, ?, ?, ?, ?)
ON CONFLICT(roomID, eventID) DO UPDATE SET
  senderContactID = excluded.senderContactID,
  timestamp = excluded.timestamp,
  isEdited = excluded.isEdited,
  lastEditionID = excluded.lastEditionID,
  isDetached = excluded.isDetached,
  lastEditionTimestamp = excluded.lastEditionTimestamp,
  lastEditionOrder = excluded.lastEditionOrder,
  isDeleted = excluded.isDeleted,
  isEncrypted = excluded.isEncrypted,
  inReplyToID = excluded.inReplyToID,
  isReplyThreadFallback = excluded.isReplyThreadFallback,
  type = excluded.type,
  hsOrder = excluded.hsOrder,
  isSentByMe = excluded.isSentByMe,
  replyCount = excluded.replyCount,
  shouldNotify = excluded.shouldNotify,
  shouldPreview = excluded.shouldPreview,
  countsAsUnread = excluded.countsAsUnread,
  lastDeletionID = excluded.lastDeletionID,
  editedType = excluded.editedType,
  message = excluded.message,
  echo_echoID = excluded.echo_echoID,
  seenByMeAt = excluded.seenByMeAt,
  sendStatus = NULL RETURNING id
[debug] [2026-04-17T20:26:59.007Z] [sqlite-worker] 
INSERT INTO mx_room_messages (
  id,
  roomID,
  eventID,
  senderContactID,
  timestamp,
  isEdited,
  lastEditionID,
  isDetached,
  lastEditionTimestamp,
  lastEditionOrder,
  isDeleted,
  isEncrypted,
  inReplyToID,
  isReplyThreadFallback,
  type,
  hsOrder,
  isSentByMe,
  replyCount,
  shouldNotify,
  shouldPreview,
  countsAsUnread,
  lastDeletionID,
  editedType,
  message,
  echo_echoID,
  seenByMeAt
) VALUES (?, ?, ?, ?, ?, ?, ?, ?, ?, ?, ?, ?, ?, ?, ?, ?, ?, ?, ?, ?, ?, ?, ?, ?, ?, ?)
ON CONFLICT(roomID, eventID) DO UPDATE SET
  senderContactID = excluded.senderContactID,
  timestamp = excluded.timestamp,
  isEdited = excluded.isEdited,
  lastEditionID = excluded.lastEditionID,
  isDetached = excluded.isDetached,
  lastEditionTimestamp = excluded.lastEditionTimestamp,
  lastEditionOrder = excluded.lastEditionOrder,
  isDeleted = excluded.isDeleted,
  isEncrypted = excluded.isEncrypted,
  inReplyToID = excluded.inReplyToID,
  isReplyThreadFallback = excluded.isReplyThreadFallback,
  type = excluded.type,
  hsOrder = excluded.hsOrder,
  isSentByMe = excluded.isSentByMe,
  replyCount = excluded.replyCount,
  shouldNotify = excluded.shouldNotify,
  shouldPreview = excluded.shouldPreview,
  countsAsUnread = excluded.countsAsUnread,
  lastDeletionID = excluded.lastDeletionID,
  editedType = excluded.editedType,
  message = excluded.message,
  echo_echoID = excluded.echo_echoID,
  seenByMeAt = excluded.seenByMeAt,
  sendStatus = NULL RETURNING id
[debug] [2026-04-17T20:26:59.009Z] [sqlite-worker] 
INSERT INTO mx_room_messages (
  id,
  roomID,
  eventID,
  senderContactID,
  timestamp,
  isEdited,
  lastEditionID,
  isDetached,
  lastEditionTimestamp,
  lastEditionOrder,
  isDeleted,
  isEncrypted,
  inReplyToID,
  isReplyThreadFallback,
  type,
  hsOrder,
  isSentByMe,
  replyCount,
  shouldNotify,
  shouldPreview,
  countsAsUnread,
  lastDeletionID,
  editedType,
  message,
  echo_echoID,
  seenByMeAt
) VALUES (?, ?, ?, ?, ?, ?, ?, ?, ?, ?, ?, ?, ?, ?, ?, ?, ?, ?, ?, ?, ?, ?, ?, ?, ?, ?)
ON CONFLICT(roomID, eventID) DO UPDATE SET
  senderContactID = excluded.senderContactID,
  timestamp = excluded.timestamp,
  isEdited = excluded.isEdited,
  lastEditionID = excluded.lastEditionID,
  isDetached = excluded.isDetached,
  lastEditionTimestamp = excluded.lastEditionTimestamp,
  lastEditionOrder = excluded.lastEditionOrder,
  isDeleted = excluded.isDeleted,
  isEncrypted = excluded.isEncrypted,
  inReplyToID = excluded.inReplyToID,
  isReplyThreadFallback = excluded.isReplyThreadFallback,
  type = excluded.type,
  hsOrder = excluded.hsOrder,
  isSentByMe = excluded.isSentByMe,
  replyCount = excluded.replyCount,
  shouldNotify = excluded.shouldNotify,
  shouldPreview = excluded.shouldPreview,
  countsAsUnread = excluded.countsAsUnread,
  lastDeletionID = excluded.lastDeletionID,
  editedType = excluded.editedType,
  message = excluded.message,
  echo_echoID = excluded.echo_echoID,
  seenByMeAt = excluded.seenByMeAt,
  sendStatus = NULL RETURNING id
[debug] [2026-04-17T20:26:59.011Z] [sqlite-worker] 
INSERT INTO mx_room_messages (
  id,
  roomID,
  eventID,
  senderContactID,
  timestamp,
  isEdited,
  lastEditionID,
  isDetached,
  lastEditionTimestamp,
  lastEditionOrder,
  isDeleted,
  isEncrypted,
  inReplyToID,
  isReplyThreadFallback,
  type,
  hsOrder,
  isSentByMe,
  replyCount,
  shouldNotify,
  shouldPreview,
  countsAsUnread,
  lastDeletionID,
  editedType,
  message,
  echo_echoID,
  seenByMeAt
) VALUES (?, ?, ?, ?, ?, ?, ?, ?, ?, ?, ?, ?, ?, ?, ?, ?, ?, ?, ?, ?, ?, ?, ?, ?, ?, ?)
ON CONFLICT(roomID, eventID) DO UPDATE SET
  senderContactID = excluded.senderContactID,
  timestamp = excluded.timestamp,
  isEdited = excluded.isEdited,
  lastEditionID = excluded.lastEditionID,
  isDetached = excluded.isDetached,
  lastEditionTimestamp = excluded.lastEditionTimestamp,
  lastEditionOrder = excluded.lastEditionOrder,
  isDeleted = excluded.isDeleted,
  isEncrypted = excluded.isEncrypted,
  inReplyToID = excluded.inReplyToID,
  isReplyThreadFallback = excluded.isReplyThreadFallback,
  type = excluded.type,
  hsOrder = excluded.hsOrder,
  isSentByMe = excluded.isSentByMe,
  replyCount = excluded.replyCount,
  shouldNotify = excluded.shouldNotify,
  shouldPreview = excluded.shouldPreview,
  countsAsUnread = excluded.countsAsUnread,
  lastDeletionID = excluded.lastDeletionID,
  editedType = excluded.editedType,
  message = excluded.message,
  echo_echoID = excluded.echo_echoID,
  seenByMeAt = excluded.seenByMeAt,
  sendStatus = NULL RETURNING id
[debug] [2026-04-17T20:26:59.013Z] [sqlite-worker] 
INSERT INTO mx_room_messages (
  id,
  roomID,
  eventID,
  senderContactID,
  timestamp,
  isEdited,
  lastEditionID,
  isDetached,
  lastEditionTimestamp,
  lastEditionOrder,
  isDeleted,
  isEncrypted,
  inReplyToID,
  isReplyThreadFallback,
  type,
  hsOrder,
  isSentByMe,
  replyCount,
  shouldNotify,
  shouldPreview,
  countsAsUnread,
  lastDeletionID,
  editedType,
  message,
  echo_echoID,
  seenByMeAt
) VALUES (?, ?, ?, ?, ?, ?, ?, ?, ?, ?, ?, ?, ?, ?, ?, ?, ?, ?, ?, ?, ?, ?, ?, ?, ?, ?)
ON CONFLICT(roomID, eventID) DO UPDATE SET
  senderContactID = excluded.senderContactID,
  timestamp = excluded.timestamp,
  isEdited = excluded.isEdited,
  lastEditionID = excluded.lastEditionID,
  isDetached = excluded.isDetached,
  lastEditionTimestamp = excluded.lastEditionTimestamp,
  lastEditionOrder = excluded.lastEditionOrder,
  isDeleted = excluded.isDeleted,
  isEncrypted = excluded.isEncrypted,
  inReplyToID = excluded.inReplyToID,
  isReplyThreadFallback = excluded.isReplyThreadFallback,
  type = excluded.type,
  hsOrder = excluded.hsOrder,
  isSentByMe = excluded.isSentByMe,
  replyCount = excluded.replyCount,
  shouldNotify = excluded.shouldNotify,
  shouldPreview = excluded.shouldPreview,
  countsAsUnread = excluded.countsAsUnread,
  lastDeletionID = excluded.lastDeletionID,
  editedType = excluded.editedType,
  message = excluded.message,
  echo_echoID = excluded.echo_echoID,
  seenByMeAt = excluded.seenByMeAt,
  sendStatus = NULL RETURNING id
[debug] [2026-04-17T20:26:59.018Z] [sqlite-worker] 
INSERT INTO mx_room_messages (
  id,
  roomID,
  eventID,
  senderContactID,
  timestamp,
  isEdited,
  lastEditionID,
  isDetached,
  lastEditionTimestamp,
  lastEditionOrder,
  isDeleted,
  isEncrypted,
  inReplyToID,
  isReplyThreadFallback,
  type,
  hsOrder,
  isSentByMe,
  replyCount,
  shouldNotify,
  shouldPreview,
  countsAsUnread,
  lastDeletionID,
  editedType,
  message,
  echo_echoID,
  seenByMeAt
) VALUES (?, ?, ?, ?, ?, ?, ?, ?, ?, ?, ?, ?, ?, ?, ?, ?, ?, ?, ?, ?, ?, ?, ?, ?, ?, ?)
ON CONFLICT(roomID, eventID) DO UPDATE SET
  senderContactID = excluded.senderContactID,
  timestamp = excluded.timestamp,
  isEdited = excluded.isEdited,
  lastEditionID = excluded.lastEditionID,
  isDetached = excluded.isDetached,
  lastEditionTimestamp = excluded.lastEditionTimestamp,
  lastEditionOrder = excluded.lastEditionOrder,
  isDeleted = excluded.isDeleted,
  isEncrypted = excluded.isEncrypted,
  inReplyToID = excluded.inReplyToID,
  isReplyThreadFallback = excluded.isReplyThreadFallback,
  type = excluded.type,
  hsOrder = excluded.hsOrder,
  isSentByMe = excluded.isSentByMe,
  replyCount = excluded.replyCount,
  shouldNotify = excluded.shouldNotify,
  shouldPreview = excluded.shouldPreview,
  countsAsUnread = excluded.countsAsUnread,
  lastDeletionID = excluded.lastDeletionID,
  editedType = excluded.editedType,
  message = excluded.message,
  echo_echoID = excluded.echo_echoID,
  seenByMeAt = excluded.seenByMeAt,
  sendStatus = NULL RETURNING id
[debug] [2026-04-17T20:26:59.020Z] [sqlite-worker] 
INSERT INTO mx_room_messages (
  id,
  roomID,
  eventID,
  senderContactID,
  timestamp,
  isEdited,
  lastEditionID,
  isDetached,
  lastEditionTimestamp,
  lastEditionOrder,
  isDeleted,
  isEncrypted,
  inReplyToID,
  isReplyThreadFallback,
  type,
  hsOrder,
  isSentByMe,
  replyCount,
  shouldNotify,
  shouldPreview,
  countsAsUnread,
  lastDeletionID,
  editedType,
  message,
  echo_echoID,
  seenByMeAt
) VALUES (?, ?, ?, ?, ?, ?, ?, ?, ?, ?, ?, ?, ?, ?, ?, ?, ?, ?, ?, ?, ?, ?, ?, ?, ?, ?)
ON CONFLICT(roomID, eventID) DO UPDATE SET
  senderContactID = excluded.senderContactID,
  timestamp = excluded.timestamp,
  isEdited = excluded.isEdited,
  lastEditionID = excluded.lastEditionID,
  isDetached = excluded.isDetached,
  lastEditionTimestamp = excluded.lastEditionTimestamp,
  lastEditionOrder = excluded.lastEditionOrder,
  isDeleted = excluded.isDeleted,
  isEncrypted = excluded.isEncrypted,
  inReplyToID = excluded.inReplyToID,
  isReplyThreadFallback = excluded.isReplyThreadFallback,
  type = excluded.type,
  hsOrder = excluded.hsOrder,
  isSentByMe = excluded.isSentByMe,
  replyCount = excluded.replyCount,
  shouldNotify = excluded.shouldNotify,
  shouldPreview = excluded.shouldPreview,
  countsAsUnread = excluded.countsAsUnread,
  lastDeletionID = excluded.lastDeletionID,
  editedType = excluded.editedType,
  message = excluded.message,
  echo_echoID = excluded.echo_echoID,
  seenByMeAt = excluded.seenByMeAt,
  sendStatus = NULL RETURNING id
[debug] [2026-04-17T20:26:59.022Z] [sqlite-worker] 
INSERT INTO mx_room_messages (
  id,
  roomID,
  eventID,
  senderContactID,
  timestamp,
  isEdited,
  lastEditionID,
  isDetached,
  lastEditionTimestamp,
  lastEditionOrder,
  isDeleted,
  isEncrypted,
  inReplyToID,
  isReplyThreadFallback,
  type,
  hsOrder,
  isSentByMe,
  replyCount,
  shouldNotify,
  shouldPreview,
  countsAsUnread,
  lastDeletionID,
  editedType,
  message,
  echo_echoID,
  seenByMeAt
) VALUES (?, ?, ?, ?, ?, ?, ?, ?, ?, ?, ?, ?, ?, ?, ?, ?, ?, ?, ?, ?, ?, ?, ?, ?, ?, ?)
ON CONFLICT(roomID, eventID) DO UPDATE SET
  senderContactID = excluded.senderContactID,
  timestamp = excluded.timestamp,
  isEdited = excluded.isEdited,
  lastEditionID = excluded.lastEditionID,
  isDetached = excluded.isDetached,
  lastEditionTimestamp = excluded.lastEditionTimestamp,
  lastEditionOrder = excluded.lastEditionOrder,
  isDeleted = excluded.isDeleted,
  isEncrypted = excluded.isEncrypted,
  inReplyToID = excluded.inReplyToID,
  isReplyThreadFallback = excluded.isReplyThreadFallback,
  type = excluded.type,
  hsOrder = excluded.hsOrder,
  isSentByMe = excluded.isSentByMe,
  replyCount = excluded.replyCount,
  shouldNotify = excluded.shouldNotify,
  shouldPreview = excluded.shouldPreview,
  countsAsUnread = excluded.countsAsUnread,
  lastDeletionID = excluded.lastDeletionID,
  editedType = excluded.editedType,
  message = excluded.message,
  echo_echoID = excluded.echo_echoID,
  seenByMeAt = excluded.seenByMeAt,
  sendStatus = NULL RETURNING id
[debug] [2026-04-17T20:26:59.039Z] [sqlite-worker] 
    SELECT MIN(hsOrder) FROM (
      SELECT hsOrder FROM mx_room_messages WHERE
        roomID = ? AND
        type != 'HIDDEN' AND
        type != 'REACTION' AND
        hsOrder < ?
      ORDER BY hsOrder DESC
      LIMIT ?
    )
  
[debug] [2026-04-17T20:26:59.040Z] [sqlite-worker] 
SELECT 
    m.id AS mx_msg_id,
    m.roomID AS mx_msg_roomID,
    m.eventID AS mx_msg_eventID,
    m.message AS mx_msg_msg,
    m.hsOrder AS mx_msg_hsOrder,
    m.sendStatus AS mx_msg_sendStatus,
    m.seenByMeAt AS mx_msg_seenByMeAt,
    (
        SELECT json_group_object(rr.userID, rr.timestamp)
        FROM mx_read_receipts rr
        WHERE rr.roomID = m.roomID
          AND rr.lastVisibleEventID = m.eventID
        GROUP BY rr.lastVisibleEventID
    ) AS mx_msg_readReceipts,
    (
        SELECT json_group_array(json(r.reaction))
        FROM mx_reactions r
        WHERE r.roomID = m.roomID
          AND r.eventID = m.eventID
          AND r.isDeleted = 0
        ORDER BY r.timestamp DESC
    ) AS mx_msg_reactions,
    (
    SELECT json_object('id', linked.id, 'message', linked.message)
    FROM mx_room_messages linked
    WHERE m.inReplyToID IS NOT NULL
      AND (linked.eventID = m.inReplyToID OR linked.lastEditionID = m.inReplyToID)
    LIMIT 1
  ) AS mx_msg_linkedMessage,
    (
    SELECT json_extract(value, '$.user_id') FROM key_values WHERE key = 'beeperState'
  ) AS current_user_id,
    m.echo_echoID AS mx_msg_echo_echoID
  
FROM mx_room_messages m
WHERE m.roomID = ?
 AND ((m.type != 'HIDDEN' AND m.type != 'REACTION') OR (m.type = 'REACTION' AND json_extract(m.message, '$.extra.shouldPreview') = true)) 

AND m.hsOrder >= ?
ORDER BY m.hsOrder DESC
LIMIT ?

[debug] [2026-04-17T20:26:59.342Z] [sqlite-worker] 
SELECT 
    m.id AS mx_msg_id,
    m.roomID AS mx_msg_roomID,
    m.eventID AS mx_msg_eventID,
    m.message AS mx_msg_msg,
    m.hsOrder AS mx_msg_hsOrder,
    m.sendStatus AS mx_msg_sendStatus,
    m.seenByMeAt AS mx_msg_seenByMeAt,
    (
        SELECT json_group_object(rr.userID, rr.timestamp)
        FROM mx_read_receipts rr
        WHERE rr.roomID = m.roomID
          AND rr.lastVisibleEventID = m.eventID
        GROUP BY rr.lastVisibleEventID
    ) AS mx_msg_readReceipts,
    (
        SELECT json_group_array(json(r.reaction))
        FROM mx_reactions r
        WHERE r.roomID = m.roomID
          AND r.eventID = m.eventID
          AND r.isDeleted = 0
        ORDER BY r.timestamp DESC
    ) AS mx_msg_reactions,
    (
    SELECT json_object('id', linked.id, 'message', linked.message)
    FROM mx_room_messages linked
    WHERE m.inReplyToID IS NOT NULL
      AND (linked.eventID = m.inReplyToID OR linked.lastEditionID = m.inReplyToID)
    LIMIT 1
  ) AS mx_msg_linkedMessage,
    (
    SELECT json_extract(value, '$.user_id') FROM key_values WHERE key = 'beeperState'
  ) AS current_user_id,
    m.echo_echoID AS mx_msg_echo_echoID
  
FROM mx_room_messages m
WHERE m.id = (
  SELECT id FROM (
    SELECT id, hsOrder FROM mx_room_messages WHERE roomID = ? AND id = ?
    UNION ALL
    SELECT id, hsOrder FROM mx_room_messages WHERE roomID = ? AND eventID = ?
    UNION ALL
    SELECT id, hsOrder FROM mx_room_messages WHERE roomID = ? AND lastEditionID = ?
  )
  ORDER BY hsOrder DESC
  LIMIT 1
)
[debug] [2026-04-17T20:26:59.461Z] [sqlite-worker] 
    SELECT MIN(hsOrder) FROM (
      SELECT hsOrder FROM mx_room_messages WHERE
        roomID = ? AND
        type != 'HIDDEN' AND
        type != 'REACTION' AND
        hsOrder < ?
      ORDER BY hsOrder DESC
      LIMIT ?
    )
  
[debug] [2026-04-17T20:26:59.461Z] [sqlite-worker] 
SELECT 
    m.id AS mx_msg_id,
    m.roomID AS mx_msg_roomID,
    m.eventID AS mx_msg_eventID,
    m.message AS mx_msg_msg,
    m.hsOrder AS mx_msg_hsOrder,
    m.sendStatus AS mx_msg_sendStatus,
    m.seenByMeAt AS mx_msg_seenByMeAt,
    (
        SELECT json_group_object(rr.userID, rr.timestamp)
        FROM mx_read_receipts rr
        WHERE rr.roomID = m.roomID
          AND rr.lastVisibleEventID = m.eventID
        GROUP BY rr.lastVisibleEventID
    ) AS mx_msg_readReceipts,
    (
        SELECT json_group_array(json(r.reaction))
        FROM mx_reactions r
        WHERE r.roomID = m.roomID
          AND r.eventID = m.eventID
          AND r.isDeleted = 0
        ORDER BY r.timestamp DESC
    ) AS mx_msg_reactions,
    (
    SELECT json_object('id', linked.id, 'message', linked.message)
    FROM mx_room_messages linked
    WHERE m.inReplyToID IS NOT NULL
      AND (linked.eventID = m.inReplyToID OR linked.lastEditionID = m.inReplyToID)
    LIMIT 1
  ) AS mx_msg_linkedMessage,
    (
    SELECT json_extract(value, '$.user_id') FROM key_values WHERE key = 'beeperState'
  ) AS current_user_id,
    m.echo_echoID AS mx_msg_echo_echoID
  
FROM mx_room_messages m
WHERE m.roomID = ?
 AND ((m.type != 'HIDDEN' AND m.type != 'REACTION') OR (m.type = 'REACTION' AND json_extract(m.message, '$.extra.shouldPreview') = true)) 
 AND m.hsOrder < ? 
AND m.hsOrder >= ?
ORDER BY m.hsOrder DESC
LIMIT ?

[debug] [2026-04-17T20:27:00.474Z] [sqlite-worker] 
SELECT
  t.accountID,
  t.thread,
  (
    SELECT json_group_array(
      json_object(
        'account_id', p.account_id,
        'participant_id', p.id,
        'room_id', p.room_id,
        'full_name', p.full_name,
        'nickname', p.nickname,
        'img_url', p.img_url,
        'is_verified', p.is_verified,
        'cannot_message', p.cannot_message,
        'is_self', p.is_self,
        'is_network_bot', p.is_network_bot,
        'added_by', p.added_by,
        'is_admin', p.is_admin,
        'is_pending', p.is_pending,
        'has_exited', p.has_exited,
        'identifiers', (
          SELECT json_group_array(
            json_object(
              'identifier', pi.identifier,
              'identifier_type', pi.identifier_type
            )
          )
          FROM participant_identifiers pi
          WHERE pi.account_id = p.account_id AND pi.participant_id = p.id
        )
      )
    )
    FROM participants p
    WHERE p.room_id = t.threadID AND p.account_id = t.accountID
  ) AS participants_json
FROM threads t
WHERE t.threadID = ?

[debug] [2026-04-17T20:27:00.478Z] [sqlite-worker] 
INSERT INTO mx_room_messages (
  id,
  roomID,
  eventID,
  senderContactID,
  timestamp,
  isEdited,
  lastEditionID,
  isDetached,
  lastEditionTimestamp,
  lastEditionOrder,
  isDeleted,
  isEncrypted,
  inReplyToID,
  isReplyThreadFallback,
  type,
  hsOrder,
  isSentByMe,
  replyCount,
  shouldNotify,
  shouldPreview,
  countsAsUnread,
  lastDeletionID,
  editedType,
  message,
  echo_echoID,
  seenByMeAt
) VALUES (?, ?, ?, ?, ?, ?, ?, ?, ?, ?, ?, ?, ?, ?, ?, ?, ?, ?, ?, ?, ?, ?, ?, ?, ?, ?)
ON CONFLICT(roomID, eventID) DO UPDATE SET
  senderContactID = excluded.senderContactID,
  timestamp = excluded.timestamp,
  isEdited = excluded.isEdited,
  lastEditionID = excluded.lastEditionID,
  isDetached = excluded.isDetached,
  lastEditionTimestamp = excluded.lastEditionTimestamp,
  lastEditionOrder = excluded.lastEditionOrder,
  isDeleted = excluded.isDeleted,
  isEncrypted = excluded.isEncrypted,
  inReplyToID = excluded.inReplyToID,
  isReplyThreadFallback = excluded.isReplyThreadFallback,
  type = excluded.type,
  hsOrder = excluded.hsOrder,
  isSentByMe = excluded.isSentByMe,
  replyCount = excluded.replyCount,
  shouldNotify = excluded.shouldNotify,
  shouldPreview = excluded.shouldPreview,
  countsAsUnread = excluded.countsAsUnread,
  lastDeletionID = excluded.lastDeletionID,
  editedType = excluded.editedType,
  message = excluded.message,
  echo_echoID = excluded.echo_echoID,
  seenByMeAt = excluded.seenByMeAt,
  sendStatus = NULL RETURNING id
[debug] [2026-04-17T20:27:00.488Z] [sqlite-worker] 
INSERT INTO mx_room_messages (
  id,
  roomID,
  eventID,
  senderContactID,
  timestamp,
  isEdited,
  lastEditionID,
  isDetached,
  lastEditionTimestamp,
  lastEditionOrder,
  isDeleted,
  isEncrypted,
  inReplyToID,
  isReplyThreadFallback,
  type,
  hsOrder,
  isSentByMe,
  replyCount,
  shouldNotify,
  shouldPreview,
  countsAsUnread,
  lastDeletionID,
  editedType,
  message,
  echo_echoID,
  seenByMeAt
) VALUES (?, ?, ?, ?, ?, ?, ?, ?, ?, ?, ?, ?, ?, ?, ?, ?, ?, ?, ?, ?, ?, ?, ?, ?, ?, ?)
ON CONFLICT(roomID, eventID) DO UPDATE SET
  senderContactID = excluded.senderContactID,
  timestamp = excluded.timestamp,
  isEdited = excluded.isEdited,
  lastEditionID = excluded.lastEditionID,
  isDetached = excluded.isDetached,
  lastEditionTimestamp = excluded.lastEditionTimestamp,
  lastEditionOrder = excluded.lastEditionOrder,
  isDeleted = excluded.isDeleted,
  isEncrypted = excluded.isEncrypted,
  inReplyToID = excluded.inReplyToID,
  isReplyThreadFallback = excluded.isReplyThreadFallback,
  type = excluded.type,
  hsOrder = excluded.hsOrder,
  isSentByMe = excluded.isSentByMe,
  replyCount = excluded.replyCount,
  shouldNotify = excluded.shouldNotify,
  shouldPreview = excluded.shouldPreview,
  countsAsUnread = excluded.countsAsUnread,
  lastDeletionID = excluded.lastDeletionID,
  editedType = excluded.editedType,
  message = excluded.message,
  echo_echoID = excluded.echo_echoID,
  seenByMeAt = excluded.seenByMeAt,
  sendStatus = NULL RETURNING id
[debug] [2026-04-17T20:27:00.489Z] [sqlite-worker] 
INSERT INTO mx_room_messages (
  id,
  roomID,
  eventID,
  senderContactID,
  timestamp,
  isEdited,
  lastEditionID,
  isDetached,
  lastEditionTimestamp,
  lastEditionOrder,
  isDeleted,
  isEncrypted,
  inReplyToID,
  isReplyThreadFallback,
  type,
  hsOrder,
  isSentByMe,
  replyCount,
  shouldNotify,
  shouldPreview,
  countsAsUnread,
  lastDeletionID,
  editedType,
  message,
  echo_echoID,
  seenByMeAt
) VALUES (?, ?, ?, ?, ?, ?, ?, ?, ?, ?, ?, ?, ?, ?, ?, ?, ?, ?, ?, ?, ?, ?, ?, ?, ?, ?)
ON CONFLICT(roomID, eventID) DO UPDATE SET
  senderContactID = excluded.senderContactID,
  timestamp = excluded.timestamp,
  isEdited = excluded.isEdited,
  lastEditionID = excluded.lastEditionID,
  isDetached = excluded.isDetached,
  lastEditionTimestamp = excluded.lastEditionTimestamp,
  lastEditionOrder = excluded.lastEditionOrder,
  isDeleted = excluded.isDeleted,
  isEncrypted = excluded.isEncrypted,
  inReplyToID = excluded.inReplyToID,
  isReplyThreadFallback = excluded.isReplyThreadFallback,
  type = excluded.type,
  hsOrder = excluded.hsOrder,
  isSentByMe = excluded.isSentByMe,
  replyCount = excluded.replyCount,
  shouldNotify = excluded.shouldNotify,
  shouldPreview = excluded.shouldPreview,
  countsAsUnread = excluded.countsAsUnread,
  lastDeletionID = excluded.lastDeletionID,
  editedType = excluded.editedType,
  message = excluded.message,
  echo_echoID = excluded.echo_echoID,
  seenByMeAt = excluded.seenByMeAt,
  sendStatus = NULL RETURNING id
[debug] [2026-04-17T20:27:00.490Z] [sqlite-worker] 
INSERT INTO mx_room_messages (
  id,
  roomID,
  eventID,
  senderContactID,
  timestamp,
  isEdited,
  lastEditionID,
  isDetached,
  lastEditionTimestamp,
  lastEditionOrder,
  isDeleted,
  isEncrypted,
  inReplyToID,
  isReplyThreadFallback,
  type,
  hsOrder,
  isSentByMe,
  replyCount,
  shouldNotify,
  shouldPreview,
  countsAsUnread,
  lastDeletionID,
  editedType,
  message,
  echo_echoID,
  seenByMeAt
) VALUES (?, ?, ?, ?, ?, ?, ?, ?, ?, ?, ?, ?, ?, ?, ?, ?, ?, ?, ?, ?, ?, ?, ?, ?, ?, ?)
ON CONFLICT(roomID, eventID) DO UPDATE SET
  senderContactID = excluded.senderContactID,
  timestamp = excluded.timestamp,
  isEdited = excluded.isEdited,
  lastEditionID = excluded.lastEditionID,
  isDetached = excluded.isDetached,
  lastEditionTimestamp = excluded.lastEditionTimestamp,
  lastEditionOrder = excluded.lastEditionOrder,
  isDeleted = excluded.isDeleted,
  isEncrypted = excluded.isEncrypted,
  inReplyToID = excluded.inReplyToID,
  isReplyThreadFallback = excluded.isReplyThreadFallback,
  type = excluded.type,
  hsOrder = excluded.hsOrder,
  isSentByMe = excluded.isSentByMe,
  replyCount = excluded.replyCount,
  shouldNotify = excluded.shouldNotify,
  shouldPreview = excluded.shouldPreview,
  countsAsUnread = excluded.countsAsUnread,
  lastDeletionID = excluded.lastDeletionID,
  editedType = excluded.editedType,
  message = excluded.message,
  echo_echoID = excluded.echo_echoID,
  seenByMeAt = excluded.seenByMeAt,
  sendStatus = NULL RETURNING id
[debug] [2026-04-17T20:27:00.492Z] [sqlite-worker] 
INSERT INTO mx_room_messages (
  id,
  roomID,
  eventID,
  senderContactID,
  timestamp,
  isEdited,
  lastEditionID,
  isDetached,
  lastEditionTimestamp,
  lastEditionOrder,
  isDeleted,
  isEncrypted,
  inReplyToID,
  isReplyThreadFallback,
  type,
  hsOrder,
  isSentByMe,
  replyCount,
  shouldNotify,
  shouldPreview,
  countsAsUnread,
  lastDeletionID,
  editedType,
  message,
  echo_echoID,
  seenByMeAt
) VALUES (?, ?, ?, ?, ?, ?, ?, ?, ?, ?, ?, ?, ?, ?, ?, ?, ?, ?, ?, ?, ?, ?, ?, ?, ?, ?)
ON CONFLICT(roomID, eventID) DO UPDATE SET
  senderContactID = excluded.senderContactID,
  timestamp = excluded.timestamp,
  isEdited = excluded.isEdited,
  lastEditionID = excluded.lastEditionID,
  isDetached = excluded.isDetached,
  lastEditionTimestamp = excluded.lastEditionTimestamp,
  lastEditionOrder = excluded.lastEditionOrder,
  isDeleted = excluded.isDeleted,
  isEncrypted = excluded.isEncrypted,
  inReplyToID = excluded.inReplyToID,
  isReplyThreadFallback = excluded.isReplyThreadFallback,
  type = excluded.type,
  hsOrder = excluded.hsOrder,
  isSentByMe = excluded.isSentByMe,
  replyCount = excluded.replyCount,
  shouldNotify = excluded.shouldNotify,
  shouldPreview = excluded.shouldPreview,
  countsAsUnread = excluded.countsAsUnread,
  lastDeletionID = excluded.lastDeletionID,
  editedType = excluded.editedType,
  message = excluded.message,
  echo_echoID = excluded.echo_echoID,
  seenByMeAt = excluded.seenByMeAt,
  sendStatus = NULL RETURNING id
[debug] [2026-04-17T20:27:00.495Z] [sqlite-worker] 
INSERT INTO mx_room_messages (
  id,
  roomID,
  eventID,
  senderContactID,
  timestamp,
  isEdited,
  lastEditionID,
  isDetached,
  lastEditionTimestamp,
  lastEditionOrder,
  isDeleted,
  isEncrypted,
  inReplyToID,
  isReplyThreadFallback,
  type,
  hsOrder,
  isSentByMe,
  replyCount,
  shouldNotify,
  shouldPreview,
  countsAsUnread,
  lastDeletionID,
  editedType,
  message,
  echo_echoID,
  seenByMeAt
) VALUES (?, ?, ?, ?, ?, ?, ?, ?, ?, ?, ?, ?, ?, ?, ?, ?, ?, ?, ?, ?, ?, ?, ?, ?, ?, ?)
ON CONFLICT(roomID, eventID) DO UPDATE SET
  senderContactID = excluded.senderContactID,
  timestamp = excluded.timestamp,
  isEdited = excluded.isEdited,
  lastEditionID = excluded.lastEditionID,
  isDetached = excluded.isDetached,
  lastEditionTimestamp = excluded.lastEditionTimestamp,
  lastEditionOrder = excluded.lastEditionOrder,
  isDeleted = excluded.isDeleted,
  isEncrypted = excluded.isEncrypted,
  inReplyToID = excluded.inReplyToID,
  isReplyThreadFallback = excluded.isReplyThreadFallback,
  type = excluded.type,
  hsOrder = excluded.hsOrder,
  isSentByMe = excluded.isSentByMe,
  replyCount = excluded.replyCount,
  shouldNotify = excluded.shouldNotify,
  shouldPreview = excluded.shouldPreview,
  countsAsUnread = excluded.countsAsUnread,
  lastDeletionID = excluded.lastDeletionID,
  editedType = excluded.editedType,
  message = excluded.message,
  echo_echoID = excluded.echo_echoID,
  seenByMeAt = excluded.seenByMeAt,
  sendStatus = NULL RETURNING id
[debug] [2026-04-17T20:27:00.501Z] [sqlite-worker] 
INSERT INTO mx_room_messages (
  id,
  roomID,
  eventID,
  senderContactID,
  timestamp,
  isEdited,
  lastEditionID,
  isDetached,
  lastEditionTimestamp,
  lastEditionOrder,
  isDeleted,
  isEncrypted,
  inReplyToID,
  isReplyThreadFallback,
  type,
  hsOrder,
  isSentByMe,
  replyCount,
  shouldNotify,
  shouldPreview,
  countsAsUnread,
  lastDeletionID,
  editedType,
  message,
  echo_echoID,
  seenByMeAt
) VALUES (?, ?, ?, ?, ?, ?, ?, ?, ?, ?, ?, ?, ?, ?, ?, ?, ?, ?, ?, ?, ?, ?, ?, ?, ?, ?)
ON CONFLICT(roomID, eventID) DO UPDATE SET
  senderContactID = excluded.senderContactID,
  timestamp = excluded.timestamp,
  isEdited = excluded.isEdited,
  lastEditionID = excluded.lastEditionID,
  isDetached = excluded.isDetached,
  lastEditionTimestamp = excluded.lastEditionTimestamp,
  lastEditionOrder = excluded.lastEditionOrder,
  isDeleted = excluded.isDeleted,
  isEncrypted = excluded.isEncrypted,
  inReplyToID = excluded.inReplyToID,
  isReplyThreadFallback = excluded.isReplyThreadFallback,
  type = excluded.type,
  hsOrder = excluded.hsOrder,
  isSentByMe = excluded.isSentByMe,
  replyCount = excluded.replyCount,
  shouldNotify = excluded.shouldNotify,
  shouldPreview = excluded.shouldPreview,
  countsAsUnread = excluded.countsAsUnread,
  lastDeletionID = excluded.lastDeletionID,
  editedType = excluded.editedType,
  message = excluded.message,
  echo_echoID = excluded.echo_echoID,
  seenByMeAt = excluded.seenByMeAt,
  sendStatus = NULL RETURNING id
[debug] [2026-04-17T20:27:00.504Z] [sqlite-worker] 
INSERT INTO mx_room_messages (
  id,
  roomID,
  eventID,
  senderContactID,
  timestamp,
  isEdited,
  lastEditionID,
  isDetached,
  lastEditionTimestamp,
  lastEditionOrder,
  isDeleted,
  isEncrypted,
  inReplyToID,
  isReplyThreadFallback,
  type,
  hsOrder,
  isSentByMe,
  replyCount,
  shouldNotify,
  shouldPreview,
  countsAsUnread,
  lastDeletionID,
  editedType,
  message,
  echo_echoID,
  seenByMeAt
) VALUES (?, ?, ?, ?, ?, ?, ?, ?, ?, ?, ?, ?, ?, ?, ?, ?, ?, ?, ?, ?, ?, ?, ?, ?, ?, ?)
ON CONFLICT(roomID, eventID) DO UPDATE SET
  senderContactID = excluded.senderContactID,
  timestamp = excluded.timestamp,
  isEdited = excluded.isEdited,
  lastEditionID = excluded.lastEditionID,
  isDetached = excluded.isDetached,
  lastEditionTimestamp = excluded.lastEditionTimestamp,
  lastEditionOrder = excluded.lastEditionOrder,
  isDeleted = excluded.isDeleted,
  isEncrypted = excluded.isEncrypted,
  inReplyToID = excluded.inReplyToID,
  isReplyThreadFallback = excluded.isReplyThreadFallback,
  type = excluded.type,
  hsOrder = excluded.hsOrder,
  isSentByMe = excluded.isSentByMe,
  replyCount = excluded.replyCount,
  shouldNotify = excluded.shouldNotify,
  shouldPreview = excluded.shouldPreview,
  countsAsUnread = excluded.countsAsUnread,
  lastDeletionID = excluded.lastDeletionID,
  editedType = excluded.editedType,
  message = excluded.message,
  echo_echoID = excluded.echo_echoID,
  seenByMeAt = excluded.seenByMeAt,
  sendStatus = NULL RETURNING id
[debug] [2026-04-17T20:27:00.505Z] [sqlite-worker] 
INSERT INTO mx_room_messages (
  id,
  roomID,
  eventID,
  senderContactID,
  timestamp,
  isEdited,
  lastEditionID,
  isDetached,
  lastEditionTimestamp,
  lastEditionOrder,
  isDeleted,
  isEncrypted,
  inReplyToID,
  isReplyThreadFallback,
  type,
  hsOrder,
  isSentByMe,
  replyCount,
  shouldNotify,
  shouldPreview,
  countsAsUnread,
  lastDeletionID,
  editedType,
  message,
  echo_echoID,
  seenByMeAt
) VALUES (?, ?, ?, ?, ?, ?, ?, ?, ?, ?, ?, ?, ?, ?, ?, ?, ?, ?, ?, ?, ?, ?, ?, ?, ?, ?)
ON CONFLICT(roomID, eventID) DO UPDATE SET
  senderContactID = excluded.senderContactID,
  timestamp = excluded.timestamp,
  isEdited = excluded.isEdited,
  lastEditionID = excluded.lastEditionID,
  isDetached = excluded.isDetached,
  lastEditionTimestamp = excluded.lastEditionTimestamp,
  lastEditionOrder = excluded.lastEditionOrder,
  isDeleted = excluded.isDeleted,
  isEncrypted = excluded.isEncrypted,
  inReplyToID = excluded.inReplyToID,
  isReplyThreadFallback = excluded.isReplyThreadFallback,
  type = excluded.type,
  hsOrder = excluded.hsOrder,
  isSentByMe = excluded.isSentByMe,
  replyCount = excluded.replyCount,
  shouldNotify = excluded.shouldNotify,
  shouldPreview = excluded.shouldPreview,
  countsAsUnread = excluded.countsAsUnread,
  lastDeletionID = excluded.lastDeletionID,
  editedType = excluded.editedType,
  message = excluded.message,
  echo_echoID = excluded.echo_echoID,
  seenByMeAt = excluded.seenByMeAt,
  sendStatus = NULL RETURNING id
[debug] [2026-04-17T20:27:00.508Z] [sqlite-worker] 
INSERT INTO mx_room_messages (
  id,
  roomID,
  eventID,
  senderContactID,
  timestamp,
  isEdited,
  lastEditionID,
  isDetached,
  lastEditionTimestamp,
  lastEditionOrder,
  isDeleted,
  isEncrypted,
  inReplyToID,
  isReplyThreadFallback,
  type,
  hsOrder,
  isSentByMe,
  replyCount,
  shouldNotify,
  shouldPreview,
  countsAsUnread,
  lastDeletionID,
  editedType,
  message,
  echo_echoID,
  seenByMeAt
) VALUES (?, ?, ?, ?, ?, ?, ?, ?, ?, ?, ?, ?, ?, ?, ?, ?, ?, ?, ?, ?, ?, ?, ?, ?, ?, ?)
ON CONFLICT(roomID, eventID) DO UPDATE SET
  senderContactID = excluded.senderContactID,
  timestamp = excluded.timestamp,
  isEdited = excluded.isEdited,
  lastEditionID = excluded.lastEditionID,
  isDetached = excluded.isDetached,
  lastEditionTimestamp = excluded.lastEditionTimestamp,
  lastEditionOrder = excluded.lastEditionOrder,
  isDeleted = excluded.isDeleted,
  isEncrypted = excluded.isEncrypted,
  inReplyToID = excluded.inReplyToID,
  isReplyThreadFallback = excluded.isReplyThreadFallback,
  type = excluded.type,
  hsOrder = excluded.hsOrder,
  isSentByMe = excluded.isSentByMe,
  replyCount = excluded.replyCount,
  shouldNotify = excluded.shouldNotify,
  shouldPreview = excluded.shouldPreview,
  countsAsUnread = excluded.countsAsUnread,
  lastDeletionID = excluded.lastDeletionID,
  editedType = excluded.editedType,
  message = excluded.message,
  echo_echoID = excluded.echo_echoID,
  seenByMeAt = excluded.seenByMeAt,
  sendStatus = NULL RETURNING id
[debug] [2026-04-17T20:27:00.510Z] [sqlite-worker] 
INSERT INTO mx_room_messages (
  id,
  roomID,
  eventID,
  senderContactID,
  timestamp,
  isEdited,
  lastEditionID,
  isDetached,
  lastEditionTimestamp,
  lastEditionOrder,
  isDeleted,
  isEncrypted,
  inReplyToID,
  isReplyThreadFallback,
  type,
  hsOrder,
  isSentByMe,
  replyCount,
  shouldNotify,
  shouldPreview,
  countsAsUnread,
  lastDeletionID,
  editedType,
  message,
  echo_echoID,
  seenByMeAt
) VALUES (?, ?, ?, ?, ?, ?, ?, ?, ?, ?, ?, ?, ?, ?, ?, ?, ?, ?, ?, ?, ?, ?, ?, ?, ?, ?)
ON CONFLICT(roomID, eventID) DO UPDATE SET
  senderContactID = excluded.senderContactID,
  timestamp = excluded.timestamp,
  isEdited = excluded.isEdited,
  lastEditionID = excluded.lastEditionID,
  isDetached = excluded.isDetached,
  lastEditionTimestamp = excluded.lastEditionTimestamp,
  lastEditionOrder = excluded.lastEditionOrder,
  isDeleted = excluded.isDeleted,
  isEncrypted = excluded.isEncrypted,
  inReplyToID = excluded.inReplyToID,
  isReplyThreadFallback = excluded.isReplyThreadFallback,
  type = excluded.type,
  hsOrder = excluded.hsOrder,
  isSentByMe = excluded.isSentByMe,
  replyCount = excluded.replyCount,
  shouldNotify = excluded.shouldNotify,
  shouldPreview = excluded.shouldPreview,
  countsAsUnread = excluded.countsAsUnread,
  lastDeletionID = excluded.lastDeletionID,
  editedType = excluded.editedType,
  message = excluded.message,
  echo_echoID = excluded.echo_echoID,
  seenByMeAt = excluded.seenByMeAt,
  sendStatus = NULL RETURNING id
[debug] [2026-04-17T20:27:00.514Z] [sqlite-worker] 
INSERT INTO mx_room_messages (
  id,
  roomID,
  eventID,
  senderContactID,
  timestamp,
  isEdited,
  lastEditionID,
  isDetached,
  lastEditionTimestamp,
  lastEditionOrder,
  isDeleted,
  isEncrypted,
  inReplyToID,
  isReplyThreadFallback,
  type,
  hsOrder,
  isSentByMe,
  replyCount,
  shouldNotify,
  shouldPreview,
  countsAsUnread,
  lastDeletionID,
  editedType,
  message,
  echo_echoID,
  seenByMeAt
) VALUES (?, ?, ?, ?, ?, ?, ?, ?, ?, ?, ?, ?, ?, ?, ?, ?, ?, ?, ?, ?, ?, ?, ?, ?, ?, ?)
ON CONFLICT(roomID, eventID) DO UPDATE SET
  senderContactID = excluded.senderContactID,
  timestamp = excluded.timestamp,
  isEdited = excluded.isEdited,
  lastEditionID = excluded.lastEditionID,
  isDetached = excluded.isDetached,
  lastEditionTimestamp = excluded.lastEditionTimestamp,
  lastEditionOrder = excluded.lastEditionOrder,
  isDeleted = excluded.isDeleted,
  isEncrypted = excluded.isEncrypted,
  inReplyToID = excluded.inReplyToID,
  isReplyThreadFallback = excluded.isReplyThreadFallback,
  type = excluded.type,
  hsOrder = excluded.hsOrder,
  isSentByMe = excluded.isSentByMe,
  replyCount = excluded.replyCount,
  shouldNotify = excluded.shouldNotify,
  shouldPreview = excluded.shouldPreview,
  countsAsUnread = excluded.countsAsUnread,
  lastDeletionID = excluded.lastDeletionID,
  editedType = excluded.editedType,
  message = excluded.message,
  echo_echoID = excluded.echo_echoID,
  seenByMeAt = excluded.seenByMeAt,
  sendStatus = NULL RETURNING id
[debug] [2026-04-17T20:27:00.518Z] [sqlite-worker] 
INSERT INTO mx_room_messages (
  id,
  roomID,
  eventID,
  senderContactID,
  timestamp,
  isEdited,
  lastEditionID,
  isDetached,
  lastEditionTimestamp,
  lastEditionOrder,
  isDeleted,
  isEncrypted,
  inReplyToID,
  isReplyThreadFallback,
  type,
  hsOrder,
  isSentByMe,
  replyCount,
  shouldNotify,
  shouldPreview,
  countsAsUnread,
  lastDeletionID,
  editedType,
  message,
  echo_echoID,
  seenByMeAt
) VALUES (?, ?, ?, ?, ?, ?, ?, ?, ?, ?, ?, ?, ?, ?, ?, ?, ?, ?, ?, ?, ?, ?, ?, ?, ?, ?)
ON CONFLICT(roomID, eventID) DO UPDATE SET
  senderContactID = excluded.senderContactID,
  timestamp = excluded.timestamp,
  isEdited = excluded.isEdited,
  lastEditionID = excluded.lastEditionID,
  isDetached = excluded.isDetached,
  lastEditionTimestamp = excluded.lastEditionTimestamp,
  lastEditionOrder = excluded.lastEditionOrder,
  isDeleted = excluded.isDeleted,
  isEncrypted = excluded.isEncrypted,
  inReplyToID = excluded.inReplyToID,
  isReplyThreadFallback = excluded.isReplyThreadFallback,
  type = excluded.type,
  hsOrder = excluded.hsOrder,
  isSentByMe = excluded.isSentByMe,
  replyCount = excluded.replyCount,
  shouldNotify = excluded.shouldNotify,
  shouldPreview = excluded.shouldPreview,
  countsAsUnread = excluded.countsAsUnread,
  lastDeletionID = excluded.lastDeletionID,
  editedType = excluded.editedType,
  message = excluded.message,
  echo_echoID = excluded.echo_echoID,
  seenByMeAt = excluded.seenByMeAt,
  sendStatus = NULL RETURNING id
[debug] [2026-04-17T20:27:00.523Z] [sqlite-worker] 
INSERT INTO mx_room_messages (
  id,
  roomID,
  eventID,
  senderContactID,
  timestamp,
  isEdited,
  lastEditionID,
  isDetached,
  lastEditionTimestamp,
  lastEditionOrder,
  isDeleted,
  isEncrypted,
  inReplyToID,
  isReplyThreadFallback,
  type,
  hsOrder,
  isSentByMe,
  replyCount,
  shouldNotify,
  shouldPreview,
  countsAsUnread,
  lastDeletionID,
  editedType,
  message,
  echo_echoID,
  seenByMeAt
) VALUES (?, ?, ?, ?, ?, ?, ?, ?, ?, ?, ?, ?, ?, ?, ?, ?, ?, ?, ?, ?, ?, ?, ?, ?, ?, ?)
ON CONFLICT(roomID, eventID) DO UPDATE SET
  senderContactID = excluded.senderContactID,
  timestamp = excluded.timestamp,
  isEdited = excluded.isEdited,
  lastEditionID = excluded.lastEditionID,
  isDetached = excluded.isDetached,
  lastEditionTimestamp = excluded.lastEditionTimestamp,
  lastEditionOrder = excluded.lastEditionOrder,
  isDeleted = excluded.isDeleted,
  isEncrypted = excluded.isEncrypted,
  inReplyToID = excluded.inReplyToID,
  isReplyThreadFallback = excluded.isReplyThreadFallback,
  type = excluded.type,
  hsOrder = excluded.hsOrder,
  isSentByMe = excluded.isSentByMe,
  replyCount = excluded.replyCount,
  shouldNotify = excluded.shouldNotify,
  shouldPreview = excluded.shouldPreview,
  countsAsUnread = excluded.countsAsUnread,
  lastDeletionID = excluded.lastDeletionID,
  editedType = excluded.editedType,
  message = excluded.message,
  echo_echoID = excluded.echo_echoID,
  seenByMeAt = excluded.seenByMeAt,
  sendStatus = NULL RETURNING id
[debug] [2026-04-17T20:27:00.524Z] [sqlite-worker] 
INSERT INTO mx_room_messages (
  id,
  roomID,
  eventID,
  senderContactID,
  timestamp,
  isEdited,
  lastEditionID,
  isDetached,
  lastEditionTimestamp,
  lastEditionOrder,
  isDeleted,
  isEncrypted,
  inReplyToID,
  isReplyThreadFallback,
  type,
  hsOrder,
  isSentByMe,
  replyCount,
  shouldNotify,
  shouldPreview,
  countsAsUnread,
  lastDeletionID,
  editedType,
  message,
  echo_echoID,
  seenByMeAt
) VALUES (?, ?, ?, ?, ?, ?, ?, ?, ?, ?, ?, ?, ?, ?, ?, ?, ?, ?, ?, ?, ?, ?, ?, ?, ?, ?)
ON CONFLICT(roomID, eventID) DO UPDATE SET
  senderContactID = excluded.senderContactID,
  timestamp = excluded.timestamp,
  isEdited = excluded.isEdited,
  lastEditionID = excluded.lastEditionID,
  isDetached = excluded.isDetached,
  lastEditionTimestamp = excluded.lastEditionTimestamp,
  lastEditionOrder = excluded.lastEditionOrder,
  isDeleted = excluded.isDeleted,
  isEncrypted = excluded.isEncrypted,
  inReplyToID = excluded.inReplyToID,
  isReplyThreadFallback = excluded.isReplyThreadFallback,
  type = excluded.type,
  hsOrder = excluded.hsOrder,
  isSentByMe = excluded.isSentByMe,
  replyCount = excluded.replyCount,
  shouldNotify = excluded.shouldNotify,
  shouldPreview = excluded.shouldPreview,
  countsAsUnread = excluded.countsAsUnread,
  lastDeletionID = excluded.lastDeletionID,
  editedType = excluded.editedType,
  message = excluded.message,
  echo_echoID = excluded.echo_echoID,
  seenByMeAt = excluded.seenByMeAt,
  sendStatus = NULL RETURNING id
[debug] [2026-04-17T20:27:00.528Z] [sqlite-worker] 
INSERT INTO mx_room_messages (
  id,
  roomID,
  eventID,
  senderContactID,
  timestamp,
  isEdited,
  lastEditionID,
  isDetached,
  lastEditionTimestamp,
  lastEditionOrder,
  isDeleted,
  isEncrypted,
  inReplyToID,
  isReplyThreadFallback,
  type,
  hsOrder,
  isSentByMe,
  replyCount,
  shouldNotify,
  shouldPreview,
  countsAsUnread,
  lastDeletionID,
  editedType,
  message,
  echo_echoID,
  seenByMeAt
) VALUES (?, ?, ?, ?, ?, ?, ?, ?, ?, ?, ?, ?, ?, ?, ?, ?, ?, ?, ?, ?, ?, ?, ?, ?, ?, ?)
ON CONFLICT(roomID, eventID) DO UPDATE SET
  senderContactID = excluded.senderContactID,
  timestamp = excluded.timestamp,
  isEdited = excluded.isEdited,
  lastEditionID = excluded.lastEditionID,
  isDetached = excluded.isDetached,
  lastEditionTimestamp = excluded.lastEditionTimestamp,
  lastEditionOrder = excluded.lastEditionOrder,
  isDeleted = excluded.isDeleted,
  isEncrypted = excluded.isEncrypted,
  inReplyToID = excluded.inReplyToID,
  isReplyThreadFallback = excluded.isReplyThreadFallback,
  type = excluded.type,
  hsOrder = excluded.hsOrder,
  isSentByMe = excluded.isSentByMe,
  replyCount = excluded.replyCount,
  shouldNotify = excluded.shouldNotify,
  shouldPreview = excluded.shouldPreview,
  countsAsUnread = excluded.countsAsUnread,
  lastDeletionID = excluded.lastDeletionID,
  editedType = excluded.editedType,
  message = excluded.message,
  echo_echoID = excluded.echo_echoID,
  seenByMeAt = excluded.seenByMeAt,
  sendStatus = NULL RETURNING id
[debug] [2026-04-17T20:27:00.531Z] [sqlite-worker] 
INSERT INTO mx_room_messages (
  id,
  roomID,
  eventID,
  senderContactID,
  timestamp,
  isEdited,
  lastEditionID,
  isDetached,
  lastEditionTimestamp,
  lastEditionOrder,
  isDeleted,
  isEncrypted,
  inReplyToID,
  isReplyThreadFallback,
  type,
  hsOrder,
  isSentByMe,
  replyCount,
  shouldNotify,
  shouldPreview,
  countsAsUnread,
  lastDeletionID,
  editedType,
  message,
  echo_echoID,
  seenByMeAt
) VALUES (?, ?, ?, ?, ?, ?, ?, ?, ?, ?, ?, ?, ?, ?, ?, ?, ?, ?, ?, ?, ?, ?, ?, ?, ?, ?)
ON CONFLICT(roomID, eventID) DO UPDATE SET
  senderContactID = excluded.senderContactID,
  timestamp = excluded.timestamp,
  isEdited = excluded.isEdited,
  lastEditionID = excluded.lastEditionID,
  isDetached = excluded.isDetached,
  lastEditionTimestamp = excluded.lastEditionTimestamp,
  lastEditionOrder = excluded.lastEditionOrder,
  isDeleted = excluded.isDeleted,
  isEncrypted = excluded.isEncrypted,
  inReplyToID = excluded.inReplyToID,
  isReplyThreadFallback = excluded.isReplyThreadFallback,
  type = excluded.type,
  hsOrder = excluded.hsOrder,
  isSentByMe = excluded.isSentByMe,
  replyCount = excluded.replyCount,
  shouldNotify = excluded.shouldNotify,
  shouldPreview = excluded.shouldPreview,
  countsAsUnread = excluded.countsAsUnread,
  lastDeletionID = excluded.lastDeletionID,
  editedType = excluded.editedType,
  message = excluded.message,
  echo_echoID = excluded.echo_echoID,
  seenByMeAt = excluded.seenByMeAt,
  sendStatus = NULL RETURNING id
[debug] [2026-04-17T20:27:00.536Z] [sqlite-worker] 
INSERT INTO mx_room_messages (
  id,
  roomID,
  eventID,
  senderContactID,
  timestamp,
  isEdited,
  lastEditionID,
  isDetached,
  lastEditionTimestamp,
  lastEditionOrder,
  isDeleted,
  isEncrypted,
  inReplyToID,
  isReplyThreadFallback,
  type,
  hsOrder,
  isSentByMe,
  replyCount,
  shouldNotify,
  shouldPreview,
  countsAsUnread,
  lastDeletionID,
  editedType,
  message,
  echo_echoID,
  seenByMeAt
) VALUES (?, ?, ?, ?, ?, ?, ?, ?, ?, ?, ?, ?, ?, ?, ?, ?, ?, ?, ?, ?, ?, ?, ?, ?, ?, ?)
ON CONFLICT(roomID, eventID) DO UPDATE SET
  senderContactID = excluded.senderContactID,
  timestamp = excluded.timestamp,
  isEdited = excluded.isEdited,
  lastEditionID = excluded.lastEditionID,
  isDetached = excluded.isDetached,
  lastEditionTimestamp = excluded.lastEditionTimestamp,
  lastEditionOrder = excluded.lastEditionOrder,
  isDeleted = excluded.isDeleted,
  isEncrypted = excluded.isEncrypted,
  inReplyToID = excluded.inReplyToID,
  isReplyThreadFallback = excluded.isReplyThreadFallback,
  type = excluded.type,
  hsOrder = excluded.hsOrder,
  isSentByMe = excluded.isSentByMe,
  replyCount = excluded.replyCount,
  shouldNotify = excluded.shouldNotify,
  shouldPreview = excluded.shouldPreview,
  countsAsUnread = excluded.countsAsUnread,
  lastDeletionID = excluded.lastDeletionID,
  editedType = excluded.editedType,
  message = excluded.message,
  echo_echoID = excluded.echo_echoID,
  seenByMeAt = excluded.seenByMeAt,
  sendStatus = NULL RETURNING id
[debug] [2026-04-17T20:27:00.541Z] [sqlite-worker] 
INSERT INTO mx_room_messages (
  id,
  roomID,
  eventID,
  senderContactID,
  timestamp,
  isEdited,
  lastEditionID,
  isDetached,
  lastEditionTimestamp,
  lastEditionOrder,
  isDeleted,
  isEncrypted,
  inReplyToID,
  isReplyThreadFallback,
  type,
  hsOrder,
  isSentByMe,
  replyCount,
  shouldNotify,
  shouldPreview,
  countsAsUnread,
  lastDeletionID,
  editedType,
  message,
  echo_echoID,
  seenByMeAt
) VALUES (?, ?, ?, ?, ?, ?, ?, ?, ?, ?, ?, ?, ?, ?, ?, ?, ?, ?, ?, ?, ?, ?, ?, ?, ?, ?)
ON CONFLICT(roomID, eventID) DO UPDATE SET
  senderContactID = excluded.senderContactID,
  timestamp = excluded.timestamp,
  isEdited = excluded.isEdited,
  lastEditionID = excluded.lastEditionID,
  isDetached = excluded.isDetached,
  lastEditionTimestamp = excluded.lastEditionTimestamp,
  lastEditionOrder = excluded.lastEditionOrder,
  isDeleted = excluded.isDeleted,
  isEncrypted = excluded.isEncrypted,
  inReplyToID = excluded.inReplyToID,
  isReplyThreadFallback = excluded.isReplyThreadFallback,
  type = excluded.type,
  hsOrder = excluded.hsOrder,
  isSentByMe = excluded.isSentByMe,
  replyCount = excluded.replyCount,
  shouldNotify = excluded.shouldNotify,
  shouldPreview = excluded.shouldPreview,
  countsAsUnread = excluded.countsAsUnread,
  lastDeletionID = excluded.lastDeletionID,
  editedType = excluded.editedType,
  message = excluded.message,
  echo_echoID = excluded.echo_echoID,
  seenByMeAt = excluded.seenByMeAt,
  sendStatus = NULL RETURNING id
[debug] [2026-04-17T20:27:00.542Z] [sqlite-worker] 
INSERT INTO mx_room_messages (
  id,
  roomID,
  eventID,
  senderContactID,
  timestamp,
  isEdited,
  lastEditionID,
  isDetached,
  lastEditionTimestamp,
  lastEditionOrder,
  isDeleted,
  isEncrypted,
  inReplyToID,
  isReplyThreadFallback,
  type,
  hsOrder,
  isSentByMe,
  replyCount,
  shouldNotify,
  shouldPreview,
  countsAsUnread,
  lastDeletionID,
  editedType,
  message,
  echo_echoID,
  seenByMeAt
) VALUES (?, ?, ?, ?, ?, ?, ?, ?, ?, ?, ?, ?, ?, ?, ?, ?, ?, ?, ?, ?, ?, ?, ?, ?, ?, ?)
ON CONFLICT(roomID, eventID) DO UPDATE SET
  senderContactID = excluded.senderContactID,
  timestamp = excluded.timestamp,
  isEdited = excluded.isEdited,
  lastEditionID = excluded.lastEditionID,
  isDetached = excluded.isDetached,
  lastEditionTimestamp = excluded.lastEditionTimestamp,
  lastEditionOrder = excluded.lastEditionOrder,
  isDeleted = excluded.isDeleted,
  isEncrypted = excluded.isEncrypted,
  inReplyToID = excluded.inReplyToID,
  isReplyThreadFallback = excluded.isReplyThreadFallback,
  type = excluded.type,
  hsOrder = excluded.hsOrder,
  isSentByMe = excluded.isSentByMe,
  replyCount = excluded.replyCount,
  shouldNotify = excluded.shouldNotify,
  shouldPreview = excluded.shouldPreview,
  countsAsUnread = excluded.countsAsUnread,
  lastDeletionID = excluded.lastDeletionID,
  editedType = excluded.editedType,
  message = excluded.message,
  echo_echoID = excluded.echo_echoID,
  seenByMeAt = excluded.seenByMeAt,
  sendStatus = NULL RETURNING id
[debug] [2026-04-17T20:27:00.542Z] [sqlite-worker] 
INSERT INTO mx_room_messages (
  id,
  roomID,
  eventID,
  senderContactID,
  timestamp,
  isEdited,
  lastEditionID,
  isDetached,
  lastEditionTimestamp,
  lastEditionOrder,
  isDeleted,
  isEncrypted,
  inReplyToID,
  isReplyThreadFallback,
  type,
  hsOrder,
  isSentByMe,
  replyCount,
  shouldNotify,
  shouldPreview,
  countsAsUnread,
  lastDeletionID,
  editedType,
  message,
  echo_echoID,
  seenByMeAt
) VALUES (?, ?, ?, ?, ?, ?, ?, ?, ?, ?, ?, ?, ?, ?, ?, ?, ?, ?, ?, ?, ?, ?, ?, ?, ?, ?)
ON CONFLICT(roomID, eventID) DO UPDATE SET
  senderContactID = excluded.senderContactID,
  timestamp = excluded.timestamp,
  isEdited = excluded.isEdited,
  lastEditionID = excluded.lastEditionID,
  isDetached = excluded.isDetached,
  lastEditionTimestamp = excluded.lastEditionTimestamp,
  lastEditionOrder = excluded.lastEditionOrder,
  isDeleted = excluded.isDeleted,
  isEncrypted = excluded.isEncrypted,
  inReplyToID = excluded.inReplyToID,
  isReplyThreadFallback = excluded.isReplyThreadFallback,
  type = excluded.type,
  hsOrder = excluded.hsOrder,
  isSentByMe = excluded.isSentByMe,
  replyCount = excluded.replyCount,
  shouldNotify = excluded.shouldNotify,
  shouldPreview = excluded.shouldPreview,
  countsAsUnread = excluded.countsAsUnread,
  lastDeletionID = excluded.lastDeletionID,
  editedType = excluded.editedType,
  message = excluded.message,
  echo_echoID = excluded.echo_echoID,
  seenByMeAt = excluded.seenByMeAt,
  sendStatus = NULL RETURNING id
[debug] [2026-04-17T20:27:00.545Z] [sqlite-worker] 
INSERT INTO mx_room_messages (
  id,
  roomID,
  eventID,
  senderContactID,
  timestamp,
  isEdited,
  lastEditionID,
  isDetached,
  lastEditionTimestamp,
  lastEditionOrder,
  isDeleted,
  isEncrypted,
  inReplyToID,
  isReplyThreadFallback,
  type,
  hsOrder,
  isSentByMe,
  replyCount,
  shouldNotify,
  shouldPreview,
  countsAsUnread,
  lastDeletionID,
  editedType,
  message,
  echo_echoID,
  seenByMeAt
) VALUES (?, ?, ?, ?, ?, ?, ?, ?, ?, ?, ?, ?, ?, ?, ?, ?, ?, ?, ?, ?, ?, ?, ?, ?, ?, ?)
ON CONFLICT(roomID, eventID) DO UPDATE SET
  senderContactID = excluded.senderContactID,
  timestamp = excluded.timestamp,
  isEdited = excluded.isEdited,
  lastEditionID = excluded.lastEditionID,
  isDetached = excluded.isDetached,
  lastEditionTimestamp = excluded.lastEditionTimestamp,
  lastEditionOrder = excluded.lastEditionOrder,
  isDeleted = excluded.isDeleted,
  isEncrypted = excluded.isEncrypted,
  inReplyToID = excluded.inReplyToID,
  isReplyThreadFallback = excluded.isReplyThreadFallback,
  type = excluded.type,
  hsOrder = excluded.hsOrder,
  isSentByMe = excluded.isSentByMe,
  replyCount = excluded.replyCount,
  shouldNotify = excluded.shouldNotify,
  shouldPreview = excluded.shouldPreview,
  countsAsUnread = excluded.countsAsUnread,
  lastDeletionID = excluded.lastDeletionID,
  editedType = excluded.editedType,
  message = excluded.message,
  echo_echoID = excluded.echo_echoID,
  seenByMeAt = excluded.seenByMeAt,
  sendStatus = NULL RETURNING id
[debug] [2026-04-17T20:27:00.548Z] [sqlite-worker] 
INSERT INTO mx_room_messages (
  id,
  roomID,
  eventID,
  senderContactID,
  timestamp,
  isEdited,
  lastEditionID,
  isDetached,
  lastEditionTimestamp,
  lastEditionOrder,
  isDeleted,
  isEncrypted,
  inReplyToID,
  isReplyThreadFallback,
  type,
  hsOrder,
  isSentByMe,
  replyCount,
  shouldNotify,
  shouldPreview,
  countsAsUnread,
  lastDeletionID,
  editedType,
  message,
  echo_echoID,
  seenByMeAt
) VALUES (?, ?, ?, ?, ?, ?, ?, ?, ?, ?, ?, ?, ?, ?, ?, ?, ?, ?, ?, ?, ?, ?, ?, ?, ?, ?)
ON CONFLICT(roomID, eventID) DO UPDATE SET
  senderContactID = excluded.senderContactID,
  timestamp = excluded.timestamp,
  isEdited = excluded.isEdited,
  lastEditionID = excluded.lastEditionID,
  isDetached = excluded.isDetached,
  lastEditionTimestamp = excluded.lastEditionTimestamp,
  lastEditionOrder = excluded.lastEditionOrder,
  isDeleted = excluded.isDeleted,
  isEncrypted = excluded.isEncrypted,
  inReplyToID = excluded.inReplyToID,
  isReplyThreadFallback = excluded.isReplyThreadFallback,
  type = excluded.type,
  hsOrder = excluded.hsOrder,
  isSentByMe = excluded.isSentByMe,
  replyCount = excluded.replyCount,
  shouldNotify = excluded.shouldNotify,
  shouldPreview = excluded.shouldPreview,
  countsAsUnread = excluded.countsAsUnread,
  lastDeletionID = excluded.lastDeletionID,
  editedType = excluded.editedType,
  message = excluded.message,
  echo_echoID = excluded.echo_echoID,
  seenByMeAt = excluded.seenByMeAt,
  sendStatus = NULL RETURNING id
[debug] [2026-04-17T20:27:00.550Z] [sqlite-worker] 
INSERT INTO mx_room_messages (
  id,
  roomID,
  eventID,
  senderContactID,
  timestamp,
  isEdited,
  lastEditionID,
  isDetached,
  lastEditionTimestamp,
  lastEditionOrder,
  isDeleted,
  isEncrypted,
  inReplyToID,
  isReplyThreadFallback,
  type,
  hsOrder,
  isSentByMe,
  replyCount,
  shouldNotify,
  shouldPreview,
  countsAsUnread,
  lastDeletionID,
  editedType,
  message,
  echo_echoID,
  seenByMeAt
) VALUES (?, ?, ?, ?, ?, ?, ?, ?, ?, ?, ?, ?, ?, ?, ?, ?, ?, ?, ?, ?, ?, ?, ?, ?, ?, ?)
ON CONFLICT(roomID, eventID) DO UPDATE SET
  senderContactID = excluded.senderContactID,
  timestamp = excluded.timestamp,
  isEdited = excluded.isEdited,
  lastEditionID = excluded.lastEditionID,
  isDetached = excluded.isDetached,
  lastEditionTimestamp = excluded.lastEditionTimestamp,
  lastEditionOrder = excluded.lastEditionOrder,
  isDeleted = excluded.isDeleted,
  isEncrypted = excluded.isEncrypted,
  inReplyToID = excluded.inReplyToID,
  isReplyThreadFallback = excluded.isReplyThreadFallback,
  type = excluded.type,
  hsOrder = excluded.hsOrder,
  isSentByMe = excluded.isSentByMe,
  replyCount = excluded.replyCount,
  shouldNotify = excluded.shouldNotify,
  shouldPreview = excluded.shouldPreview,
  countsAsUnread = excluded.countsAsUnread,
  lastDeletionID = excluded.lastDeletionID,
  editedType = excluded.editedType,
  message = excluded.message,
  echo_echoID = excluded.echo_echoID,
  seenByMeAt = excluded.seenByMeAt,
  sendStatus = NULL RETURNING id
[debug] [2026-04-17T20:27:00.551Z] [sqlite-worker] 
INSERT INTO mx_room_messages (
  id,
  roomID,
  eventID,
  senderContactID,
  timestamp,
  isEdited,
  lastEditionID,
  isDetached,
  lastEditionTimestamp,
  lastEditionOrder,
  isDeleted,
  isEncrypted,
  inReplyToID,
  isReplyThreadFallback,
  type,
  hsOrder,
  isSentByMe,
  replyCount,
  shouldNotify,
  shouldPreview,
  countsAsUnread,
  lastDeletionID,
  editedType,
  message,
  echo_echoID,
  seenByMeAt
) VALUES (?, ?, ?, ?, ?, ?, ?, ?, ?, ?, ?, ?, ?, ?, ?, ?, ?, ?, ?, ?, ?, ?, ?, ?, ?, ?)
ON CONFLICT(roomID, eventID) DO UPDATE SET
  senderContactID = excluded.senderContactID,
  timestamp = excluded.timestamp,
  isEdited = excluded.isEdited,
  lastEditionID = excluded.lastEditionID,
  isDetached = excluded.isDetached,
  lastEditionTimestamp = excluded.lastEditionTimestamp,
  lastEditionOrder = excluded.lastEditionOrder,
  isDeleted = excluded.isDeleted,
  isEncrypted = excluded.isEncrypted,
  inReplyToID = excluded.inReplyToID,
  isReplyThreadFallback = excluded.isReplyThreadFallback,
  type = excluded.type,
  hsOrder = excluded.hsOrder,
  isSentByMe = excluded.isSentByMe,
  replyCount = excluded.replyCount,
  shouldNotify = excluded.shouldNotify,
  shouldPreview = excluded.shouldPreview,
  countsAsUnread = excluded.countsAsUnread,
  lastDeletionID = excluded.lastDeletionID,
  editedType = excluded.editedType,
  message = excluded.message,
  echo_echoID = excluded.echo_echoID,
  seenByMeAt = excluded.seenByMeAt,
  sendStatus = NULL RETURNING id
[debug] [2026-04-17T20:27:00.555Z] [sqlite-worker] 
INSERT INTO mx_room_messages (
  id,
  roomID,
  eventID,
  senderContactID,
  timestamp,
  isEdited,
  lastEditionID,
  isDetached,
  lastEditionTimestamp,
  lastEditionOrder,
  isDeleted,
  isEncrypted,
  inReplyToID,
  isReplyThreadFallback,
  type,
  hsOrder,
  isSentByMe,
  replyCount,
  shouldNotify,
  shouldPreview,
  countsAsUnread,
  lastDeletionID,
  editedType,
  message,
  echo_echoID,
  seenByMeAt
) VALUES (?, ?, ?, ?, ?, ?, ?, ?, ?, ?, ?, ?, ?, ?, ?, ?, ?, ?, ?, ?, ?, ?, ?, ?, ?, ?)
ON CONFLICT(roomID, eventID) DO UPDATE SET
  senderContactID = excluded.senderContactID,
  timestamp = excluded.timestamp,
  isEdited = excluded.isEdited,
  lastEditionID = excluded.lastEditionID,
  isDetached = excluded.isDetached,
  lastEditionTimestamp = excluded.lastEditionTimestamp,
  lastEditionOrder = excluded.lastEditionOrder,
  isDeleted = excluded.isDeleted,
  isEncrypted = excluded.isEncrypted,
  inReplyToID = excluded.inReplyToID,
  isReplyThreadFallback = excluded.isReplyThreadFallback,
  type = excluded.type,
  hsOrder = excluded.hsOrder,
  isSentByMe = excluded.isSentByMe,
  replyCount = excluded.replyCount,
  shouldNotify = excluded.shouldNotify,
  shouldPreview = excluded.shouldPreview,
  countsAsUnread = excluded.countsAsUnread,
  lastDeletionID = excluded.lastDeletionID,
  editedType = excluded.editedType,
  message = excluded.message,
  echo_echoID = excluded.echo_echoID,
  seenByMeAt = excluded.seenByMeAt,
  sendStatus = NULL RETURNING id
[debug] [2026-04-17T20:27:00.557Z] [sqlite-worker] 
INSERT INTO mx_room_messages (
  id,
  roomID,
  eventID,
  senderContactID,
  timestamp,
  isEdited,
  lastEditionID,
  isDetached,
  lastEditionTimestamp,
  lastEditionOrder,
  isDeleted,
  isEncrypted,
  inReplyToID,
  isReplyThreadFallback,
  type,
  hsOrder,
  isSentByMe,
  replyCount,
  shouldNotify,
  shouldPreview,
  countsAsUnread,
  lastDeletionID,
  editedType,
  message,
  echo_echoID,
  seenByMeAt
) VALUES (?, ?, ?, ?, ?, ?, ?, ?, ?, ?, ?, ?, ?, ?, ?, ?, ?, ?, ?, ?, ?, ?, ?, ?, ?, ?)
ON CONFLICT(roomID, eventID) DO UPDATE SET
  senderContactID = excluded.senderContactID,
  timestamp = excluded.timestamp,
  isEdited = excluded.isEdited,
  lastEditionID = excluded.lastEditionID,
  isDetached = excluded.isDetached,
  lastEditionTimestamp = excluded.lastEditionTimestamp,
  lastEditionOrder = excluded.lastEditionOrder,
  isDeleted = excluded.isDeleted,
  isEncrypted = excluded.isEncrypted,
  inReplyToID = excluded.inReplyToID,
  isReplyThreadFallback = excluded.isReplyThreadFallback,
  type = excluded.type,
  hsOrder = excluded.hsOrder,
  isSentByMe = excluded.isSentByMe,
  replyCount = excluded.replyCount,
  shouldNotify = excluded.shouldNotify,
  shouldPreview = excluded.shouldPreview,
  countsAsUnread = excluded.countsAsUnread,
  lastDeletionID = excluded.lastDeletionID,
  editedType = excluded.editedType,
  message = excluded.message,
  echo_echoID = excluded.echo_echoID,
  seenByMeAt = excluded.seenByMeAt,
  sendStatus = NULL RETURNING id
[debug] [2026-04-17T20:27:00.557Z] [sqlite-worker] 
INSERT INTO mx_room_messages (
  id,
  roomID,
  eventID,
  senderContactID,
  timestamp,
  isEdited,
  lastEditionID,
  isDetached,
  lastEditionTimestamp,
  lastEditionOrder,
  isDeleted,
  isEncrypted,
  inReplyToID,
  isReplyThreadFallback,
  type,
  hsOrder,
  isSentByMe,
  replyCount,
  shouldNotify,
  shouldPreview,
  countsAsUnread,
  lastDeletionID,
  editedType,
  message,
  echo_echoID,
  seenByMeAt
) VALUES (?, ?, ?, ?, ?, ?, ?, ?, ?, ?, ?, ?, ?, ?, ?, ?, ?, ?, ?, ?, ?, ?, ?, ?, ?, ?)
ON CONFLICT(roomID, eventID) DO UPDATE SET
  senderContactID = excluded.senderContactID,
  timestamp = excluded.timestamp,
  isEdited = excluded.isEdited,
  lastEditionID = excluded.lastEditionID,
  isDetached = excluded.isDetached,
  lastEditionTimestamp = excluded.lastEditionTimestamp,
  lastEditionOrder = excluded.lastEditionOrder,
  isDeleted = excluded.isDeleted,
  isEncrypted = excluded.isEncrypted,
  inReplyToID = excluded.inReplyToID,
  isReplyThreadFallback = excluded.isReplyThreadFallback,
  type = excluded.type,
  hsOrder = excluded.hsOrder,
  isSentByMe = excluded.isSentByMe,
  replyCount = excluded.replyCount,
  shouldNotify = excluded.shouldNotify,
  shouldPreview = excluded.shouldPreview,
  countsAsUnread = excluded.countsAsUnread,
  lastDeletionID = excluded.lastDeletionID,
  editedType = excluded.editedType,
  message = excluded.message,
  echo_echoID = excluded.echo_echoID,
  seenByMeAt = excluded.seenByMeAt,
  sendStatus = NULL RETURNING id
[debug] [2026-04-17T20:27:00.558Z] [sqlite-worker] 
INSERT INTO mx_room_messages (
  id,
  roomID,
  eventID,
  senderContactID,
  timestamp,
  isEdited,
  lastEditionID,
  isDetached,
  lastEditionTimestamp,
  lastEditionOrder,
  isDeleted,
  isEncrypted,
  inReplyToID,
  isReplyThreadFallback,
  type,
  hsOrder,
  isSentByMe,
  replyCount,
  shouldNotify,
  shouldPreview,
  countsAsUnread,
  lastDeletionID,
  editedType,
  message,
  echo_echoID,
  seenByMeAt
) VALUES (?, ?, ?, ?, ?, ?, ?, ?, ?, ?, ?, ?, ?, ?, ?, ?, ?, ?, ?, ?, ?, ?, ?, ?, ?, ?)
ON CONFLICT(roomID, eventID) DO UPDATE SET
  senderContactID = excluded.senderContactID,
  timestamp = excluded.timestamp,
  isEdited = excluded.isEdited,
  lastEditionID = excluded.lastEditionID,
  isDetached = excluded.isDetached,
  lastEditionTimestamp = excluded.lastEditionTimestamp,
  lastEditionOrder = excluded.lastEditionOrder,
  isDeleted = excluded.isDeleted,
  isEncrypted = excluded.isEncrypted,
  inReplyToID = excluded.inReplyToID,
  isReplyThreadFallback = excluded.isReplyThreadFallback,
  type = excluded.type,
  hsOrder = excluded.hsOrder,
  isSentByMe = excluded.isSentByMe,
  replyCount = excluded.replyCount,
  shouldNotify = excluded.shouldNotify,
  shouldPreview = excluded.shouldPreview,
  countsAsUnread = excluded.countsAsUnread,
  lastDeletionID = excluded.lastDeletionID,
  editedType = excluded.editedType,
  message = excluded.message,
  echo_echoID = excluded.echo_echoID,
  seenByMeAt = excluded.seenByMeAt,
  sendStatus = NULL RETURNING id
[debug] [2026-04-17T20:27:00.568Z] [sqlite-worker] 
INSERT INTO mx_room_messages (
  id,
  roomID,
  eventID,
  senderContactID,
  timestamp,
  isEdited,
  lastEditionID,
  isDetached,
  lastEditionTimestamp,
  lastEditionOrder,
  isDeleted,
  isEncrypted,
  inReplyToID,
  isReplyThreadFallback,
  type,
  hsOrder,
  isSentByMe,
  replyCount,
  shouldNotify,
  shouldPreview,
  countsAsUnread,
  lastDeletionID,
  editedType,
  message,
  echo_echoID,
  seenByMeAt
) VALUES (?, ?, ?, ?, ?, ?, ?, ?, ?, ?, ?, ?, ?, ?, ?, ?, ?, ?, ?, ?, ?, ?, ?, ?, ?, ?)
ON CONFLICT(roomID, eventID) DO UPDATE SET
  senderContactID = excluded.senderContactID,
  timestamp = excluded.timestamp,
  isEdited = excluded.isEdited,
  lastEditionID = excluded.lastEditionID,
  isDetached = excluded.isDetached,
  lastEditionTimestamp = excluded.lastEditionTimestamp,
  lastEditionOrder = excluded.lastEditionOrder,
  isDeleted = excluded.isDeleted,
  isEncrypted = excluded.isEncrypted,
  inReplyToID = excluded.inReplyToID,
  isReplyThreadFallback = excluded.isReplyThreadFallback,
  type = excluded.type,
  hsOrder = excluded.hsOrder,
  isSentByMe = excluded.isSentByMe,
  replyCount = excluded.replyCount,
  shouldNotify = excluded.shouldNotify,
  shouldPreview = excluded.shouldPreview,
  countsAsUnread = excluded.countsAsUnread,
  lastDeletionID = excluded.lastDeletionID,
  editedType = excluded.editedType,
  message = excluded.message,
  echo_echoID = excluded.echo_echoID,
  seenByMeAt = excluded.seenByMeAt,
  sendStatus = NULL RETURNING id
[debug] [2026-04-17T20:27:00.571Z] [sqlite-worker] 
INSERT INTO mx_room_messages (
  id,
  roomID,
  eventID,
  senderContactID,
  timestamp,
  isEdited,
  lastEditionID,
  isDetached,
  lastEditionTimestamp,
  lastEditionOrder,
  isDeleted,
  isEncrypted,
  inReplyToID,
  isReplyThreadFallback,
  type,
  hsOrder,
  isSentByMe,
  replyCount,
  shouldNotify,
  shouldPreview,
  countsAsUnread,
  lastDeletionID,
  editedType,
  message,
  echo_echoID,
  seenByMeAt
) VALUES (?, ?, ?, ?, ?, ?, ?, ?, ?, ?, ?, ?, ?, ?, ?, ?, ?, ?, ?, ?, ?, ?, ?, ?, ?, ?)
ON CONFLICT(roomID, eventID) DO UPDATE SET
  senderContactID = excluded.senderContactID,
  timestamp = excluded.timestamp,
  isEdited = excluded.isEdited,
  lastEditionID = excluded.lastEditionID,
  isDetached = excluded.isDetached,
  lastEditionTimestamp = excluded.lastEditionTimestamp,
  lastEditionOrder = excluded.lastEditionOrder,
  isDeleted = excluded.isDeleted,
  isEncrypted = excluded.isEncrypted,
  inReplyToID = excluded.inReplyToID,
  isReplyThreadFallback = excluded.isReplyThreadFallback,
  type = excluded.type,
  hsOrder = excluded.hsOrder,
  isSentByMe = excluded.isSentByMe,
  replyCount = excluded.replyCount,
  shouldNotify = excluded.shouldNotify,
  shouldPreview = excluded.shouldPreview,
  countsAsUnread = excluded.countsAsUnread,
  lastDeletionID = excluded.lastDeletionID,
  editedType = excluded.editedType,
  message = excluded.message,
  echo_echoID = excluded.echo_echoID,
  seenByMeAt = excluded.seenByMeAt,
  sendStatus = NULL RETURNING id
[debug] [2026-04-17T20:27:00.574Z] [sqlite-worker] 
INSERT INTO mx_room_messages (
  id,
  roomID,
  eventID,
  senderContactID,
  timestamp,
  isEdited,
  lastEditionID,
  isDetached,
  lastEditionTimestamp,
  lastEditionOrder,
  isDeleted,
  isEncrypted,
  inReplyToID,
  isReplyThreadFallback,
  type,
  hsOrder,
  isSentByMe,
  replyCount,
  shouldNotify,
  shouldPreview,
  countsAsUnread,
  lastDeletionID,
  editedType,
  message,
  echo_echoID,
  seenByMeAt
) VALUES (?, ?, ?, ?, ?, ?, ?, ?, ?, ?, ?, ?, ?, ?, ?, ?, ?, ?, ?, ?, ?, ?, ?, ?, ?, ?)
ON CONFLICT(roomID, eventID) DO UPDATE SET
  senderContactID = excluded.senderContactID,
  timestamp = excluded.timestamp,
  isEdited = excluded.isEdited,
  lastEditionID = excluded.lastEditionID,
  isDetached = excluded.isDetached,
  lastEditionTimestamp = excluded.lastEditionTimestamp,
  lastEditionOrder = excluded.lastEditionOrder,
  isDeleted = excluded.isDeleted,
  isEncrypted = excluded.isEncrypted,
  inReplyToID = excluded.inReplyToID,
  isReplyThreadFallback = excluded.isReplyThreadFallback,
  type = excluded.type,
  hsOrder = excluded.hsOrder,
  isSentByMe = excluded.isSentByMe,
  replyCount = excluded.replyCount,
  shouldNotify = excluded.shouldNotify,
  shouldPreview = excluded.shouldPreview,
  countsAsUnread = excluded.countsAsUnread,
  lastDeletionID = excluded.lastDeletionID,
  editedType = excluded.editedType,
  message = excluded.message,
  echo_echoID = excluded.echo_echoID,
  seenByMeAt = excluded.seenByMeAt,
  sendStatus = NULL RETURNING id
[debug] [2026-04-17T20:27:00.577Z] [sqlite-worker] 
INSERT INTO mx_room_messages (
  id,
  roomID,
  eventID,
  senderContactID,
  timestamp,
  isEdited,
  lastEditionID,
  isDetached,
  lastEditionTimestamp,
  lastEditionOrder,
  isDeleted,
  isEncrypted,
  inReplyToID,
  isReplyThreadFallback,
  type,
  hsOrder,
  isSentByMe,
  replyCount,
  shouldNotify,
  shouldPreview,
  countsAsUnread,
  lastDeletionID,
  editedType,
  message,
  echo_echoID,
  seenByMeAt
) VALUES (?, ?, ?, ?, ?, ?, ?, ?, ?, ?, ?, ?, ?, ?, ?, ?, ?, ?, ?, ?, ?, ?, ?, ?, ?, ?)
ON CONFLICT(roomID, eventID) DO UPDATE SET
  senderContactID = excluded.senderContactID,
  timestamp = excluded.timestamp,
  isEdited = excluded.isEdited,
  lastEditionID = excluded.lastEditionID,
  isDetached = excluded.isDetached,
  lastEditionTimestamp = excluded.lastEditionTimestamp,
  lastEditionOrder = excluded.lastEditionOrder,
  isDeleted = excluded.isDeleted,
  isEncrypted = excluded.isEncrypted,
  inReplyToID = excluded.inReplyToID,
  isReplyThreadFallback = excluded.isReplyThreadFallback,
  type = excluded.type,
  hsOrder = excluded.hsOrder,
  isSentByMe = excluded.isSentByMe,
  replyCount = excluded.replyCount,
  shouldNotify = excluded.shouldNotify,
  shouldPreview = excluded.shouldPreview,
  countsAsUnread = excluded.countsAsUnread,
  lastDeletionID = excluded.lastDeletionID,
  editedType = excluded.editedType,
  message = excluded.message,
  echo_echoID = excluded.echo_echoID,
  seenByMeAt = excluded.seenByMeAt,
  sendStatus = NULL RETURNING id
[debug] [2026-04-17T20:27:00.582Z] [sqlite-worker] 
INSERT INTO mx_room_messages (
  id,
  roomID,
  eventID,
  senderContactID,
  timestamp,
  isEdited,
  lastEditionID,
  isDetached,
  lastEditionTimestamp,
  lastEditionOrder,
  isDeleted,
  isEncrypted,
  inReplyToID,
  isReplyThreadFallback,
  type,
  hsOrder,
  isSentByMe,
  replyCount,
  shouldNotify,
  shouldPreview,
  countsAsUnread,
  lastDeletionID,
  editedType,
  message,
  echo_echoID,
  seenByMeAt
) VALUES (?, ?, ?, ?, ?, ?, ?, ?, ?, ?, ?, ?, ?, ?, ?, ?, ?, ?, ?, ?, ?, ?, ?, ?, ?, ?)
ON CONFLICT(roomID, eventID) DO UPDATE SET
  senderContactID = excluded.senderContactID,
  timestamp = excluded.timestamp,
  isEdited = excluded.isEdited,
  lastEditionID = excluded.lastEditionID,
  isDetached = excluded.isDetached,
  lastEditionTimestamp = excluded.lastEditionTimestamp,
  lastEditionOrder = excluded.lastEditionOrder,
  isDeleted = excluded.isDeleted,
  isEncrypted = excluded.isEncrypted,
  inReplyToID = excluded.inReplyToID,
  isReplyThreadFallback = excluded.isReplyThreadFallback,
  type = excluded.type,
  hsOrder = excluded.hsOrder,
  isSentByMe = excluded.isSentByMe,
  replyCount = excluded.replyCount,
  shouldNotify = excluded.shouldNotify,
  shouldPreview = excluded.shouldPreview,
  countsAsUnread = excluded.countsAsUnread,
  lastDeletionID = excluded.lastDeletionID,
  editedType = excluded.editedType,
  message = excluded.message,
  echo_echoID = excluded.echo_echoID,
  seenByMeAt = excluded.seenByMeAt,
  sendStatus = NULL RETURNING id
[debug] [2026-04-17T20:27:00.585Z] [sqlite-worker] 
INSERT INTO mx_room_messages (
  id,
  roomID,
  eventID,
  senderContactID,
  timestamp,
  isEdited,
  lastEditionID,
  isDetached,
  lastEditionTimestamp,
  lastEditionOrder,
  isDeleted,
  isEncrypted,
  inReplyToID,
  isReplyThreadFallback,
  type,
  hsOrder,
  isSentByMe,
  replyCount,
  shouldNotify,
  shouldPreview,
  countsAsUnread,
  lastDeletionID,
  editedType,
  message,
  echo_echoID,
  seenByMeAt
) VALUES (?, ?, ?, ?, ?, ?, ?, ?, ?, ?, ?, ?, ?, ?, ?, ?, ?, ?, ?, ?, ?, ?, ?, ?, ?, ?)
ON CONFLICT(roomID, eventID) DO UPDATE SET
  senderContactID = excluded.senderContactID,
  timestamp = excluded.timestamp,
  isEdited = excluded.isEdited,
  lastEditionID = excluded.lastEditionID,
  isDetached = excluded.isDetached,
  lastEditionTimestamp = excluded.lastEditionTimestamp,
  lastEditionOrder = excluded.lastEditionOrder,
  isDeleted = excluded.isDeleted,
  isEncrypted = excluded.isEncrypted,
  inReplyToID = excluded.inReplyToID,
  isReplyThreadFallback = excluded.isReplyThreadFallback,
  type = excluded.type,
  hsOrder = excluded.hsOrder,
  isSentByMe = excluded.isSentByMe,
  replyCount = excluded.replyCount,
  shouldNotify = excluded.shouldNotify,
  shouldPreview = excluded.shouldPreview,
  countsAsUnread = excluded.countsAsUnread,
  lastDeletionID = excluded.lastDeletionID,
  editedType = excluded.editedType,
  message = excluded.message,
  echo_echoID = excluded.echo_echoID,
  seenByMeAt = excluded.seenByMeAt,
  sendStatus = NULL RETURNING id
[debug] [2026-04-17T20:27:00.589Z] [sqlite-worker] 
INSERT INTO mx_room_messages (
  id,
  roomID,
  eventID,
  senderContactID,
  timestamp,
  isEdited,
  lastEditionID,
  isDetached,
  lastEditionTimestamp,
  lastEditionOrder,
  isDeleted,
  isEncrypted,
  inReplyToID,
  isReplyThreadFallback,
  type,
  hsOrder,
  isSentByMe,
  replyCount,
  shouldNotify,
  shouldPreview,
  countsAsUnread,
  lastDeletionID,
  editedType,
  message,
  echo_echoID,
  seenByMeAt
) VALUES (?, ?, ?, ?, ?, ?, ?, ?, ?, ?, ?, ?, ?, ?, ?, ?, ?, ?, ?, ?, ?, ?, ?, ?, ?, ?)
ON CONFLICT(roomID, eventID) DO UPDATE SET
  senderContactID = excluded.senderContactID,
  timestamp = excluded.timestamp,
  isEdited = excluded.isEdited,
  lastEditionID = excluded.lastEditionID,
  isDetached = excluded.isDetached,
  lastEditionTimestamp = excluded.lastEditionTimestamp,
  lastEditionOrder = excluded.lastEditionOrder,
  isDeleted = excluded.isDeleted,
  isEncrypted = excluded.isEncrypted,
  inReplyToID = excluded.inReplyToID,
  isReplyThreadFallback = excluded.isReplyThreadFallback,
  type = excluded.type,
  hsOrder = excluded.hsOrder,
  isSentByMe = excluded.isSentByMe,
  replyCount = excluded.replyCount,
  shouldNotify = excluded.shouldNotify,
  shouldPreview = excluded.shouldPreview,
  countsAsUnread = excluded.countsAsUnread,
  lastDeletionID = excluded.lastDeletionID,
  editedType = excluded.editedType,
  message = excluded.message,
  echo_echoID = excluded.echo_echoID,
  seenByMeAt = excluded.seenByMeAt,
  sendStatus = NULL RETURNING id
[debug] [2026-04-17T20:27:00.591Z] [sqlite-worker] 
INSERT INTO mx_room_messages (
  id,
  roomID,
  eventID,
  senderContactID,
  timestamp,
  isEdited,
  lastEditionID,
  isDetached,
  lastEditionTimestamp,
  lastEditionOrder,
  isDeleted,
  isEncrypted,
  inReplyToID,
  isReplyThreadFallback,
  type,
  hsOrder,
  isSentByMe,
  replyCount,
  shouldNotify,
  shouldPreview,
  countsAsUnread,
  lastDeletionID,
  editedType,
  message,
  echo_echoID,
  seenByMeAt
) VALUES (?, ?, ?, ?, ?, ?, ?, ?, ?, ?, ?, ?, ?, ?, ?, ?, ?, ?, ?, ?, ?, ?, ?, ?, ?, ?)
ON CONFLICT(roomID, eventID) DO UPDATE SET
  senderContactID = excluded.senderContactID,
  timestamp = excluded.timestamp,
  isEdited = excluded.isEdited,
  lastEditionID = excluded.lastEditionID,
  isDetached = excluded.isDetached,
  lastEditionTimestamp = excluded.lastEditionTimestamp,
  lastEditionOrder = excluded.lastEditionOrder,
  isDeleted = excluded.isDeleted,
  isEncrypted = excluded.isEncrypted,
  inReplyToID = excluded.inReplyToID,
  isReplyThreadFallback = excluded.isReplyThreadFallback,
  type = excluded.type,
  hsOrder = excluded.hsOrder,
  isSentByMe = excluded.isSentByMe,
  replyCount = excluded.replyCount,
  shouldNotify = excluded.shouldNotify,
  shouldPreview = excluded.shouldPreview,
  countsAsUnread = excluded.countsAsUnread,
  lastDeletionID = excluded.lastDeletionID,
  editedType = excluded.editedType,
  message = excluded.message,
  echo_echoID = excluded.echo_echoID,
  seenByMeAt = excluded.seenByMeAt,
  sendStatus = NULL RETURNING id
[debug] [2026-04-17T20:27:00.592Z] [sqlite-worker] 
INSERT INTO mx_room_messages (
  id,
  roomID,
  eventID,
  senderContactID,
  timestamp,
  isEdited,
  lastEditionID,
  isDetached,
  lastEditionTimestamp,
  lastEditionOrder,
  isDeleted,
  isEncrypted,
  inReplyToID,
  isReplyThreadFallback,
  type,
  hsOrder,
  isSentByMe,
  replyCount,
  shouldNotify,
  shouldPreview,
  countsAsUnread,
  lastDeletionID,
  editedType,
  message,
  echo_echoID,
  seenByMeAt
) VALUES (?, ?, ?, ?, ?, ?, ?, ?, ?, ?, ?, ?, ?, ?, ?, ?, ?, ?, ?, ?, ?, ?, ?, ?, ?, ?)
ON CONFLICT(roomID, eventID) DO UPDATE SET
  senderContactID = excluded.senderContactID,
  timestamp = excluded.timestamp,
  isEdited = excluded.isEdited,
  lastEditionID = excluded.lastEditionID,
  isDetached = excluded.isDetached,
  lastEditionTimestamp = excluded.lastEditionTimestamp,
  lastEditionOrder = excluded.lastEditionOrder,
  isDeleted = excluded.isDeleted,
  isEncrypted = excluded.isEncrypted,
  inReplyToID = excluded.inReplyToID,
  isReplyThreadFallback = excluded.isReplyThreadFallback,
  type = excluded.type,
  hsOrder = excluded.hsOrder,
  isSentByMe = excluded.isSentByMe,
  replyCount = excluded.replyCount,
  shouldNotify = excluded.shouldNotify,
  shouldPreview = excluded.shouldPreview,
  countsAsUnread = excluded.countsAsUnread,
  lastDeletionID = excluded.lastDeletionID,
  editedType = excluded.editedType,
  message = excluded.message,
  echo_echoID = excluded.echo_echoID,
  seenByMeAt = excluded.seenByMeAt,
  sendStatus = NULL RETURNING id
[debug] [2026-04-17T20:27:00.594Z] [sqlite-worker] 
INSERT INTO mx_room_messages (
  id,
  roomID,
  eventID,
  senderContactID,
  timestamp,
  isEdited,
  lastEditionID,
  isDetached,
  lastEditionTimestamp,
  lastEditionOrder,
  isDeleted,
  isEncrypted,
  inReplyToID,
  isReplyThreadFallback,
  type,
  hsOrder,
  isSentByMe,
  replyCount,
  shouldNotify,
  shouldPreview,
  countsAsUnread,
  lastDeletionID,
  editedType,
  message,
  echo_echoID,
  seenByMeAt
) VALUES (?, ?, ?, ?, ?, ?, ?, ?, ?, ?, ?, ?, ?, ?, ?, ?, ?, ?, ?, ?, ?, ?, ?, ?, ?, ?)
ON CONFLICT(roomID, eventID) DO UPDATE SET
  senderContactID = excluded.senderContactID,
  timestamp = excluded.timestamp,
  isEdited = excluded.isEdited,
  lastEditionID = excluded.lastEditionID,
  isDetached = excluded.isDetached,
  lastEditionTimestamp = excluded.lastEditionTimestamp,
  lastEditionOrder = excluded.lastEditionOrder,
  isDeleted = excluded.isDeleted,
  isEncrypted = excluded.isEncrypted,
  inReplyToID = excluded.inReplyToID,
  isReplyThreadFallback = excluded.isReplyThreadFallback,
  type = excluded.type,
  hsOrder = excluded.hsOrder,
  isSentByMe = excluded.isSentByMe,
  replyCount = excluded.replyCount,
  shouldNotify = excluded.shouldNotify,
  shouldPreview = excluded.shouldPreview,
  countsAsUnread = excluded.countsAsUnread,
  lastDeletionID = excluded.lastDeletionID,
  editedType = excluded.editedType,
  message = excluded.message,
  echo_echoID = excluded.echo_echoID,
  seenByMeAt = excluded.seenByMeAt,
  sendStatus = NULL RETURNING id
[debug] [2026-04-17T20:27:00.596Z] [sqlite-worker] 
INSERT INTO mx_room_messages (
  id,
  roomID,
  eventID,
  senderContactID,
  timestamp,
  isEdited,
  lastEditionID,
  isDetached,
  lastEditionTimestamp,
  lastEditionOrder,
  isDeleted,
  isEncrypted,
  inReplyToID,
  isReplyThreadFallback,
  type,
  hsOrder,
  isSentByMe,
  replyCount,
  shouldNotify,
  shouldPreview,
  countsAsUnread,
  lastDeletionID,
  editedType,
  message,
  echo_echoID,
  seenByMeAt
) VALUES (?, ?, ?, ?, ?, ?, ?, ?, ?, ?, ?, ?, ?, ?, ?, ?, ?, ?, ?, ?, ?, ?, ?, ?, ?, ?)
ON CONFLICT(roomID, eventID) DO UPDATE SET
  senderContactID = excluded.senderContactID,
  timestamp = excluded.timestamp,
  isEdited = excluded.isEdited,
  lastEditionID = excluded.lastEditionID,
  isDetached = excluded.isDetached,
  lastEditionTimestamp = excluded.lastEditionTimestamp,
  lastEditionOrder = excluded.lastEditionOrder,
  isDeleted = excluded.isDeleted,
  isEncrypted = excluded.isEncrypted,
  inReplyToID = excluded.inReplyToID,
  isReplyThreadFallback = excluded.isReplyThreadFallback,
  type = excluded.type,
  hsOrder = excluded.hsOrder,
  isSentByMe = excluded.isSentByMe,
  replyCount = excluded.replyCount,
  shouldNotify = excluded.shouldNotify,
  shouldPreview = excluded.shouldPreview,
  countsAsUnread = excluded.countsAsUnread,
  lastDeletionID = excluded.lastDeletionID,
  editedType = excluded.editedType,
  message = excluded.message,
  echo_echoID = excluded.echo_echoID,
  seenByMeAt = excluded.seenByMeAt,
  sendStatus = NULL RETURNING id
[debug] [2026-04-17T20:27:00.599Z] [sqlite-worker] 
INSERT INTO mx_room_messages (
  id,
  roomID,
  eventID,
  senderContactID,
  timestamp,
  isEdited,
  lastEditionID,
  isDetached,
  lastEditionTimestamp,
  lastEditionOrder,
  isDeleted,
  isEncrypted,
  inReplyToID,
  isReplyThreadFallback,
  type,
  hsOrder,
  isSentByMe,
  replyCount,
  shouldNotify,
  shouldPreview,
  countsAsUnread,
  lastDeletionID,
  editedType,
  message,
  echo_echoID,
  seenByMeAt
) VALUES (?, ?, ?, ?, ?, ?, ?, ?, ?, ?, ?, ?, ?, ?, ?, ?, ?, ?, ?, ?, ?, ?, ?, ?, ?, ?)
ON CONFLICT(roomID, eventID) DO UPDATE SET
  senderContactID = excluded.senderContactID,
  timestamp = excluded.timestamp,
  isEdited = excluded.isEdited,
  lastEditionID = excluded.lastEditionID,
  isDetached = excluded.isDetached,
  lastEditionTimestamp = excluded.lastEditionTimestamp,
  lastEditionOrder = excluded.lastEditionOrder,
  isDeleted = excluded.isDeleted,
  isEncrypted = excluded.isEncrypted,
  inReplyToID = excluded.inReplyToID,
  isReplyThreadFallback = excluded.isReplyThreadFallback,
  type = excluded.type,
  hsOrder = excluded.hsOrder,
  isSentByMe = excluded.isSentByMe,
  replyCount = excluded.replyCount,
  shouldNotify = excluded.shouldNotify,
  shouldPreview = excluded.shouldPreview,
  countsAsUnread = excluded.countsAsUnread,
  lastDeletionID = excluded.lastDeletionID,
  editedType = excluded.editedType,
  message = excluded.message,
  echo_echoID = excluded.echo_echoID,
  seenByMeAt = excluded.seenByMeAt,
  sendStatus = NULL RETURNING id
[debug] [2026-04-17T20:27:00.602Z] [sqlite-worker] 
INSERT INTO mx_room_messages (
  id,
  roomID,
  eventID,
  senderContactID,
  timestamp,
  isEdited,
  lastEditionID,
  isDetached,
  lastEditionTimestamp,
  lastEditionOrder,
  isDeleted,
  isEncrypted,
  inReplyToID,
  isReplyThreadFallback,
  type,
  hsOrder,
  isSentByMe,
  replyCount,
  shouldNotify,
  shouldPreview,
  countsAsUnread,
  lastDeletionID,
  editedType,
  message,
  echo_echoID,
  seenByMeAt
) VALUES (?, ?, ?, ?, ?, ?, ?, ?, ?, ?, ?, ?, ?, ?, ?, ?, ?, ?, ?, ?, ?, ?, ?, ?, ?, ?)
ON CONFLICT(roomID, eventID) DO UPDATE SET
  senderContactID = excluded.senderContactID,
  timestamp = excluded.timestamp,
  isEdited = excluded.isEdited,
  lastEditionID = excluded.lastEditionID,
  isDetached = excluded.isDetached,
  lastEditionTimestamp = excluded.lastEditionTimestamp,
  lastEditionOrder = excluded.lastEditionOrder,
  isDeleted = excluded.isDeleted,
  isEncrypted = excluded.isEncrypted,
  inReplyToID = excluded.inReplyToID,
  isReplyThreadFallback = excluded.isReplyThreadFallback,
  type = excluded.type,
  hsOrder = excluded.hsOrder,
  isSentByMe = excluded.isSentByMe,
  replyCount = excluded.replyCount,
  shouldNotify = excluded.shouldNotify,
  shouldPreview = excluded.shouldPreview,
  countsAsUnread = excluded.countsAsUnread,
  lastDeletionID = excluded.lastDeletionID,
  editedType = excluded.editedType,
  message = excluded.message,
  echo_echoID = excluded.echo_echoID,
  seenByMeAt = excluded.seenByMeAt,
  sendStatus = NULL RETURNING id
[debug] [2026-04-17T20:27:00.603Z] [sqlite-worker] 
INSERT INTO mx_room_messages (
  id,
  roomID,
  eventID,
  senderContactID,
  timestamp,
  isEdited,
  lastEditionID,
  isDetached,
  lastEditionTimestamp,
  lastEditionOrder,
  isDeleted,
  isEncrypted,
  inReplyToID,
  isReplyThreadFallback,
  type,
  hsOrder,
  isSentByMe,
  replyCount,
  shouldNotify,
  shouldPreview,
  countsAsUnread,
  lastDeletionID,
  editedType,
  message,
  echo_echoID,
  seenByMeAt
) VALUES (?, ?, ?, ?, ?, ?, ?, ?, ?, ?, ?, ?, ?, ?, ?, ?, ?, ?, ?, ?, ?, ?, ?, ?, ?, ?)
ON CONFLICT(roomID, eventID) DO UPDATE SET
  senderContactID = excluded.senderContactID,
  timestamp = excluded.timestamp,
  isEdited = excluded.isEdited,
  lastEditionID = excluded.lastEditionID,
  isDetached = excluded.isDetached,
  lastEditionTimestamp = excluded.lastEditionTimestamp,
  lastEditionOrder = excluded.lastEditionOrder,
  isDeleted = excluded.isDeleted,
  isEncrypted = excluded.isEncrypted,
  inReplyToID = excluded.inReplyToID,
  isReplyThreadFallback = excluded.isReplyThreadFallback,
  type = excluded.type,
  hsOrder = excluded.hsOrder,
  isSentByMe = excluded.isSentByMe,
  replyCount = excluded.replyCount,
  shouldNotify = excluded.shouldNotify,
  shouldPreview = excluded.shouldPreview,
  countsAsUnread = excluded.countsAsUnread,
  lastDeletionID = excluded.lastDeletionID,
  editedType = excluded.editedType,
  message = excluded.message,
  echo_echoID = excluded.echo_echoID,
  seenByMeAt = excluded.seenByMeAt,
  sendStatus = NULL RETURNING id
[debug] [2026-04-17T20:27:00.604Z] [sqlite-worker] 
INSERT INTO mx_room_messages (
  id,
  roomID,
  eventID,
  senderContactID,
  timestamp,
  isEdited,
  lastEditionID,
  isDetached,
  lastEditionTimestamp,
  lastEditionOrder,
  isDeleted,
  isEncrypted,
  inReplyToID,
  isReplyThreadFallback,
  type,
  hsOrder,
  isSentByMe,
  replyCount,
  shouldNotify,
  shouldPreview,
  countsAsUnread,
  lastDeletionID,
  editedType,
  message,
  echo_echoID,
  seenByMeAt
) VALUES (?, ?, ?, ?, ?, ?, ?, ?, ?, ?, ?, ?, ?, ?, ?, ?, ?, ?, ?, ?, ?, ?, ?, ?, ?, ?)
ON CONFLICT(roomID, eventID) DO UPDATE SET
  senderContactID = excluded.senderContactID,
  timestamp = excluded.timestamp,
  isEdited = excluded.isEdited,
  lastEditionID = excluded.lastEditionID,
  isDetached = excluded.isDetached,
  lastEditionTimestamp = excluded.lastEditionTimestamp,
  lastEditionOrder = excluded.lastEditionOrder,
  isDeleted = excluded.isDeleted,
  isEncrypted = excluded.isEncrypted,
  inReplyToID = excluded.inReplyToID,
  isReplyThreadFallback = excluded.isReplyThreadFallback,
  type = excluded.type,
  hsOrder = excluded.hsOrder,
  isSentByMe = excluded.isSentByMe,
  replyCount = excluded.replyCount,
  shouldNotify = excluded.shouldNotify,
  shouldPreview = excluded.shouldPreview,
  countsAsUnread = excluded.countsAsUnread,
  lastDeletionID = excluded.lastDeletionID,
  editedType = excluded.editedType,
  message = excluded.message,
  echo_echoID = excluded.echo_echoID,
  seenByMeAt = excluded.seenByMeAt,
  sendStatus = NULL RETURNING id
[debug] [2026-04-17T20:27:00.605Z] [sqlite-worker] 
INSERT INTO mx_room_messages (
  id,
  roomID,
  eventID,
  senderContactID,
  timestamp,
  isEdited,
  lastEditionID,
  isDetached,
  lastEditionTimestamp,
  lastEditionOrder,
  isDeleted,
  isEncrypted,
  inReplyToID,
  isReplyThreadFallback,
  type,
  hsOrder,
  isSentByMe,
  replyCount,
  shouldNotify,
  shouldPreview,
  countsAsUnread,
  lastDeletionID,
  editedType,
  message,
  echo_echoID,
  seenByMeAt
) VALUES (?, ?, ?, ?, ?, ?, ?, ?, ?, ?, ?, ?, ?, ?, ?, ?, ?, ?, ?, ?, ?, ?, ?, ?, ?, ?)
ON CONFLICT(roomID, eventID) DO UPDATE SET
  senderContactID = excluded.senderContactID,
  timestamp = excluded.timestamp,
  isEdited = excluded.isEdited,
  lastEditionID = excluded.lastEditionID,
  isDetached = excluded.isDetached,
  lastEditionTimestamp = excluded.lastEditionTimestamp,
  lastEditionOrder = excluded.lastEditionOrder,
  isDeleted = excluded.isDeleted,
  isEncrypted = excluded.isEncrypted,
  inReplyToID = excluded.inReplyToID,
  isReplyThreadFallback = excluded.isReplyThreadFallback,
  type = excluded.type,
  hsOrder = excluded.hsOrder,
  isSentByMe = excluded.isSentByMe,
  replyCount = excluded.replyCount,
  shouldNotify = excluded.shouldNotify,
  shouldPreview = excluded.shouldPreview,
  countsAsUnread = excluded.countsAsUnread,
  lastDeletionID = excluded.lastDeletionID,
  editedType = excluded.editedType,
  message = excluded.message,
  echo_echoID = excluded.echo_echoID,
  seenByMeAt = excluded.seenByMeAt,
  sendStatus = NULL RETURNING id
[debug] [2026-04-17T20:27:00.607Z] [sqlite-worker] 
INSERT INTO mx_room_messages (
  id,
  roomID,
  eventID,
  senderContactID,
  timestamp,
  isEdited,
  lastEditionID,
  isDetached,
  lastEditionTimestamp,
  lastEditionOrder,
  isDeleted,
  isEncrypted,
  inReplyToID,
  isReplyThreadFallback,
  type,
  hsOrder,
  isSentByMe,
  replyCount,
  shouldNotify,
  shouldPreview,
  countsAsUnread,
  lastDeletionID,
  editedType,
  message,
  echo_echoID,
  seenByMeAt
) VALUES (?, ?, ?, ?, ?, ?, ?, ?, ?, ?, ?, ?, ?, ?, ?, ?, ?, ?, ?, ?, ?, ?, ?, ?, ?, ?)
ON CONFLICT(roomID, eventID) DO UPDATE SET
  senderContactID = excluded.senderContactID,
  timestamp = excluded.timestamp,
  isEdited = excluded.isEdited,
  lastEditionID = excluded.lastEditionID,
  isDetached = excluded.isDetached,
  lastEditionTimestamp = excluded.lastEditionTimestamp,
  lastEditionOrder = excluded.lastEditionOrder,
  isDeleted = excluded.isDeleted,
  isEncrypted = excluded.isEncrypted,
  inReplyToID = excluded.inReplyToID,
  isReplyThreadFallback = excluded.isReplyThreadFallback,
  type = excluded.type,
  hsOrder = excluded.hsOrder,
  isSentByMe = excluded.isSentByMe,
  replyCount = excluded.replyCount,
  shouldNotify = excluded.shouldNotify,
  shouldPreview = excluded.shouldPreview,
  countsAsUnread = excluded.countsAsUnread,
  lastDeletionID = excluded.lastDeletionID,
  editedType = excluded.editedType,
  message = excluded.message,
  echo_echoID = excluded.echo_echoID,
  seenByMeAt = excluded.seenByMeAt,
  sendStatus = NULL RETURNING id
[debug] [2026-04-17T20:27:00.609Z] [sqlite-worker] 
INSERT INTO mx_room_messages (
  id,
  roomID,
  eventID,
  senderContactID,
  timestamp,
  isEdited,
  lastEditionID,
  isDetached,
  lastEditionTimestamp,
  lastEditionOrder,
  isDeleted,
  isEncrypted,
  inReplyToID,
  isReplyThreadFallback,
  type,
  hsOrder,
  isSentByMe,
  replyCount,
  shouldNotify,
  shouldPreview,
  countsAsUnread,
  lastDeletionID,
  editedType,
  message,
  echo_echoID,
  seenByMeAt
) VALUES (?, ?, ?, ?, ?, ?, ?, ?, ?, ?, ?, ?, ?, ?, ?, ?, ?, ?, ?, ?, ?, ?, ?, ?, ?, ?)
ON CONFLICT(roomID, eventID) DO UPDATE SET
  senderContactID = excluded.senderContactID,
  timestamp = excluded.timestamp,
  isEdited = excluded.isEdited,
  lastEditionID = excluded.lastEditionID,
  isDetached = excluded.isDetached,
  lastEditionTimestamp = excluded.lastEditionTimestamp,
  lastEditionOrder = excluded.lastEditionOrder,
  isDeleted = excluded.isDeleted,
  isEncrypted = excluded.isEncrypted,
  inReplyToID = excluded.inReplyToID,
  isReplyThreadFallback = excluded.isReplyThreadFallback,
  type = excluded.type,
  hsOrder = excluded.hsOrder,
  isSentByMe = excluded.isSentByMe,
  replyCount = excluded.replyCount,
  shouldNotify = excluded.shouldNotify,
  shouldPreview = excluded.shouldPreview,
  countsAsUnread = excluded.countsAsUnread,
  lastDeletionID = excluded.lastDeletionID,
  editedType = excluded.editedType,
  message = excluded.message,
  echo_echoID = excluded.echo_echoID,
  seenByMeAt = excluded.seenByMeAt,
  sendStatus = NULL RETURNING id
[debug] [2026-04-17T20:27:00.613Z] [sqlite-worker] 
INSERT INTO mx_room_messages (
  id,
  roomID,
  eventID,
  senderContactID,
  timestamp,
  isEdited,
  lastEditionID,
  isDetached,
  lastEditionTimestamp,
  lastEditionOrder,
  isDeleted,
  isEncrypted,
  inReplyToID,
  isReplyThreadFallback,
  type,
  hsOrder,
  isSentByMe,
  replyCount,
  shouldNotify,
  shouldPreview,
  countsAsUnread,
  lastDeletionID,
  editedType,
  message,
  echo_echoID,
  seenByMeAt
) VALUES (?, ?, ?, ?, ?, ?, ?, ?, ?, ?, ?, ?, ?, ?, ?, ?, ?, ?, ?, ?, ?, ?, ?, ?, ?, ?)
ON CONFLICT(roomID, eventID) DO UPDATE SET
  senderContactID = excluded.senderContactID,
  timestamp = excluded.timestamp,
  isEdited = excluded.isEdited,
  lastEditionID = excluded.lastEditionID,
  isDetached = excluded.isDetached,
  lastEditionTimestamp = excluded.lastEditionTimestamp,
  lastEditionOrder = excluded.lastEditionOrder,
  isDeleted = excluded.isDeleted,
  isEncrypted = excluded.isEncrypted,
  inReplyToID = excluded.inReplyToID,
  isReplyThreadFallback = excluded.isReplyThreadFallback,
  type = excluded.type,
  hsOrder = excluded.hsOrder,
  isSentByMe = excluded.isSentByMe,
  replyCount = excluded.replyCount,
  shouldNotify = excluded.shouldNotify,
  shouldPreview = excluded.shouldPreview,
  countsAsUnread = excluded.countsAsUnread,
  lastDeletionID = excluded.lastDeletionID,
  editedType = excluded.editedType,
  message = excluded.message,
  echo_echoID = excluded.echo_echoID,
  seenByMeAt = excluded.seenByMeAt,
  sendStatus = NULL RETURNING id
[debug] [2026-04-17T20:27:00.618Z] [sqlite-worker] 
INSERT INTO mx_room_messages (
  id,
  roomID,
  eventID,
  senderContactID,
  timestamp,
  isEdited,
  lastEditionID,
  isDetached,
  lastEditionTimestamp,
  lastEditionOrder,
  isDeleted,
  isEncrypted,
  inReplyToID,
  isReplyThreadFallback,
  type,
  hsOrder,
  isSentByMe,
  replyCount,
  shouldNotify,
  shouldPreview,
  countsAsUnread,
  lastDeletionID,
  editedType,
  message,
  echo_echoID,
  seenByMeAt
) VALUES (?, ?, ?, ?, ?, ?, ?, ?, ?, ?, ?, ?, ?, ?, ?, ?, ?, ?, ?, ?, ?, ?, ?, ?, ?, ?)
ON CONFLICT(roomID, eventID) DO UPDATE SET
  senderContactID = excluded.senderContactID,
  timestamp = excluded.timestamp,
  isEdited = excluded.isEdited,
  lastEditionID = excluded.lastEditionID,
  isDetached = excluded.isDetached,
  lastEditionTimestamp = excluded.lastEditionTimestamp,
  lastEditionOrder = excluded.lastEditionOrder,
  isDeleted = excluded.isDeleted,
  isEncrypted = excluded.isEncrypted,
  inReplyToID = excluded.inReplyToID,
  isReplyThreadFallback = excluded.isReplyThreadFallback,
  type = excluded.type,
  hsOrder = excluded.hsOrder,
  isSentByMe = excluded.isSentByMe,
  replyCount = excluded.replyCount,
  shouldNotify = excluded.shouldNotify,
  shouldPreview = excluded.shouldPreview,
  countsAsUnread = excluded.countsAsUnread,
  lastDeletionID = excluded.lastDeletionID,
  editedType = excluded.editedType,
  message = excluded.message,
  echo_echoID = excluded.echo_echoID,
  seenByMeAt = excluded.seenByMeAt,
  sendStatus = NULL RETURNING id
[debug] [2026-04-17T20:27:00.621Z] [sqlite-worker] 
INSERT INTO mx_room_messages (
  id,
  roomID,
  eventID,
  senderContactID,
  timestamp,
  isEdited,
  lastEditionID,
  isDetached,
  lastEditionTimestamp,
  lastEditionOrder,
  isDeleted,
  isEncrypted,
  inReplyToID,
  isReplyThreadFallback,
  type,
  hsOrder,
  isSentByMe,
  replyCount,
  shouldNotify,
  shouldPreview,
  countsAsUnread,
  lastDeletionID,
  editedType,
  message,
  echo_echoID,
  seenByMeAt
) VALUES (?, ?, ?, ?, ?, ?, ?, ?, ?, ?, ?, ?, ?, ?, ?, ?, ?, ?, ?, ?, ?, ?, ?, ?, ?, ?)
ON CONFLICT(roomID, eventID) DO UPDATE SET
  senderContactID = excluded.senderContactID,
  timestamp = excluded.timestamp,
  isEdited = excluded.isEdited,
  lastEditionID = excluded.lastEditionID,
  isDetached = excluded.isDetached,
  lastEditionTimestamp = excluded.lastEditionTimestamp,
  lastEditionOrder = excluded.lastEditionOrder,
  isDeleted = excluded.isDeleted,
  isEncrypted = excluded.isEncrypted,
  inReplyToID = excluded.inReplyToID,
  isReplyThreadFallback = excluded.isReplyThreadFallback,
  type = excluded.type,
  hsOrder = excluded.hsOrder,
  isSentByMe = excluded.isSentByMe,
  replyCount = excluded.replyCount,
  shouldNotify = excluded.shouldNotify,
  shouldPreview = excluded.shouldPreview,
  countsAsUnread = excluded.countsAsUnread,
  lastDeletionID = excluded.lastDeletionID,
  editedType = excluded.editedType,
  message = excluded.message,
  echo_echoID = excluded.echo_echoID,
  seenByMeAt = excluded.seenByMeAt,
  sendStatus = NULL RETURNING id
[debug] [2026-04-17T20:27:00.636Z] [sqlite-worker] 
    SELECT MIN(hsOrder) FROM (
      SELECT hsOrder FROM mx_room_messages WHERE
        roomID = ? AND
        type != 'HIDDEN' AND
        type != 'REACTION' AND
        hsOrder < ?
      ORDER BY hsOrder DESC
      LIMIT ?
    )
  
[debug] [2026-04-17T20:27:00.636Z] [sqlite-worker] 
SELECT 
    m.id AS mx_msg_id,
    m.roomID AS mx_msg_roomID,
    m.eventID AS mx_msg_eventID,
    m.message AS mx_msg_msg,
    m.hsOrder AS mx_msg_hsOrder,
    m.sendStatus AS mx_msg_sendStatus,
    m.seenByMeAt AS mx_msg_seenByMeAt,
    (
        SELECT json_group_object(rr.userID, rr.timestamp)
        FROM mx_read_receipts rr
        WHERE rr.roomID = m.roomID
          AND rr.lastVisibleEventID = m.eventID
        GROUP BY rr.lastVisibleEventID
    ) AS mx_msg_readReceipts,
    (
        SELECT json_group_array(json(r.reaction))
        FROM mx_reactions r
        WHERE r.roomID = m.roomID
          AND r.eventID = m.eventID
          AND r.isDeleted = 0
        ORDER BY r.timestamp DESC
    ) AS mx_msg_reactions,
    (
    SELECT json_object('id', linked.id, 'message', linked.message)
    FROM mx_room_messages linked
    WHERE m.inReplyToID IS NOT NULL
      AND (linked.eventID = m.inReplyToID OR linked.lastEditionID = m.inReplyToID)
    LIMIT 1
  ) AS mx_msg_linkedMessage,
    (
    SELECT json_extract(value, '$.user_id') FROM key_values WHERE key = 'beeperState'
  ) AS current_user_id,
    m.echo_echoID AS mx_msg_echo_echoID
  
FROM mx_room_messages m
WHERE m.roomID = ?
 AND ((m.type != 'HIDDEN' AND m.type != 'REACTION') OR (m.type = 'REACTION' AND json_extract(m.message, '$.extra.shouldPreview') = true)) 

AND m.hsOrder >= ?
ORDER BY m.hsOrder DESC
LIMIT ?

[log] [2026-04-17T20:27:03.417Z] closing db /home/beeb/.config/BeeperTexts/index.db
[log] [2026-04-17T20:27:06.835Z] Howdy from sqlite_worker!
[debug] [2026-04-17T20:27:07.158Z] [sqlite-worker] PRAGMA user_version
[debug] [2026-04-17T20:27:07.161Z] [sqlite-worker] SELECT value from key_values WHERE key = ?
[debug] [2026-04-17T20:27:07.168Z] [sqlite-worker] SELECT value from key_values WHERE key = ?
[debug] [2026-04-17T20:27:07.168Z] [sqlite-worker] SELECT value from key_values WHERE key = ?
[debug] [2026-04-17T20:27:07.168Z] [sqlite-worker] SELECT value from key_values WHERE key = ?
[debug] [2026-04-17T20:27:07.168Z] [sqlite-worker] SELECT value from key_values WHERE key = ?
[debug] [2026-04-17T20:27:07.168Z] [sqlite-worker] SELECT value from key_values WHERE key = ?
[debug] [2026-04-17T20:27:07.168Z] [sqlite-worker] SELECT DISTINCT
    accountID AS account_id,
    json_extract(thread, '$.extra.bridge.protocol.id') AS protocol_id,
    json_extract(thread, '$.extra.bridge.protocol.avatar_url') AS protocol_avatar_url,
    json_extract(thread, '$.extra.bridge.protocol.displayname') AS protocol_display_name,
    json_extract(thread, '$.extra.bridge.network.id') AS network_id,
    json_extract(thread, '$.extra.bridge.network.displayname') AS network_display_name,
    json_extract(thread, '$.extra.bridge.network.avatar_url') AS network_avatar_url,
    json_extract(thread, '$.extra.bridge."com.beeper.bridge_name"') as bridge_name,
    json_extract(thread, '$.extra.bridge."com.beeper.self_hosted"') as self_hosted
FROM threads
WHERE
    json_extract(thread, '$.extra.bridge.protocol.id') IS NOT NULL
    AND json_extract(thread, '$.extra.roomType') IS NOT 'm.space'
    AND (threadID LIKE '%:beeper.local' OR threadID LIKE '%.localhost')
[debug] [2026-04-17T20:27:07.171Z] [sqlite-worker] INSERT OR REPLACE INTO key_values VALUES (?, ?)
[debug] [2026-04-17T20:27:07.955Z] [sqlite-worker] INSERT OR REPLACE INTO key_values VALUES (?, ?)
[debug] [2026-04-17T20:27:07.962Z] [sqlite-worker] INSERT OR REPLACE INTO key_values VALUES (?, ?)
[debug] [2026-04-17T20:27:07.962Z] [sqlite-worker] INSERT OR REPLACE INTO key_values VALUES (?, ?)
[debug] [2026-04-17T20:27:07.966Z] [sqlite-worker] INSERT OR REPLACE INTO key_values VALUES (?, ?)
[debug] [2026-04-17T20:27:08.130Z] [sqlite-worker] SELECT value from key_values WHERE key = ?
[debug] [2026-04-17T20:27:08.556Z] [sqlite-worker] INSERT OR REPLACE INTO key_values VALUES (?, ?)
[debug] [2026-04-17T20:27:09.105Z] [sqlite-worker] SELECT * from key_values WHERE key IN ('accountProps','labels','launchCount','lastLoginHint','remoteConfig','tabs','subInfo','serverConfig','bridges','customQuickReactions','lastActivity','problemDraft','beeperState','bridgeAccounts','computedSpaces','pendingInvites','localPrefs','userProfile','conn:settings','conn:tokens','provisioningCapabilities','openAIConfig','ad:com.beeper.muted','ad:com.beeper.favourites_order','ad:io.element.recent_emoji','ad:m.image_pack','ad:com.beeper.desktop.prefs','ad:com.beeper.whoami.user_info','ad:localhost.com.beeper.feature_flags','ad:com.beeper.chat_list_rules','ad:com.beeper.reminder_settings','ad:com.beeper.labs.wa_communities_as_spaces','ad:com.beeper.labs.tg_topics_as_spaces','ad:com.beeper.mark_read_when_archive','ad:com.beeper.subscriptions.grandfathering_banner_dismissed','ad:com.beeper.subscriptions.expiry_banner_dismissed','ad:com.beeper.bridge_state','ad:com.beeper.connect_more_accounts_banner_dismissed','ad:com.beeper.bridge_account_summary','ad:com.beeper.emoji_skin_tone','ad:com.beeper.message_requests.last_viewed_at','com.beeper.muted','com.beeper.favourites_order','io.element.recent_emoji','m.image_pack','com.beeper.desktop.prefs','com.beeper.whoami.user_info','localhost.com.beeper.feature_flags','com.beeper.chat_list_rules','com.beeper.reminder_settings','com.beeper.labs.wa_communities_as_spaces','com.beeper.labs.tg_topics_as_spaces','com.beeper.mark_read_when_archive','com.beeper.subscriptions.grandfathering_banner_dismissed','com.beeper.subscriptions.expiry_banner_dismissed','com.beeper.bridge_state','com.beeper.connect_more_accounts_banner_dismissed','com.beeper.bridge_account_summary','com.beeper.emoji_skin_tone','com.beeper.message_requests.last_viewed_at')
[debug] [2026-04-17T20:27:09.106Z] [sqlite-worker] SELECT accountID as id, platformName, state, user, session, props FROM accounts
[debug] [2026-04-17T20:27:09.106Z] [sqlite-worker] SELECT threadID, json_extract(thread, '$.extra.labelData') as labelData FROM threads WHERE is_label = 1
[debug] [2026-04-17T20:27:09.147Z] [sqlite-worker] SELECT * FROM scheduled_messages
[debug] [2026-04-17T20:27:09.171Z] [sqlite-worker] INSERT OR REPLACE INTO key_values VALUES (?, ?)
[debug] [2026-04-17T20:27:09.238Z] [sqlite-worker] INSERT OR REPLACE INTO key_values VALUES (?, ?)
[debug] [2026-04-17T20:27:09.243Z] [sqlite-worker] INSERT OR REPLACE INTO key_values VALUES (?, ?)
[debug] [2026-04-17T20:27:09.364Z] [sqlite-worker] UPDATE accounts SET state = ? WHERE accountID = ?
[debug] [2026-04-17T20:27:09.367Z] [sqlite-worker] UPDATE accounts SET state = ? WHERE accountID = ?
[debug] [2026-04-17T20:27:09.371Z] [sqlite-worker] UPDATE accounts SET state = ? WHERE accountID = ?
[debug] [2026-04-17T20:27:09.377Z] [sqlite-worker] UPDATE accounts SET state = ? WHERE accountID = ?
[debug] [2026-04-17T20:27:09.378Z] [sqlite-worker] UPDATE accounts SET state = ? WHERE accountID = ?
[debug] [2026-04-17T20:27:09.382Z] [sqlite-worker] UPDATE accounts SET state = ? WHERE accountID = ?
[debug] [2026-04-17T20:27:09.386Z] [sqlite-worker] UPDATE accounts SET state = ? WHERE accountID = ?
[debug] [2026-04-17T20:27:09.386Z] [sqlite-worker] UPDATE accounts SET state = ? WHERE accountID = ?
[debug] [2026-04-17T20:27:09.389Z] [sqlite-worker] UPDATE accounts SET state = ? WHERE accountID = ?
[debug] [2026-04-17T20:27:09.394Z] [sqlite-worker] SELECT threadID, props FROM thread_props WHERE accountID = ?
[debug] [2026-04-17T20:27:09.395Z] [sqlite-worker] SELECT threadID, props FROM thread_props WHERE accountID = ?
[debug] [2026-04-17T20:27:09.507Z] [sqlite-worker] SELECT threadID, props FROM thread_props WHERE accountID = ?
[debug] [2026-04-17T20:27:09.512Z] [sqlite-worker] SELECT threadID, props FROM thread_props WHERE accountID = ?
[debug] [2026-04-17T20:27:09.513Z] [sqlite-worker] SELECT threadID, props FROM thread_props WHERE accountID = ?
[debug] [2026-04-17T20:27:09.514Z] [sqlite-worker] SELECT threadID, props FROM thread_props WHERE accountID = ?
[debug] [2026-04-17T20:27:09.516Z] [sqlite-worker] SELECT threadID, props FROM thread_props WHERE accountID = ?
[debug] [2026-04-17T20:27:09.518Z] [sqlite-worker] SELECT threadID, props FROM thread_props WHERE accountID = ?
[debug] [2026-04-17T20:27:09.519Z] [sqlite-worker] SELECT threadID, props FROM thread_props WHERE accountID = ?
[debug] [2026-04-17T20:27:09.522Z] [sqlite-worker] SELECT value from key_values WHERE key = ?
[debug] [2026-04-17T20:27:09.523Z] [sqlite-worker] 
  SELECT
    t.rowid AS localChatID,
    t.accountID,
    t.threadID,
    t.thread,
    t.timestamp,
    
    m.id AS mx_msg_id,
    m.roomID AS mx_msg_roomID,
    m.eventID AS mx_msg_eventID,
    m.message AS mx_msg_msg,
    m.hsOrder AS mx_msg_hsOrder,
    m.sendStatus AS mx_msg_sendStatus,
    m.seenByMeAt AS mx_msg_seenByMeAt,
    (
        SELECT json_group_object(rr.userID, rr.timestamp)
        FROM mx_read_receipts rr
        WHERE rr.roomID = m.roomID
          AND rr.lastVisibleEventID = m.eventID
        GROUP BY rr.lastVisibleEventID
    ) AS mx_msg_readReceipts,
    (
        SELECT json_group_array(json(r.reaction))
        FROM mx_reactions r
        WHERE r.roomID = m.roomID
          AND r.eventID = m.eventID
          AND r.isDeleted = 0
        ORDER BY r.timestamp DESC
    ) AS mx_msg_reactions,
    (
    SELECT json_object('id', linked.id, 'message', linked.message)
    FROM mx_room_messages linked
    WHERE m.inReplyToID IS NOT NULL
      AND (linked.eventID = m.inReplyToID OR linked.lastEditionID = m.inReplyToID)
    LIMIT 1
  ) AS mx_msg_linkedMessage,
    (
    SELECT json_extract(value, '$.user_id') FROM key_values WHERE key = 'beeperState'
  ) AS current_user_id,
    m.echo_echoID AS mx_msg_echo_echoID
  ,
    (
      SELECT json_group_array(
        json_object(
          'account_id', p.account_id,
          'participant_id', p.id,
          'room_id', p.room_id,
          'full_name', p.full_name,
          'nickname', p.nickname,
          'img_url', p.img_url,
          'is_verified', p.is_verified,
          'cannot_message', p.cannot_message,
          'is_self', p.is_self,
          'is_network_bot', p.is_network_bot,
          'added_by', p.added_by,
          'is_admin', p.is_admin,
          'is_pending', p.is_pending,
          'has_exited', p.has_exited,
          'identifiers', (
            SELECT json_group_array(
              json_object(
                'identifier', pi.identifier,
                'identifier_type', pi.identifier_type
              )
            )
            FROM participant_identifiers pi
            WHERE pi.account_id = p.account_id AND pi.participant_id = p.id
          )
        )
      )
      FROM participants p
      WHERE p.room_id = t.threadID AND p.account_id = t.accountID
    ) AS participants_json
  FROM (
    SELECT rowid, threadID, thread, timestamp, accountID
    FROM threads
    WHERE accountID IN (?)
      AND json_extract(thread, '$.extra.roomType') IS NOT 'm.space'
      
    ORDER BY timestamp DESC
    LIMIT 100
  ) t
  LEFT JOIN mx_room_messages m ON m.id = json_extract(t.thread, '$.partialLastMessage.id')
  ORDER BY t.timestamp DESC

[debug] [2026-04-17T20:27:09.532Z] [sqlite-worker] 
  SELECT
    t.rowid AS localChatID,
    t.accountID,
    t.threadID,
    t.thread,
    t.timestamp,
    
    m.id AS mx_msg_id,
    m.roomID AS mx_msg_roomID,
    m.eventID AS mx_msg_eventID,
    m.message AS mx_msg_msg,
    m.hsOrder AS mx_msg_hsOrder,
    m.sendStatus AS mx_msg_sendStatus,
    m.seenByMeAt AS mx_msg_seenByMeAt,
    (
        SELECT json_group_object(rr.userID, rr.timestamp)
        FROM mx_read_receipts rr
        WHERE rr.roomID = m.roomID
          AND rr.lastVisibleEventID = m.eventID
        GROUP BY rr.lastVisibleEventID
    ) AS mx_msg_readReceipts,
    (
        SELECT json_group_array(json(r.reaction))
        FROM mx_reactions r
        WHERE r.roomID = m.roomID
          AND r.eventID = m.eventID
          AND r.isDeleted = 0
        ORDER BY r.timestamp DESC
    ) AS mx_msg_reactions,
    (
    SELECT json_object('id', linked.id, 'message', linked.message)
    FROM mx_room_messages linked
    WHERE m.inReplyToID IS NOT NULL
      AND (linked.eventID = m.inReplyToID OR linked.lastEditionID = m.inReplyToID)
    LIMIT 1
  ) AS mx_msg_linkedMessage,
    (
    SELECT json_extract(value, '$.user_id') FROM key_values WHERE key = 'beeperState'
  ) AS current_user_id,
    m.echo_echoID AS mx_msg_echo_echoID
  ,
    (
      SELECT json_group_array(
        json_object(
          'account_id', p.account_id,
          'participant_id', p.id,
          'room_id', p.room_id,
          'full_name', p.full_name,
          'nickname', p.nickname,
          'img_url', p.img_url,
          'is_verified', p.is_verified,
          'cannot_message', p.cannot_message,
          'is_self', p.is_self,
          'is_network_bot', p.is_network_bot,
          'added_by', p.added_by,
          'is_admin', p.is_admin,
          'is_pending', p.is_pending,
          'has_exited', p.has_exited,
          'identifiers', (
            SELECT json_group_array(
              json_object(
                'identifier', pi.identifier,
                'identifier_type', pi.identifier_type
              )
            )
            FROM participant_identifiers pi
            WHERE pi.account_id = p.account_id AND pi.participant_id = p.id
          )
        )
      )
      FROM participants p
      WHERE p.room_id = t.threadID AND p.account_id = t.accountID
    ) AS participants_json
  FROM (
    SELECT rowid, threadID, thread, timestamp, accountID
    FROM threads
    WHERE accountID IN (?)
      AND json_extract(thread, '$.extra.roomType') IS NOT 'm.space'
      
    ORDER BY timestamp DESC
    LIMIT 100
  ) t
  LEFT JOIN mx_room_messages m ON m.id = json_extract(t.thread, '$.partialLastMessage.id')
  ORDER BY t.timestamp DESC

[debug] [2026-04-17T20:27:09.544Z] [sqlite-worker] 
  SELECT
    t.rowid AS localChatID,
    t.accountID,
    t.threadID,
    t.thread,
    t.timestamp,
    
    m.id AS mx_msg_id,
    m.roomID AS mx_msg_roomID,
    m.eventID AS mx_msg_eventID,
    m.message AS mx_msg_msg,
    m.hsOrder AS mx_msg_hsOrder,
    m.sendStatus AS mx_msg_sendStatus,
    m.seenByMeAt AS mx_msg_seenByMeAt,
    (
        SELECT json_group_object(rr.userID, rr.timestamp)
        FROM mx_read_receipts rr
        WHERE rr.roomID = m.roomID
          AND rr.lastVisibleEventID = m.eventID
        GROUP BY rr.lastVisibleEventID
    ) AS mx_msg_readReceipts,
    (
        SELECT json_group_array(json(r.reaction))
        FROM mx_reactions r
        WHERE r.roomID = m.roomID
          AND r.eventID = m.eventID
          AND r.isDeleted = 0
        ORDER BY r.timestamp DESC
    ) AS mx_msg_reactions,
    (
    SELECT json_object('id', linked.id, 'message', linked.message)
    FROM mx_room_messages linked
    WHERE m.inReplyToID IS NOT NULL
      AND (linked.eventID = m.inReplyToID OR linked.lastEditionID = m.inReplyToID)
    LIMIT 1
  ) AS mx_msg_linkedMessage,
    (
    SELECT json_extract(value, '$.user_id') FROM key_values WHERE key = 'beeperState'
  ) AS current_user_id,
    m.echo_echoID AS mx_msg_echo_echoID
  ,
    (
      SELECT json_group_array(
        json_object(
          'account_id', p.account_id,
          'participant_id', p.id,
          'room_id', p.room_id,
          'full_name', p.full_name,
          'nickname', p.nickname,
          'img_url', p.img_url,
          'is_verified', p.is_verified,
          'cannot_message', p.cannot_message,
          'is_self', p.is_self,
          'is_network_bot', p.is_network_bot,
          'added_by', p.added_by,
          'is_admin', p.is_admin,
          'is_pending', p.is_pending,
          'has_exited', p.has_exited,
          'identifiers', (
            SELECT json_group_array(
              json_object(
                'identifier', pi.identifier,
                'identifier_type', pi.identifier_type
              )
            )
            FROM participant_identifiers pi
            WHERE pi.account_id = p.account_id AND pi.participant_id = p.id
          )
        )
      )
      FROM participants p
      WHERE p.room_id = t.threadID AND p.account_id = t.accountID
    ) AS participants_json
  FROM (
    SELECT rowid, threadID, thread, timestamp, accountID
    FROM threads
    WHERE accountID IN (?)
      AND json_extract(thread, '$.extra.roomType') IS NOT 'm.space'
      
    ORDER BY timestamp DESC
    LIMIT 100
  ) t
  LEFT JOIN mx_room_messages m ON m.id = json_extract(t.thread, '$.partialLastMessage.id')
  ORDER BY t.timestamp DESC

[debug] [2026-04-17T20:27:09.545Z] [sqlite-worker] 
  SELECT
    t.rowid AS localChatID,
    t.accountID,
    t.threadID,
    t.thread,
    t.timestamp,
    
    m.id AS mx_msg_id,
    m.roomID AS mx_msg_roomID,
    m.eventID AS mx_msg_eventID,
    m.message AS mx_msg_msg,
    m.hsOrder AS mx_msg_hsOrder,
    m.sendStatus AS mx_msg_sendStatus,
    m.seenByMeAt AS mx_msg_seenByMeAt,
    (
        SELECT json_group_object(rr.userID, rr.timestamp)
        FROM mx_read_receipts rr
        WHERE rr.roomID = m.roomID
          AND rr.lastVisibleEventID = m.eventID
        GROUP BY rr.lastVisibleEventID
    ) AS mx_msg_readReceipts,
    (
        SELECT json_group_array(json(r.reaction))
        FROM mx_reactions r
        WHERE r.roomID = m.roomID
          AND r.eventID = m.eventID
          AND r.isDeleted = 0
        ORDER BY r.timestamp DESC
    ) AS mx_msg_reactions,
    (
    SELECT json_object('id', linked.id, 'message', linked.message)
    FROM mx_room_messages linked
    WHERE m.inReplyToID IS NOT NULL
      AND (linked.eventID = m.inReplyToID OR linked.lastEditionID = m.inReplyToID)
    LIMIT 1
  ) AS mx_msg_linkedMessage,
    (
    SELECT json_extract(value, '$.user_id') FROM key_values WHERE key = 'beeperState'
  ) AS current_user_id,
    m.echo_echoID AS mx_msg_echo_echoID
  ,
    (
      SELECT json_group_array(
        json_object(
          'account_id', p.account_id,
          'participant_id', p.id,
          'room_id', p.room_id,
          'full_name', p.full_name,
          'nickname', p.nickname,
          'img_url', p.img_url,
          'is_verified', p.is_verified,
          'cannot_message', p.cannot_message,
          'is_self', p.is_self,
          'is_network_bot', p.is_network_bot,
          'added_by', p.added_by,
          'is_admin', p.is_admin,
          'is_pending', p.is_pending,
          'has_exited', p.has_exited,
          'identifiers', (
            SELECT json_group_array(
              json_object(
                'identifier', pi.identifier,
                'identifier_type', pi.identifier_type
              )
            )
            FROM participant_identifiers pi
            WHERE pi.account_id = p.account_id AND pi.participant_id = p.id
          )
        )
      )
      FROM participants p
      WHERE p.room_id = t.threadID AND p.account_id = t.accountID
    ) AS participants_json
  FROM (
    SELECT rowid, threadID, thread, timestamp, accountID
    FROM threads
    WHERE accountID IN (?)
      AND json_extract(thread, '$.extra.roomType') IS NOT 'm.space'
      
    ORDER BY timestamp DESC
    LIMIT 100
  ) t
  LEFT JOIN mx_room_messages m ON m.id = json_extract(t.thread, '$.partialLastMessage.id')
  ORDER BY t.timestamp DESC

[debug] [2026-04-17T20:27:09.545Z] [sqlite-worker] 
  SELECT
    t.rowid AS localChatID,
    t.accountID,
    t.threadID,
    t.thread,
    t.timestamp,
    
    m.id AS mx_msg_id,
    m.roomID AS mx_msg_roomID,
    m.eventID AS mx_msg_eventID,
    m.message AS mx_msg_msg,
    m.hsOrder AS mx_msg_hsOrder,
    m.sendStatus AS mx_msg_sendStatus,
    m.seenByMeAt AS mx_msg_seenByMeAt,
    (
        SELECT json_group_object(rr.userID, rr.timestamp)
        FROM mx_read_receipts rr
        WHERE rr.roomID = m.roomID
          AND rr.lastVisibleEventID = m.eventID
        GROUP BY rr.lastVisibleEventID
    ) AS mx_msg_readReceipts,
    (
        SELECT json_group_array(json(r.reaction))
        FROM mx_reactions r
        WHERE r.roomID = m.roomID
          AND r.eventID = m.eventID
          AND r.isDeleted = 0
        ORDER BY r.timestamp DESC
    ) AS mx_msg_reactions,
    (
    SELECT json_object('id', linked.id, 'message', linked.message)
    FROM mx_room_messages linked
    WHERE m.inReplyToID IS NOT NULL
      AND (linked.eventID = m.inReplyToID OR linked.lastEditionID = m.inReplyToID)
    LIMIT 1
  ) AS mx_msg_linkedMessage,
    (
    SELECT json_extract(value, '$.user_id') FROM key_values WHERE key = 'beeperState'
  ) AS current_user_id,
    m.echo_echoID AS mx_msg_echo_echoID
  ,
    (
      SELECT json_group_array(
        json_object(
          'account_id', p.account_id,
          'participant_id', p.id,
          'room_id', p.room_id,
          'full_name', p.full_name,
          'nickname', p.nickname,
          'img_url', p.img_url,
          'is_verified', p.is_verified,
          'cannot_message', p.cannot_message,
          'is_self', p.is_self,
          'is_network_bot', p.is_network_bot,
          'added_by', p.added_by,
          'is_admin', p.is_admin,
          'is_pending', p.is_pending,
          'has_exited', p.has_exited,
          'identifiers', (
            SELECT json_group_array(
              json_object(
                'identifier', pi.identifier,
                'identifier_type', pi.identifier_type
              )
            )
            FROM participant_identifiers pi
            WHERE pi.account_id = p.account_id AND pi.participant_id = p.id
          )
        )
      )
      FROM participants p
      WHERE p.room_id = t.threadID AND p.account_id = t.accountID
    ) AS participants_json
  FROM (
    SELECT rowid, threadID, thread, timestamp, accountID
    FROM threads
    WHERE accountID IN (?)
      AND json_extract(thread, '$.extra.roomType') IS NOT 'm.space'
      
    ORDER BY timestamp DESC
    LIMIT 100
  ) t
  LEFT JOIN mx_room_messages m ON m.id = json_extract(t.thread, '$.partialLastMessage.id')
  ORDER BY t.timestamp DESC

[debug] [2026-04-17T20:27:09.553Z] [sqlite-worker] 
  SELECT
    t.rowid AS localChatID,
    t.accountID,
    t.threadID,
    t.thread,
    t.timestamp,
    
    m.id AS mx_msg_id,
    m.roomID AS mx_msg_roomID,
    m.eventID AS mx_msg_eventID,
    m.message AS mx_msg_msg,
    m.hsOrder AS mx_msg_hsOrder,
    m.sendStatus AS mx_msg_sendStatus,
    m.seenByMeAt AS mx_msg_seenByMeAt,
    (
        SELECT json_group_object(rr.userID, rr.timestamp)
        FROM mx_read_receipts rr
        WHERE rr.roomID = m.roomID
          AND rr.lastVisibleEventID = m.eventID
        GROUP BY rr.lastVisibleEventID
    ) AS mx_msg_readReceipts,
    (
        SELECT json_group_array(json(r.reaction))
        FROM mx_reactions r
        WHERE r.roomID = m.roomID
          AND r.eventID = m.eventID
          AND r.isDeleted = 0
        ORDER BY r.timestamp DESC
    ) AS mx_msg_reactions,
    (
    SELECT json_object('id', linked.id, 'message', linked.message)
    FROM mx_room_messages linked
    WHERE m.inReplyToID IS NOT NULL
      AND (linked.eventID = m.inReplyToID OR linked.lastEditionID = m.inReplyToID)
    LIMIT 1
  ) AS mx_msg_linkedMessage,
    (
    SELECT json_extract(value, '$.user_id') FROM key_values WHERE key = 'beeperState'
  ) AS current_user_id,
    m.echo_echoID AS mx_msg_echo_echoID
  ,
    (
      SELECT json_group_array(
        json_object(
          'account_id', p.account_id,
          'participant_id', p.id,
          'room_id', p.room_id,
          'full_name', p.full_name,
          'nickname', p.nickname,
          'img_url', p.img_url,
          'is_verified', p.is_verified,
          'cannot_message', p.cannot_message,
          'is_self', p.is_self,
          'is_network_bot', p.is_network_bot,
          'added_by', p.added_by,
          'is_admin', p.is_admin,
          'is_pending', p.is_pending,
          'has_exited', p.has_exited,
          'identifiers', (
            SELECT json_group_array(
              json_object(
                'identifier', pi.identifier,
                'identifier_type', pi.identifier_type
              )
            )
            FROM participant_identifiers pi
            WHERE pi.account_id = p.account_id AND pi.participant_id = p.id
          )
        )
      )
      FROM participants p
      WHERE p.room_id = t.threadID AND p.account_id = t.accountID
    ) AS participants_json
  FROM (
    SELECT rowid, threadID, thread, timestamp, accountID
    FROM threads
    WHERE accountID IN (?)
      AND json_extract(thread, '$.extra.roomType') IS NOT 'm.space'
      
    ORDER BY timestamp DESC
    LIMIT 100
  ) t
  LEFT JOIN mx_room_messages m ON m.id = json_extract(t.thread, '$.partialLastMessage.id')
  ORDER BY t.timestamp DESC

[debug] [2026-04-17T20:27:09.554Z] [sqlite-worker] 
  SELECT
    t.rowid AS localChatID,
    t.accountID,
    t.threadID,
    t.thread,
    t.timestamp,
    
    m.id AS mx_msg_id,
    m.roomID AS mx_msg_roomID,
    m.eventID AS mx_msg_eventID,
    m.message AS mx_msg_msg,
    m.hsOrder AS mx_msg_hsOrder,
    m.sendStatus AS mx_msg_sendStatus,
    m.seenByMeAt AS mx_msg_seenByMeAt,
    (
        SELECT json_group_object(rr.userID, rr.timestamp)
        FROM mx_read_receipts rr
        WHERE rr.roomID = m.roomID
          AND rr.lastVisibleEventID = m.eventID
        GROUP BY rr.lastVisibleEventID
    ) AS mx_msg_readReceipts,
    (
        SELECT json_group_array(json(r.reaction))
        FROM mx_reactions r
        WHERE r.roomID = m.roomID
          AND r.eventID = m.eventID
          AND r.isDeleted = 0
        ORDER BY r.timestamp DESC
    ) AS mx_msg_reactions,
    (
    SELECT json_object('id', linked.id, 'message', linked.message)
    FROM mx_room_messages linked
    WHERE m.inReplyToID IS NOT NULL
      AND (linked.eventID = m.inReplyToID OR linked.lastEditionID = m.inReplyToID)
    LIMIT 1
  ) AS mx_msg_linkedMessage,
    (
    SELECT json_extract(value, '$.user_id') FROM key_values WHERE key = 'beeperState'
  ) AS current_user_id,
    m.echo_echoID AS mx_msg_echo_echoID
  ,
    (
      SELECT json_group_array(
        json_object(
          'account_id', p.account_id,
          'participant_id', p.id,
          'room_id', p.room_id,
          'full_name', p.full_name,
          'nickname', p.nickname,
          'img_url', p.img_url,
          'is_verified', p.is_verified,
          'cannot_message', p.cannot_message,
          'is_self', p.is_self,
          'is_network_bot', p.is_network_bot,
          'added_by', p.added_by,
          'is_admin', p.is_admin,
          'is_pending', p.is_pending,
          'has_exited', p.has_exited,
          'identifiers', (
            SELECT json_group_array(
              json_object(
                'identifier', pi.identifier,
                'identifier_type', pi.identifier_type
              )
            )
            FROM participant_identifiers pi
            WHERE pi.account_id = p.account_id AND pi.participant_id = p.id
          )
        )
      )
      FROM participants p
      WHERE p.room_id = t.threadID AND p.account_id = t.accountID
    ) AS participants_json
  FROM (
    SELECT rowid, threadID, thread, timestamp, accountID
    FROM threads
    WHERE accountID IN (?)
      AND json_extract(thread, '$.extra.roomType') IS NOT 'm.space'
      
    ORDER BY timestamp DESC
    LIMIT 100
  ) t
  LEFT JOIN mx_room_messages m ON m.id = json_extract(t.thread, '$.partialLastMessage.id')
  ORDER BY t.timestamp DESC

[debug] [2026-04-17T20:27:09.554Z] [sqlite-worker] 
  SELECT
    t.rowid AS localChatID,
    t.accountID,
    t.threadID,
    t.thread,
    t.timestamp,
    
    m.id AS mx_msg_id,
    m.roomID AS mx_msg_roomID,
    m.eventID AS mx_msg_eventID,
    m.message AS mx_msg_msg,
    m.hsOrder AS mx_msg_hsOrder,
    m.sendStatus AS mx_msg_sendStatus,
    m.seenByMeAt AS mx_msg_seenByMeAt,
    (
        SELECT json_group_object(rr.userID, rr.timestamp)
        FROM mx_read_receipts rr
        WHERE rr.roomID = m.roomID
          AND rr.lastVisibleEventID = m.eventID
        GROUP BY rr.lastVisibleEventID
    ) AS mx_msg_readReceipts,
    (
        SELECT json_group_array(json(r.reaction))
        FROM mx_reactions r
        WHERE r.roomID = m.roomID
          AND r.eventID = m.eventID
          AND r.isDeleted = 0
        ORDER BY r.timestamp DESC
    ) AS mx_msg_reactions,
    (
    SELECT json_object('id', linked.id, 'message', linked.message)
    FROM mx_room_messages linked
    WHERE m.inReplyToID IS NOT NULL
      AND (linked.eventID = m.inReplyToID OR linked.lastEditionID = m.inReplyToID)
    LIMIT 1
  ) AS mx_msg_linkedMessage,
    (
    SELECT json_extract(value, '$.user_id') FROM key_values WHERE key = 'beeperState'
  ) AS current_user_id,
    m.echo_echoID AS mx_msg_echo_echoID
  ,
    (
      SELECT json_group_array(
        json_object(
          'account_id', p.account_id,
          'participant_id', p.id,
          'room_id', p.room_id,
          'full_name', p.full_name,
          'nickname', p.nickname,
          'img_url', p.img_url,
          'is_verified', p.is_verified,
          'cannot_message', p.cannot_message,
          'is_self', p.is_self,
          'is_network_bot', p.is_network_bot,
          'added_by', p.added_by,
          'is_admin', p.is_admin,
          'is_pending', p.is_pending,
          'has_exited', p.has_exited,
          'identifiers', (
            SELECT json_group_array(
              json_object(
                'identifier', pi.identifier,
                'identifier_type', pi.identifier_type
              )
            )
            FROM participant_identifiers pi
            WHERE pi.account_id = p.account_id AND pi.participant_id = p.id
          )
        )
      )
      FROM participants p
      WHERE p.room_id = t.threadID AND p.account_id = t.accountID
    ) AS participants_json
  FROM (
    SELECT rowid, threadID, thread, timestamp, accountID
    FROM threads
    WHERE accountID IN (?)
      AND json_extract(thread, '$.extra.roomType') IS NOT 'm.space'
      
    ORDER BY timestamp DESC
    LIMIT 100
  ) t
  LEFT JOIN mx_room_messages m ON m.id = json_extract(t.thread, '$.partialLastMessage.id')
  ORDER BY t.timestamp DESC

[debug] [2026-04-17T20:27:09.633Z] [sqlite-worker] 
  SELECT
    t.rowid AS localChatID,
    t.accountID,
    t.threadID,
    t.thread,
    t.timestamp,
    
    m.id AS mx_msg_id,
    m.roomID AS mx_msg_roomID,
    m.eventID AS mx_msg_eventID,
    m.message AS mx_msg_msg,
    m.hsOrder AS mx_msg_hsOrder,
    m.sendStatus AS mx_msg_sendStatus,
    m.seenByMeAt AS mx_msg_seenByMeAt,
    (
        SELECT json_group_object(rr.userID, rr.timestamp)
        FROM mx_read_receipts rr
        WHERE rr.roomID = m.roomID
          AND rr.lastVisibleEventID = m.eventID
        GROUP BY rr.lastVisibleEventID
    ) AS mx_msg_readReceipts,
    (
        SELECT json_group_array(json(r.reaction))
        FROM mx_reactions r
        WHERE r.roomID = m.roomID
          AND r.eventID = m.eventID
          AND r.isDeleted = 0
        ORDER BY r.timestamp DESC
    ) AS mx_msg_reactions,
    (
    SELECT json_object('id', linked.id, 'message', linked.message)
    FROM mx_room_messages linked
    WHERE m.inReplyToID IS NOT NULL
      AND (linked.eventID = m.inReplyToID OR linked.lastEditionID = m.inReplyToID)
    LIMIT 1
  ) AS mx_msg_linkedMessage,
    (
    SELECT json_extract(value, '$.user_id') FROM key_values WHERE key = 'beeperState'
  ) AS current_user_id,
    m.echo_echoID AS mx_msg_echo_echoID
  ,
    (
      SELECT json_group_array(
        json_object(
          'account_id', p.account_id,
          'participant_id', p.id,
          'room_id', p.room_id,
          'full_name', p.full_name,
          'nickname', p.nickname,
          'img_url', p.img_url,
          'is_verified', p.is_verified,
          'cannot_message', p.cannot_message,
          'is_self', p.is_self,
          'is_network_bot', p.is_network_bot,
          'added_by', p.added_by,
          'is_admin', p.is_admin,
          'is_pending', p.is_pending,
          'has_exited', p.has_exited,
          'identifiers', (
            SELECT json_group_array(
              json_object(
                'identifier', pi.identifier,
                'identifier_type', pi.identifier_type
              )
            )
            FROM participant_identifiers pi
            WHERE pi.account_id = p.account_id AND pi.participant_id = p.id
          )
        )
      )
      FROM participants p
      WHERE p.room_id = t.threadID AND p.account_id = t.accountID
    ) AS participants_json
  FROM (
    SELECT rowid, threadID, thread, timestamp, accountID
    FROM threads
    WHERE accountID IN (?)
      AND json_extract(thread, '$.extra.roomType') IS NOT 'm.space'
      
    ORDER BY timestamp DESC
    LIMIT 100
  ) t
  LEFT JOIN mx_room_messages m ON m.id = json_extract(t.thread, '$.partialLastMessage.id')
  ORDER BY t.timestamp DESC

[debug] [2026-04-17T20:27:16.797Z] [sqlite-worker] 
    SELECT MIN(hsOrder) FROM (
      SELECT hsOrder FROM mx_room_messages WHERE
        roomID = ? AND
        type != 'HIDDEN' AND
        type != 'REACTION' AND
        hsOrder < ?
      ORDER BY hsOrder DESC
      LIMIT ?
    )
  
[debug] [2026-04-17T20:27:16.798Z] [sqlite-worker] 
SELECT 
    m.id AS mx_msg_id,
    m.roomID AS mx_msg_roomID,
    m.eventID AS mx_msg_eventID,
    m.message AS mx_msg_msg,
    m.hsOrder AS mx_msg_hsOrder,
    m.sendStatus AS mx_msg_sendStatus,
    m.seenByMeAt AS mx_msg_seenByMeAt,
    (
        SELECT json_group_object(rr.userID, rr.timestamp)
        FROM mx_read_receipts rr
        WHERE rr.roomID = m.roomID
          AND rr.lastVisibleEventID = m.eventID
        GROUP BY rr.lastVisibleEventID
    ) AS mx_msg_readReceipts,
    (
        SELECT json_group_array(json(r.reaction))
        FROM mx_reactions r
        WHERE r.roomID = m.roomID
          AND r.eventID = m.eventID
          AND r.isDeleted = 0
        ORDER BY r.timestamp DESC
    ) AS mx_msg_reactions,
    (
    SELECT json_object('id', linked.id, 'message', linked.message)
    FROM mx_room_messages linked
    WHERE m.inReplyToID IS NOT NULL
      AND (linked.eventID = m.inReplyToID OR linked.lastEditionID = m.inReplyToID)
    LIMIT 1
  ) AS mx_msg_linkedMessage,
    (
    SELECT json_extract(value, '$.user_id') FROM key_values WHERE key = 'beeperState'
  ) AS current_user_id,
    m.echo_echoID AS mx_msg_echo_echoID
  
FROM mx_room_messages m
WHERE m.roomID = ?
 AND ((m.type != 'HIDDEN' AND m.type != 'REACTION') OR (m.type = 'REACTION' AND json_extract(m.message, '$.extra.shouldPreview') = true)) 

AND m.hsOrder >= ?
ORDER BY m.hsOrder DESC
LIMIT ?

[debug] [2026-04-17T20:27:17.023Z] [sqlite-worker] 
SELECT 
    m.id AS mx_msg_id,
    m.roomID AS mx_msg_roomID,
    m.eventID AS mx_msg_eventID,
    m.message AS mx_msg_msg,
    m.hsOrder AS mx_msg_hsOrder,
    m.sendStatus AS mx_msg_sendStatus,
    m.seenByMeAt AS mx_msg_seenByMeAt,
    (
        SELECT json_group_object(rr.userID, rr.timestamp)
        FROM mx_read_receipts rr
        WHERE rr.roomID = m.roomID
          AND rr.lastVisibleEventID = m.eventID
        GROUP BY rr.lastVisibleEventID
    ) AS mx_msg_readReceipts,
    (
        SELECT json_group_array(json(r.reaction))
        FROM mx_reactions r
        WHERE r.roomID = m.roomID
          AND r.eventID = m.eventID
          AND r.isDeleted = 0
        ORDER BY r.timestamp DESC
    ) AS mx_msg_reactions,
    (
    SELECT json_object('id', linked.id, 'message', linked.message)
    FROM mx_room_messages linked
    WHERE m.inReplyToID IS NOT NULL
      AND (linked.eventID = m.inReplyToID OR linked.lastEditionID = m.inReplyToID)
    LIMIT 1
  ) AS mx_msg_linkedMessage,
    (
    SELECT json_extract(value, '$.user_id') FROM key_values WHERE key = 'beeperState'
  ) AS current_user_id,
    m.echo_echoID AS mx_msg_echo_echoID
  
FROM mx_room_messages m
WHERE m.id = (
  SELECT id FROM (
    SELECT id, hsOrder FROM mx_room_messages WHERE roomID = ? AND id = ?
    UNION ALL
    SELECT id, hsOrder FROM mx_room_messages WHERE roomID = ? AND eventID = ?
    UNION ALL
    SELECT id, hsOrder FROM mx_room_messages WHERE roomID = ? AND lastEditionID = ?
  )
  ORDER BY hsOrder DESC
  LIMIT 1
)
[debug] [2026-04-17T20:27:17.103Z] [sqlite-worker] SELECT * FROM breadcrumbs WHERE id = ?
[debug] [2026-04-17T20:27:17.104Z] [sqlite-worker] INSERT OR REPLACE INTO breadcrumbs (id, sentCount, sentLast, openCount, lastOpenTime) VALUES (?, ?, ?, ?, ?)
[debug] [2026-04-17T20:27:17.146Z] [sqlite-worker] 
    SELECT MIN(hsOrder) FROM (
      SELECT hsOrder FROM mx_room_messages WHERE
        roomID = ? AND
        type != 'HIDDEN' AND
        type != 'REACTION' AND
        hsOrder < ?
      ORDER BY hsOrder DESC
      LIMIT ?
    )
  
[debug] [2026-04-17T20:27:17.146Z] [sqlite-worker] 
SELECT 
    m.id AS mx_msg_id,
    m.roomID AS mx_msg_roomID,
    m.eventID AS mx_msg_eventID,
    m.message AS mx_msg_msg,
    m.hsOrder AS mx_msg_hsOrder,
    m.sendStatus AS mx_msg_sendStatus,
    m.seenByMeAt AS mx_msg_seenByMeAt,
    (
        SELECT json_group_object(rr.userID, rr.timestamp)
        FROM mx_read_receipts rr
        WHERE rr.roomID = m.roomID
          AND rr.lastVisibleEventID = m.eventID
        GROUP BY rr.lastVisibleEventID
    ) AS mx_msg_readReceipts,
    (
        SELECT json_group_array(json(r.reaction))
        FROM mx_reactions r
        WHERE r.roomID = m.roomID
          AND r.eventID = m.eventID
          AND r.isDeleted = 0
        ORDER BY r.timestamp DESC
    ) AS mx_msg_reactions,
    (
    SELECT json_object('id', linked.id, 'message', linked.message)
    FROM mx_room_messages linked
    WHERE m.inReplyToID IS NOT NULL
      AND (linked.eventID = m.inReplyToID OR linked.lastEditionID = m.inReplyToID)
    LIMIT 1
  ) AS mx_msg_linkedMessage,
    (
    SELECT json_extract(value, '$.user_id') FROM key_values WHERE key = 'beeperState'
  ) AS current_user_id,
    m.echo_echoID AS mx_msg_echo_echoID
  
FROM mx_room_messages m
WHERE m.roomID = ?
 AND ((m.type != 'HIDDEN' AND m.type != 'REACTION') OR (m.type = 'REACTION' AND json_extract(m.message, '$.extra.shouldPreview') = true)) 
 AND m.hsOrder < ? 
AND m.hsOrder >= ?
ORDER BY m.hsOrder DESC
LIMIT ?

[debug] [2026-04-17T20:27:17.394Z] [sqlite-worker] 
SELECT 
    m.id AS mx_msg_id,
    m.roomID AS mx_msg_roomID,
    m.eventID AS mx_msg_eventID,
    m.message AS mx_msg_msg,
    m.hsOrder AS mx_msg_hsOrder,
    m.sendStatus AS mx_msg_sendStatus,
    m.seenByMeAt AS mx_msg_seenByMeAt,
    (
        SELECT json_group_object(rr.userID, rr.timestamp)
        FROM mx_read_receipts rr
        WHERE rr.roomID = m.roomID
          AND rr.lastVisibleEventID = m.eventID
        GROUP BY rr.lastVisibleEventID
    ) AS mx_msg_readReceipts,
    (
        SELECT json_group_array(json(r.reaction))
        FROM mx_reactions r
        WHERE r.roomID = m.roomID
          AND r.eventID = m.eventID
          AND r.isDeleted = 0
        ORDER BY r.timestamp DESC
    ) AS mx_msg_reactions,
    (
    SELECT json_object('id', linked.id, 'message', linked.message)
    FROM mx_room_messages linked
    WHERE m.inReplyToID IS NOT NULL
      AND (linked.eventID = m.inReplyToID OR linked.lastEditionID = m.inReplyToID)
    LIMIT 1
  ) AS mx_msg_linkedMessage,
    (
    SELECT json_extract(value, '$.user_id') FROM key_values WHERE key = 'beeperState'
  ) AS current_user_id,
    m.echo_echoID AS mx_msg_echo_echoID
  
FROM mx_room_messages m
WHERE m.id = (
  SELECT id FROM (
    SELECT id, hsOrder FROM mx_room_messages WHERE roomID = ? AND id = ?
    UNION ALL
    SELECT id, hsOrder FROM mx_room_messages WHERE roomID = ? AND eventID = ?
    UNION ALL
    SELECT id, hsOrder FROM mx_room_messages WHERE roomID = ? AND lastEditionID = ?
  )
  ORDER BY hsOrder DESC
  LIMIT 1
)
[debug] [2026-04-17T20:27:22.736Z] [sqlite-worker] 
SELECT
  t.accountID,
  t.thread,
  (
    SELECT json_group_array(
      json_object(
        'account_id', p.account_id,
        'participant_id', p.id,
        'room_id', p.room_id,
        'full_name', p.full_name,
        'nickname', p.nickname,
        'img_url', p.img_url,
        'is_verified', p.is_verified,
        'cannot_message', p.cannot_message,
        'is_self', p.is_self,
        'is_network_bot', p.is_network_bot,
        'added_by', p.added_by,
        'is_admin', p.is_admin,
        'is_pending', p.is_pending,
        'has_exited', p.has_exited,
        'identifiers', (
          SELECT json_group_array(
            json_object(
              'identifier', pi.identifier,
              'identifier_type', pi.identifier_type
            )
          )
          FROM participant_identifiers pi
          WHERE pi.account_id = p.account_id AND pi.participant_id = p.id
        )
      )
    )
    FROM participants p
    WHERE p.room_id = t.threadID AND p.account_id = t.accountID
  ) AS participants_json
FROM threads t
WHERE t.threadID = ?

[debug] [2026-04-17T20:27:37.756Z] [sqlite-worker] 
SELECT
  t.accountID,
  t.thread,
  (
    SELECT json_group_array(
      json_object(
        'account_id', p.account_id,
        'participant_id', p.id,
        'room_id', p.room_id,
        'full_name', p.full_name,
        'nickname', p.nickname,
        'img_url', p.img_url,
        'is_verified', p.is_verified,
        'cannot_message', p.cannot_message,
        'is_self', p.is_self,
        'is_network_bot', p.is_network_bot,
        'added_by', p.added_by,
        'is_admin', p.is_admin,
        'is_pending', p.is_pending,
        'has_exited', p.has_exited,
        'identifiers', (
          SELECT json_group_array(
            json_object(
              'identifier', pi.identifier,
              'identifier_type', pi.identifier_type
            )
          )
          FROM participant_identifiers pi
          WHERE pi.account_id = p.account_id AND pi.participant_id = p.id
        )
      )
    )
    FROM participants p
    WHERE p.room_id = t.threadID AND p.account_id = t.accountID
  ) AS participants_json
FROM threads t
WHERE t.threadID = ?

[debug] [2026-04-17T20:27:40.464Z] [sqlite-worker] INSERT OR REPLACE INTO key_values VALUES (?, ?)
[debug] [2026-04-17T20:27:41.371Z] [sqlite-worker] 
SELECT
  t.accountID,
  t.thread,
  (
    SELECT json_group_array(
      json_object(
        'account_id', p.account_id,
        'participant_id', p.id,
        'room_id', p.room_id,
        'full_name', p.full_name,
        'nickname', p.nickname,
        'img_url', p.img_url,
        'is_verified', p.is_verified,
        'cannot_message', p.cannot_message,
        'is_self', p.is_self,
        'is_network_bot', p.is_network_bot,
        'added_by', p.added_by,
        'is_admin', p.is_admin,
        'is_pending', p.is_pending,
        'has_exited', p.has_exited,
        'identifiers', (
          SELECT json_group_array(
            json_object(
              'identifier', pi.identifier,
              'identifier_type', pi.identifier_type
            )
          )
          FROM participant_identifiers pi
          WHERE pi.account_id = p.account_id AND pi.participant_id = p.id
        )
      )
    )
    FROM participants p
    WHERE p.room_id = t.threadID AND p.account_id = t.accountID
  ) AS participants_json
FROM threads t
WHERE t.threadID = ?

[debug] [2026-04-17T20:27:50.296Z] [sqlite-worker] 
SELECT
  t.accountID,
  t.thread,
  (
    SELECT json_group_array(
      json_object(
        'account_id', p.account_id,
        'participant_id', p.id,
        'room_id', p.room_id,
        'full_name', p.full_name,
        'nickname', p.nickname,
        'img_url', p.img_url,
        'is_verified', p.is_verified,
        'cannot_message', p.cannot_message,
        'is_self', p.is_self,
        'is_network_bot', p.is_network_bot,
        'added_by', p.added_by,
        'is_admin', p.is_admin,
        'is_pending', p.is_pending,
        'has_exited', p.has_exited,
        'identifiers', (
          SELECT json_group_array(
            json_object(
              'identifier', pi.identifier,
              'identifier_type', pi.identifier_type
            )
          )
          FROM participant_identifiers pi
          WHERE pi.account_id = p.account_id AND pi.participant_id = p.id
        )
      )
    )
    FROM participants p
    WHERE p.room_id = t.threadID AND p.account_id = t.accountID
  ) AS participants_json
FROM threads t
WHERE t.threadID = ?

[debug] [2026-04-17T20:28:03.388Z] [sqlite-worker] 
SELECT
  t.accountID,
  t.thread,
  (
    SELECT json_group_array(
      json_object(
        'account_id', p.account_id,
        'participant_id', p.id,
        'room_id', p.room_id,
        'full_name', p.full_name,
        'nickname', p.nickname,
        'img_url', p.img_url,
        'is_verified', p.is_verified,
        'cannot_message', p.cannot_message,
        'is_self', p.is_self,
        'is_network_bot', p.is_network_bot,
        'added_by', p.added_by,
        'is_admin', p.is_admin,
        'is_pending', p.is_pending,
        'has_exited', p.has_exited,
        'identifiers', (
          SELECT json_group_array(
            json_object(
              'identifier', pi.identifier,
              'identifier_type', pi.identifier_type
            )
          )
          FROM participant_identifiers pi
          WHERE pi.account_id = p.account_id AND pi.participant_id = p.id
        )
      )
    )
    FROM participants p
    WHERE p.room_id = t.threadID AND p.account_id = t.accountID
  ) AS participants_json
FROM threads t
WHERE t.threadID = ?

[debug] [2026-04-17T20:28:04.528Z] [sqlite-worker] 
SELECT
  t.accountID,
  t.thread,
  (
    SELECT json_group_array(
      json_object(
        'account_id', p.account_id,
        'participant_id', p.id,
        'room_id', p.room_id,
        'full_name', p.full_name,
        'nickname', p.nickname,
        'img_url', p.img_url,
        'is_verified', p.is_verified,
        'cannot_message', p.cannot_message,
        'is_self', p.is_self,
        'is_network_bot', p.is_network_bot,
        'added_by', p.added_by,
        'is_admin', p.is_admin,
        'is_pending', p.is_pending,
        'has_exited', p.has_exited,
        'identifiers', (
          SELECT json_group_array(
            json_object(
              'identifier', pi.identifier,
              'identifier_type', pi.identifier_type
            )
          )
          FROM participant_identifiers pi
          WHERE pi.account_id = p.account_id AND pi.participant_id = p.id
        )
      )
    )
    FROM participants p
    WHERE p.room_id = t.threadID AND p.account_id = t.accountID
  ) AS participants_json
FROM threads t
WHERE t.threadID = ?

[debug] [2026-04-17T20:28:04.538Z] [sqlite-worker] 
INSERT INTO mx_room_messages (
  id,
  roomID,
  eventID,
  senderContactID,
  timestamp,
  isEdited,
  lastEditionID,
  isDetached,
  lastEditionTimestamp,
  lastEditionOrder,
  isDeleted,
  isEncrypted,
  inReplyToID,
  isReplyThreadFallback,
  type,
  hsOrder,
  isSentByMe,
  replyCount,
  shouldNotify,
  shouldPreview,
  countsAsUnread,
  lastDeletionID,
  editedType,
  message,
  echo_echoID,
  seenByMeAt
) VALUES (?, ?, ?, ?, ?, ?, ?, ?, ?, ?, ?, ?, ?, ?, ?, ?, ?, ?, ?, ?, ?, ?, ?, ?, ?, ?)
ON CONFLICT(roomID, eventID) DO UPDATE SET
  senderContactID = excluded.senderContactID,
  timestamp = excluded.timestamp,
  isEdited = excluded.isEdited,
  lastEditionID = excluded.lastEditionID,
  isDetached = excluded.isDetached,
  lastEditionTimestamp = excluded.lastEditionTimestamp,
  lastEditionOrder = excluded.lastEditionOrder,
  isDeleted = excluded.isDeleted,
  isEncrypted = excluded.isEncrypted,
  inReplyToID = excluded.inReplyToID,
  isReplyThreadFallback = excluded.isReplyThreadFallback,
  type = excluded.type,
  hsOrder = excluded.hsOrder,
  isSentByMe = excluded.isSentByMe,
  replyCount = excluded.replyCount,
  shouldNotify = excluded.shouldNotify,
  shouldPreview = excluded.shouldPreview,
  countsAsUnread = excluded.countsAsUnread,
  lastDeletionID = excluded.lastDeletionID,
  editedType = excluded.editedType,
  message = excluded.message,
  echo_echoID = excluded.echo_echoID,
  seenByMeAt = excluded.seenByMeAt,
  sendStatus = NULL RETURNING 
    mx_room_messages.id AS mx_msg_id,
    mx_room_messages.roomID AS mx_msg_roomID,
    mx_room_messages.eventID AS mx_msg_eventID,
    mx_room_messages.message AS mx_msg_msg,
    mx_room_messages.hsOrder AS mx_msg_hsOrder,
    mx_room_messages.sendStatus AS mx_msg_sendStatus,
    (
    SELECT json_object('id', linked.id, 'message', linked.message)
    FROM mx_room_messages linked
    WHERE mx_room_messages.inReplyToID IS NOT NULL
      AND (linked.eventID = mx_room_messages.inReplyToID OR linked.lastEditionID = mx_room_messages.inReplyToID)
    LIMIT 1
  ) AS mx_msg_linkedMessage,
    mx_room_messages.echo_echoID AS mx_msg_echo_echoID
  
[debug] [2026-04-17T20:28:04.555Z] [sqlite-worker] SELECT * FROM mx_read_receipts WHERE roomID = ? AND userID IN (?)
[debug] [2026-04-17T20:28:04.556Z] [sqlite-worker] 
    INSERT INTO mx_read_receipts (userID, timestamp, roomID, relatesToID, hsOrder, hsSuborder, hsOrderString, lastVisibleEventID)
    VALUES (?, ?, ?, ?, ?, ?, ?, COALESCE((
  SELECT eventID
  FROM mx_room_messages
  WHERE
    roomID = ? AND
    type != 'HIDDEN' AND
    type != 'REACTION' AND
    hsOrder <= ?
  ORDER BY hsOrder DESC LIMIT 1
), ?))
  ON CONFLICT(roomID, userID) DO UPDATE SET
    timestamp = excluded.timestamp,
    relatesToID = excluded.relatesToID,
    hsOrder = excluded.hsOrder,
    hsSuborder = excluded.hsSuborder,
    hsOrderString = excluded.hsOrderString,
    lastVisibleEventID = excluded.lastVisibleEventID
  WHERE excluded.hsOrder >= mx_read_receipts.hsOrder
  RETURNING *
  
[debug] [2026-04-17T20:28:04.558Z] [sqlite-worker] 
SELECT m.eventID, m.id
FROM mx_room_messages m
WHERE m.roomID = ? AND m.eventID IN (?, ?)
[debug] [2026-04-17T20:28:04.564Z] [sqlite-worker] INSERT OR REPLACE INTO threads (threadID, accountID, thread, timestamp, is_label) VALUES (?, ?, ?, ?, ?)
[debug] [2026-04-17T20:28:05.208Z] [sqlite-worker] 
SELECT
  t.accountID,
  t.thread,
  (
    SELECT json_group_array(
      json_object(
        'account_id', p.account_id,
        'participant_id', p.id,
        'room_id', p.room_id,
        'full_name', p.full_name,
        'nickname', p.nickname,
        'img_url', p.img_url,
        'is_verified', p.is_verified,
        'cannot_message', p.cannot_message,
        'is_self', p.is_self,
        'is_network_bot', p.is_network_bot,
        'added_by', p.added_by,
        'is_admin', p.is_admin,
        'is_pending', p.is_pending,
        'has_exited', p.has_exited,
        'identifiers', (
          SELECT json_group_array(
            json_object(
              'identifier', pi.identifier,
              'identifier_type', pi.identifier_type
            )
          )
          FROM participant_identifiers pi
          WHERE pi.account_id = p.account_id AND pi.participant_id = p.id
        )
      )
    )
    FROM participants p
    WHERE p.room_id = t.threadID AND p.account_id = t.accountID
  ) AS participants_json
FROM threads t
WHERE t.threadID = ?

[debug] [2026-04-17T20:28:07.075Z] [sqlite-worker] 
SELECT
  t.accountID,
  t.thread,
  (
    SELECT json_group_array(
      json_object(
        'account_id', p.account_id,
        'participant_id', p.id,
        'room_id', p.room_id,
        'full_name', p.full_name,
        'nickname', p.nickname,
        'img_url', p.img_url,
        'is_verified', p.is_verified,
        'cannot_message', p.cannot_message,
        'is_self', p.is_self,
        'is_network_bot', p.is_network_bot,
        'added_by', p.added_by,
        'is_admin', p.is_admin,
        'is_pending', p.is_pending,
        'has_exited', p.has_exited,
        'identifiers', (
          SELECT json_group_array(
            json_object(
              'identifier', pi.identifier,
              'identifier_type', pi.identifier_type
            )
          )
          FROM participant_identifiers pi
          WHERE pi.account_id = p.account_id AND pi.participant_id = p.id
        )
      )
    )
    FROM participants p
    WHERE p.room_id = t.threadID AND p.account_id = t.accountID
  ) AS participants_json
FROM threads t
WHERE t.threadID = ?

[debug] [2026-04-17T20:28:07.077Z] [sqlite-worker] 
SELECT m.id
FROM mx_room_messages m
WHERE m.roomID = ? AND m.lastEditionID = ?
LIMIT 1
    
[debug] [2026-04-17T20:28:07.078Z] [sqlite-worker] 
SELECT m.id
FROM mx_room_messages m
WHERE m.roomID = ? AND m.eventID = ?
LIMIT 1
    
[debug] [2026-04-17T20:28:07.078Z] [sqlite-worker] UPDATE mx_room_messages SET sendStatus = ? WHERE roomID = ? AND id = ?
[debug] [2026-04-17T20:28:07.080Z] [sqlite-worker] 
INSERT INTO mx_room_messages (
  id,
  roomID,
  eventID,
  senderContactID,
  timestamp,
  isEdited,
  lastEditionID,
  isDetached,
  lastEditionTimestamp,
  lastEditionOrder,
  isDeleted,
  isEncrypted,
  inReplyToID,
  isReplyThreadFallback,
  type,
  hsOrder,
  isSentByMe,
  replyCount,
  shouldNotify,
  shouldPreview,
  countsAsUnread,
  lastDeletionID,
  editedType,
  message,
  echo_echoID,
  seenByMeAt
) VALUES (?, ?, ?, ?, ?, ?, ?, ?, ?, ?, ?, ?, ?, ?, ?, ?, ?, ?, ?, ?, ?, ?, ?, ?, ?, ?)
ON CONFLICT(roomID, eventID) DO UPDATE SET
  senderContactID = excluded.senderContactID,
  timestamp = excluded.timestamp,
  isEdited = excluded.isEdited,
  lastEditionID = excluded.lastEditionID,
  isDetached = excluded.isDetached,
  lastEditionTimestamp = excluded.lastEditionTimestamp,
  lastEditionOrder = excluded.lastEditionOrder,
  isDeleted = excluded.isDeleted,
  isEncrypted = excluded.isEncrypted,
  inReplyToID = excluded.inReplyToID,
  isReplyThreadFallback = excluded.isReplyThreadFallback,
  type = excluded.type,
  hsOrder = excluded.hsOrder,
  isSentByMe = excluded.isSentByMe,
  replyCount = excluded.replyCount,
  shouldNotify = excluded.shouldNotify,
  shouldPreview = excluded.shouldPreview,
  countsAsUnread = excluded.countsAsUnread,
  lastDeletionID = excluded.lastDeletionID,
  editedType = excluded.editedType,
  message = excluded.message,
  echo_echoID = excluded.echo_echoID,
  seenByMeAt = excluded.seenByMeAt,
  sendStatus = NULL RETURNING id
[debug] [2026-04-17T20:28:13.321Z] [sqlite-worker] 
SELECT
  t.accountID,
  t.thread,
  (
    SELECT json_group_array(
      json_object(
        'account_id', p.account_id,
        'participant_id', p.id,
        'room_id', p.room_id,
        'full_name', p.full_name,
        'nickname', p.nickname,
        'img_url', p.img_url,
        'is_verified', p.is_verified,
        'cannot_message', p.cannot_message,
        'is_self', p.is_self,
        'is_network_bot', p.is_network_bot,
        'added_by', p.added_by,
        'is_admin', p.is_admin,
        'is_pending', p.is_pending,
        'has_exited', p.has_exited,
        'identifiers', (
          SELECT json_group_array(
            json_object(
              'identifier', pi.identifier,
              'identifier_type', pi.identifier_type
            )
          )
          FROM participant_identifiers pi
          WHERE pi.account_id = p.account_id AND pi.participant_id = p.id
        )
      )
    )
    FROM participants p
    WHERE p.room_id = t.threadID AND p.account_id = t.accountID
  ) AS participants_json
FROM threads t
WHERE t.threadID = ?

[debug] [2026-04-17T20:28:14.036Z] [sqlite-worker] 
SELECT
  t.accountID,
  t.thread,
  (
    SELECT json_group_array(
      json_object(
        'account_id', p.account_id,
        'participant_id', p.id,
        'room_id', p.room_id,
        'full_name', p.full_name,
        'nickname', p.nickname,
        'img_url', p.img_url,
        'is_verified', p.is_verified,
        'cannot_message', p.cannot_message,
        'is_self', p.is_self,
        'is_network_bot', p.is_network_bot,
        'added_by', p.added_by,
        'is_admin', p.is_admin,
        'is_pending', p.is_pending,
        'has_exited', p.has_exited,
        'identifiers', (
          SELECT json_group_array(
            json_object(
              'identifier', pi.identifier,
              'identifier_type', pi.identifier_type
            )
          )
          FROM participant_identifiers pi
          WHERE pi.account_id = p.account_id AND pi.participant_id = p.id
        )
      )
    )
    FROM participants p
    WHERE p.room_id = t.threadID AND p.account_id = t.accountID
  ) AS participants_json
FROM threads t
WHERE t.threadID = ?

[debug] [2026-04-17T20:28:14.959Z] [sqlite-worker] 
SELECT
  t.accountID,
  t.thread,
  (
    SELECT json_group_array(
      json_object(
        'account_id', p.account_id,
        'participant_id', p.id,
        'room_id', p.room_id,
        'full_name', p.full_name,
        'nickname', p.nickname,
        'img_url', p.img_url,
        'is_verified', p.is_verified,
        'cannot_message', p.cannot_message,
        'is_self', p.is_self,
        'is_network_bot', p.is_network_bot,
        'added_by', p.added_by,
        'is_admin', p.is_admin,
        'is_pending', p.is_pending,
        'has_exited', p.has_exited,
        'identifiers', (
          SELECT json_group_array(
            json_object(
              'identifier', pi.identifier,
              'identifier_type', pi.identifier_type
            )
          )
          FROM participant_identifiers pi
          WHERE pi.account_id = p.account_id AND pi.participant_id = p.id
        )
      )
    )
    FROM participants p
    WHERE p.room_id = t.threadID AND p.account_id = t.accountID
  ) AS participants_json
FROM threads t
WHERE t.threadID = ?

[debug] [2026-04-17T20:28:15.918Z] [sqlite-worker] 
SELECT
  t.accountID,
  t.thread,
  (
    SELECT json_group_array(
      json_object(
        'account_id', p.account_id,
        'participant_id', p.id,
        'room_id', p.room_id,
        'full_name', p.full_name,
        'nickname', p.nickname,
        'img_url', p.img_url,
        'is_verified', p.is_verified,
        'cannot_message', p.cannot_message,
        'is_self', p.is_self,
        'is_network_bot', p.is_network_bot,
        'added_by', p.added_by,
        'is_admin', p.is_admin,
        'is_pending', p.is_pending,
        'has_exited', p.has_exited,
        'identifiers', (
          SELECT json_group_array(
            json_object(
              'identifier', pi.identifier,
              'identifier_type', pi.identifier_type
            )
          )
          FROM participant_identifiers pi
          WHERE pi.account_id = p.account_id AND pi.participant_id = p.id
        )
      )
    )
    FROM participants p
    WHERE p.room_id = t.threadID AND p.account_id = t.accountID
  ) AS participants_json
FROM threads t
WHERE t.threadID = ?

[debug] [2026-04-17T20:28:15.919Z] [sqlite-worker] SELECT * FROM mx_read_receipts WHERE roomID = ? AND userID IN (?)
[debug] [2026-04-17T20:28:15.919Z] [sqlite-worker] 
    INSERT INTO mx_read_receipts (userID, timestamp, roomID, relatesToID, hsOrder, hsSuborder, hsOrderString, lastVisibleEventID)
    VALUES (?, ?, ?, ?, ?, ?, ?, COALESCE((
  SELECT eventID
  FROM mx_room_messages
  WHERE
    roomID = ? AND
    type != 'HIDDEN' AND
    type != 'REACTION' AND
    hsOrder <= ?
  ORDER BY hsOrder DESC LIMIT 1
), ?))
  ON CONFLICT(roomID, userID) DO UPDATE SET
    timestamp = excluded.timestamp,
    relatesToID = excluded.relatesToID,
    hsOrder = excluded.hsOrder,
    hsSuborder = excluded.hsSuborder,
    hsOrderString = excluded.hsOrderString,
    lastVisibleEventID = excluded.lastVisibleEventID
  WHERE excluded.hsOrder >= mx_read_receipts.hsOrder
  RETURNING *
  
[debug] [2026-04-17T20:28:15.919Z] [sqlite-worker] 
    UPDATE mx_room_messages SET seenByMeAt = ? WHERE seenByMeAt IS NULL AND id IN (
      SELECT id FROM mx_room_messages WHERE roomID = ? AND hsOrder > ? AND hsOrder <= ? LIMIT 5000 -- limit to avoid long running queries
    )
  
[debug] [2026-04-17T20:28:15.920Z] [sqlite-worker] 
SELECT m.eventID, m.id
FROM mx_room_messages m
WHERE m.roomID = ? AND m.eventID IN (?)
[debug] [2026-04-17T20:28:15.922Z] [sqlite-worker] SELECT * FROM mx_read_receipts WHERE userID = ? AND roomID = ?
[debug] [2026-04-17T20:28:15.922Z] [sqlite-worker] 
      SELECT
          COUNT(DISTINCT mx_room_messages.id) AS unreadCount,
          SUM(CASE WHEN mention.value = '@room' OR mention.value = ? THEN 1 ELSE 0 END) AS unreadMentionsCount
      FROM mx_room_messages
      LEFT JOIN json_each(mx_room_messages.message, '$.mentions') AS mention
      WHERE
          mx_room_messages.roomId = ? AND
          mx_room_messages.isSentByMe = 0 AND
          mx_room_messages.isDeleted = 0 AND
          mx_room_messages.countsAsUnread = 1 AND
          mx_room_messages.hsOrder > ?
    
[debug] [2026-04-17T20:28:15.926Z] [sqlite-worker] INSERT OR REPLACE INTO threads (threadID, accountID, thread, timestamp, is_label) VALUES (?, ?, ?, ?, ?)
[debug] [2026-04-17T20:28:21.720Z] [sqlite-worker] 
SELECT
  t.accountID,
  t.thread,
  (
    SELECT json_group_array(
      json_object(
        'account_id', p.account_id,
        'participant_id', p.id,
        'room_id', p.room_id,
        'full_name', p.full_name,
        'nickname', p.nickname,
        'img_url', p.img_url,
        'is_verified', p.is_verified,
        'cannot_message', p.cannot_message,
        'is_self', p.is_self,
        'is_network_bot', p.is_network_bot,
        'added_by', p.added_by,
        'is_admin', p.is_admin,
        'is_pending', p.is_pending,
        'has_exited', p.has_exited,
        'identifiers', (
          SELECT json_group_array(
            json_object(
              'identifier', pi.identifier,
              'identifier_type', pi.identifier_type
            )
          )
          FROM participant_identifiers pi
          WHERE pi.account_id = p.account_id AND pi.participant_id = p.id
        )
      )
    )
    FROM participants p
    WHERE p.room_id = t.threadID AND p.account_id = t.accountID
  ) AS participants_json
FROM threads t
WHERE t.threadID = ?

[debug] [2026-04-17T20:28:26.634Z] [sqlite-worker] 
SELECT
  t.accountID,
  t.thread,
  (
    SELECT json_group_array(
      json_object(
        'account_id', p.account_id,
        'participant_id', p.id,
        'room_id', p.room_id,
        'full_name', p.full_name,
        'nickname', p.nickname,
        'img_url', p.img_url,
        'is_verified', p.is_verified,
        'cannot_message', p.cannot_message,
        'is_self', p.is_self,
        'is_network_bot', p.is_network_bot,
        'added_by', p.added_by,
        'is_admin', p.is_admin,
        'is_pending', p.is_pending,
        'has_exited', p.has_exited,
        'identifiers', (
          SELECT json_group_array(
            json_object(
              'identifier', pi.identifier,
              'identifier_type', pi.identifier_type
            )
          )
          FROM participant_identifiers pi
          WHERE pi.account_id = p.account_id AND pi.participant_id = p.id
        )
      )
    )
    FROM participants p
    WHERE p.room_id = t.threadID AND p.account_id = t.accountID
  ) AS participants_json
FROM threads t
WHERE t.threadID = ?

[debug] [2026-04-17T20:28:28.393Z] [sqlite-worker] 
SELECT
  t.accountID,
  t.thread,
  (
    SELECT json_group_array(
      json_object(
        'account_id', p.account_id,
        'participant_id', p.id,
        'room_id', p.room_id,
        'full_name', p.full_name,
        'nickname', p.nickname,
        'img_url', p.img_url,
        'is_verified', p.is_verified,
        'cannot_message', p.cannot_message,
        'is_self', p.is_self,
        'is_network_bot', p.is_network_bot,
        'added_by', p.added_by,
        'is_admin', p.is_admin,
        'is_pending', p.is_pending,
        'has_exited', p.has_exited,
        'identifiers', (
          SELECT json_group_array(
            json_object(
              'identifier', pi.identifier,
              'identifier_type', pi.identifier_type
            )
          )
          FROM participant_identifiers pi
          WHERE pi.account_id = p.account_id AND pi.participant_id = p.id
        )
      )
    )
    FROM participants p
    WHERE p.room_id = t.threadID AND p.account_id = t.accountID
  ) AS participants_json
FROM threads t
WHERE t.threadID = ?

[debug] [2026-04-17T20:28:28.395Z] [sqlite-worker] 
INSERT INTO mx_room_messages (
  id,
  roomID,
  eventID,
  senderContactID,
  timestamp,
  isEdited,
  lastEditionID,
  isDetached,
  lastEditionTimestamp,
  lastEditionOrder,
  isDeleted,
  isEncrypted,
  inReplyToID,
  isReplyThreadFallback,
  type,
  hsOrder,
  isSentByMe,
  replyCount,
  shouldNotify,
  shouldPreview,
  countsAsUnread,
  lastDeletionID,
  editedType,
  message,
  echo_echoID,
  seenByMeAt
) VALUES (?, ?, ?, ?, ?, ?, ?, ?, ?, ?, ?, ?, ?, ?, ?, ?, ?, ?, ?, ?, ?, ?, ?, ?, ?, ?)
ON CONFLICT(roomID, eventID) DO UPDATE SET
  senderContactID = excluded.senderContactID,
  timestamp = excluded.timestamp,
  isEdited = excluded.isEdited,
  lastEditionID = excluded.lastEditionID,
  isDetached = excluded.isDetached,
  lastEditionTimestamp = excluded.lastEditionTimestamp,
  lastEditionOrder = excluded.lastEditionOrder,
  isDeleted = excluded.isDeleted,
  isEncrypted = excluded.isEncrypted,
  inReplyToID = excluded.inReplyToID,
  isReplyThreadFallback = excluded.isReplyThreadFallback,
  type = excluded.type,
  hsOrder = excluded.hsOrder,
  isSentByMe = excluded.isSentByMe,
  replyCount = excluded.replyCount,
  shouldNotify = excluded.shouldNotify,
  shouldPreview = excluded.shouldPreview,
  countsAsUnread = excluded.countsAsUnread,
  lastDeletionID = excluded.lastDeletionID,
  editedType = excluded.editedType,
  message = excluded.message,
  echo_echoID = excluded.echo_echoID,
  seenByMeAt = excluded.seenByMeAt,
  sendStatus = NULL RETURNING 
    mx_room_messages.id AS mx_msg_id,
    mx_room_messages.roomID AS mx_msg_roomID,
    mx_room_messages.eventID AS mx_msg_eventID,
    mx_room_messages.message AS mx_msg_msg,
    mx_room_messages.hsOrder AS mx_msg_hsOrder,
    mx_room_messages.sendStatus AS mx_msg_sendStatus,
    (
    SELECT json_object('id', linked.id, 'message', linked.message)
    FROM mx_room_messages linked
    WHERE mx_room_messages.inReplyToID IS NOT NULL
      AND (linked.eventID = mx_room_messages.inReplyToID OR linked.lastEditionID = mx_room_messages.inReplyToID)
    LIMIT 1
  ) AS mx_msg_linkedMessage,
    mx_room_messages.echo_echoID AS mx_msg_echo_echoID
  
[debug] [2026-04-17T20:28:28.399Z] [sqlite-worker] SELECT * FROM mx_read_receipts WHERE roomID = ? AND userID IN (?)
[debug] [2026-04-17T20:28:28.400Z] [sqlite-worker] 
    INSERT INTO mx_read_receipts (userID, timestamp, roomID, relatesToID, hsOrder, hsSuborder, hsOrderString, lastVisibleEventID)
    VALUES (?, ?, ?, ?, ?, ?, ?, COALESCE((
  SELECT eventID
  FROM mx_room_messages
  WHERE
    roomID = ? AND
    type != 'HIDDEN' AND
    type != 'REACTION' AND
    hsOrder <= ?
  ORDER BY hsOrder DESC LIMIT 1
), ?))
  ON CONFLICT(roomID, userID) DO UPDATE SET
    timestamp = excluded.timestamp,
    relatesToID = excluded.relatesToID,
    hsOrder = excluded.hsOrder,
    hsSuborder = excluded.hsSuborder,
    hsOrderString = excluded.hsOrderString,
    lastVisibleEventID = excluded.lastVisibleEventID
  WHERE excluded.hsOrder >= mx_read_receipts.hsOrder
  RETURNING *
  
[debug] [2026-04-17T20:28:28.401Z] [sqlite-worker] 
SELECT m.eventID, m.id
FROM mx_room_messages m
WHERE m.roomID = ? AND m.eventID IN (?, ?)
[debug] [2026-04-17T20:28:28.404Z] [sqlite-worker] INSERT OR REPLACE INTO threads (threadID, accountID, thread, timestamp, is_label) VALUES (?, ?, ?, ?, ?)
[debug] [2026-04-17T20:28:28.684Z] [sqlite-worker] 
SELECT
  t.accountID,
  t.thread,
  (
    SELECT json_group_array(
      json_object(
        'account_id', p.account_id,
        'participant_id', p.id,
        'room_id', p.room_id,
        'full_name', p.full_name,
        'nickname', p.nickname,
        'img_url', p.img_url,
        'is_verified', p.is_verified,
        'cannot_message', p.cannot_message,
        'is_self', p.is_self,
        'is_network_bot', p.is_network_bot,
        'added_by', p.added_by,
        'is_admin', p.is_admin,
        'is_pending', p.is_pending,
        'has_exited', p.has_exited,
        'identifiers', (
          SELECT json_group_array(
            json_object(
              'identifier', pi.identifier,
              'identifier_type', pi.identifier_type
            )
          )
          FROM participant_identifiers pi
          WHERE pi.account_id = p.account_id AND pi.participant_id = p.id
        )
      )
    )
    FROM participants p
    WHERE p.room_id = t.threadID AND p.account_id = t.accountID
  ) AS participants_json
FROM threads t
WHERE t.threadID = ?

[debug] [2026-04-17T20:28:35.750Z] [sqlite-worker] 
SELECT
  t.accountID,
  t.thread,
  (
    SELECT json_group_array(
      json_object(
        'account_id', p.account_id,
        'participant_id', p.id,
        'room_id', p.room_id,
        'full_name', p.full_name,
        'nickname', p.nickname,
        'img_url', p.img_url,
        'is_verified', p.is_verified,
        'cannot_message', p.cannot_message,
        'is_self', p.is_self,
        'is_network_bot', p.is_network_bot,
        'added_by', p.added_by,
        'is_admin', p.is_admin,
        'is_pending', p.is_pending,
        'has_exited', p.has_exited,
        'identifiers', (
          SELECT json_group_array(
            json_object(
              'identifier', pi.identifier,
              'identifier_type', pi.identifier_type
            )
          )
          FROM participant_identifiers pi
          WHERE pi.account_id = p.account_id AND pi.participant_id = p.id
        )
      )
    )
    FROM participants p
    WHERE p.room_id = t.threadID AND p.account_id = t.accountID
  ) AS participants_json
FROM threads t
WHERE t.threadID = ?

[debug] [2026-04-17T20:28:35.750Z] [sqlite-worker] SELECT * FROM mx_read_receipts WHERE roomID = ? AND userID IN (?)
[debug] [2026-04-17T20:28:35.751Z] [sqlite-worker] 
    INSERT INTO mx_read_receipts (userID, timestamp, roomID, relatesToID, hsOrder, hsSuborder, hsOrderString, lastVisibleEventID)
    VALUES (?, ?, ?, ?, ?, ?, ?, COALESCE((
  SELECT eventID
  FROM mx_room_messages
  WHERE
    roomID = ? AND
    type != 'HIDDEN' AND
    type != 'REACTION' AND
    hsOrder <= ?
  ORDER BY hsOrder DESC LIMIT 1
), ?))
  ON CONFLICT(roomID, userID) DO UPDATE SET
    timestamp = excluded.timestamp,
    relatesToID = excluded.relatesToID,
    hsOrder = excluded.hsOrder,
    hsSuborder = excluded.hsSuborder,
    hsOrderString = excluded.hsOrderString,
    lastVisibleEventID = excluded.lastVisibleEventID
  WHERE excluded.hsOrder >= mx_read_receipts.hsOrder
  RETURNING *
  
[debug] [2026-04-17T20:28:35.751Z] [sqlite-worker] 
    UPDATE mx_room_messages SET seenByMeAt = ? WHERE seenByMeAt IS NULL AND id IN (
      SELECT id FROM mx_room_messages WHERE roomID = ? AND hsOrder > ? AND hsOrder <= ? LIMIT 5000 -- limit to avoid long running queries
    )
  
[debug] [2026-04-17T20:28:35.751Z] [sqlite-worker] 
SELECT m.eventID, m.id
FROM mx_room_messages m
WHERE m.roomID = ? AND m.eventID IN (?)
[debug] [2026-04-17T20:28:35.752Z] [sqlite-worker] SELECT * FROM mx_read_receipts WHERE userID = ? AND roomID = ?
[debug] [2026-04-17T20:28:35.752Z] [sqlite-worker] 
      SELECT
          COUNT(DISTINCT mx_room_messages.id) AS unreadCount,
          SUM(CASE WHEN mention.value = '@room' OR mention.value = ? THEN 1 ELSE 0 END) AS unreadMentionsCount
      FROM mx_room_messages
      LEFT JOIN json_each(mx_room_messages.message, '$.mentions') AS mention
      WHERE
          mx_room_messages.roomId = ? AND
          mx_room_messages.isSentByMe = 0 AND
          mx_room_messages.isDeleted = 0 AND
          mx_room_messages.countsAsUnread = 1 AND
          mx_room_messages.hsOrder > ?
    
[debug] [2026-04-17T20:28:35.753Z] [sqlite-worker] INSERT OR REPLACE INTO threads (threadID, accountID, thread, timestamp, is_label) VALUES (?, ?, ?, ?, ?)
[debug] [2026-04-17T20:28:47.022Z] [sqlite-worker] 
SELECT
  t.accountID,
  t.thread,
  (
    SELECT json_group_array(
      json_object(
        'account_id', p.account_id,
        'participant_id', p.id,
        'room_id', p.room_id,
        'full_name', p.full_name,
        'nickname', p.nickname,
        'img_url', p.img_url,
        'is_verified', p.is_verified,
        'cannot_message', p.cannot_message,
        'is_self', p.is_self,
        'is_network_bot', p.is_network_bot,
        'added_by', p.added_by,
        'is_admin', p.is_admin,
        'is_pending', p.is_pending,
        'has_exited', p.has_exited,
        'identifiers', (
          SELECT json_group_array(
            json_object(
              'identifier', pi.identifier,
              'identifier_type', pi.identifier_type
            )
          )
          FROM participant_identifiers pi
          WHERE pi.account_id = p.account_id AND pi.participant_id = p.id
        )
      )
    )
    FROM participants p
    WHERE p.room_id = t.threadID AND p.account_id = t.accountID
  ) AS participants_json
FROM threads t
WHERE t.threadID = ?

[debug] [2026-04-17T20:28:47.025Z] [sqlite-worker] 
INSERT INTO mx_room_messages (
  id,
  roomID,
  eventID,
  senderContactID,
  timestamp,
  isEdited,
  lastEditionID,
  isDetached,
  lastEditionTimestamp,
  lastEditionOrder,
  isDeleted,
  isEncrypted,
  inReplyToID,
  isReplyThreadFallback,
  type,
  hsOrder,
  isSentByMe,
  replyCount,
  shouldNotify,
  shouldPreview,
  countsAsUnread,
  lastDeletionID,
  editedType,
  message,
  echo_echoID,
  seenByMeAt
) VALUES (?, ?, ?, ?, ?, ?, ?, ?, ?, ?, ?, ?, ?, ?, ?, ?, ?, ?, ?, ?, ?, ?, ?, ?, ?, ?)
ON CONFLICT(roomID, eventID) DO UPDATE SET
  senderContactID = excluded.senderContactID,
  timestamp = excluded.timestamp,
  isEdited = excluded.isEdited,
  lastEditionID = excluded.lastEditionID,
  isDetached = excluded.isDetached,
  lastEditionTimestamp = excluded.lastEditionTimestamp,
  lastEditionOrder = excluded.lastEditionOrder,
  isDeleted = excluded.isDeleted,
  isEncrypted = excluded.isEncrypted,
  inReplyToID = excluded.inReplyToID,
  isReplyThreadFallback = excluded.isReplyThreadFallback,
  type = excluded.type,
  hsOrder = excluded.hsOrder,
  isSentByMe = excluded.isSentByMe,
  replyCount = excluded.replyCount,
  shouldNotify = excluded.shouldNotify,
  shouldPreview = excluded.shouldPreview,
  countsAsUnread = excluded.countsAsUnread,
  lastDeletionID = excluded.lastDeletionID,
  editedType = excluded.editedType,
  message = excluded.message,
  echo_echoID = excluded.echo_echoID,
  seenByMeAt = excluded.seenByMeAt,
  sendStatus = NULL RETURNING 
    mx_room_messages.id AS mx_msg_id,
    mx_room_messages.roomID AS mx_msg_roomID,
    mx_room_messages.eventID AS mx_msg_eventID,
    mx_room_messages.message AS mx_msg_msg,
    mx_room_messages.hsOrder AS mx_msg_hsOrder,
    mx_room_messages.sendStatus AS mx_msg_sendStatus,
    (
    SELECT json_object('id', linked.id, 'message', linked.message)
    FROM mx_room_messages linked
    WHERE mx_room_messages.inReplyToID IS NOT NULL
      AND (linked.eventID = mx_room_messages.inReplyToID OR linked.lastEditionID = mx_room_messages.inReplyToID)
    LIMIT 1
  ) AS mx_msg_linkedMessage,
    mx_room_messages.echo_echoID AS mx_msg_echo_echoID
  
[debug] [2026-04-17T20:28:47.028Z] [sqlite-worker] SELECT * FROM mx_read_receipts WHERE userID = ? AND roomID = ?
[debug] [2026-04-17T20:28:47.028Z] [sqlite-worker] 
    INSERT INTO mx_read_receipts (userID, timestamp, roomID, relatesToID, hsOrder, hsSuborder, hsOrderString, lastVisibleEventID)
    VALUES (?, ?, ?, ?, ?, ?, ?, COALESCE((
  SELECT eventID
  FROM mx_room_messages
  WHERE
    roomID = ? AND
    type != 'HIDDEN' AND
    type != 'REACTION' AND
    hsOrder <= ?
  ORDER BY hsOrder DESC LIMIT 1
), ?))
  ON CONFLICT(roomID, userID) DO UPDATE SET
    timestamp = excluded.timestamp,
    relatesToID = excluded.relatesToID,
    hsOrder = excluded.hsOrder,
    hsSuborder = excluded.hsSuborder,
    hsOrderString = excluded.hsOrderString,
    lastVisibleEventID = excluded.lastVisibleEventID
  WHERE excluded.hsOrder >= mx_read_receipts.hsOrder
  RETURNING *
  
[debug] [2026-04-17T20:28:47.029Z] [sqlite-worker] 
    UPDATE mx_room_messages SET seenByMeAt = ? WHERE seenByMeAt IS NULL AND id IN (
      SELECT id FROM mx_room_messages WHERE roomID = ? AND hsOrder > ? AND hsOrder <= ? LIMIT 5000 -- limit to avoid long running queries
    )
  
[debug] [2026-04-17T20:28:47.030Z] [sqlite-worker] 
SELECT m.id
FROM mx_room_messages m
WHERE m.roomID = ? AND m.eventID = ?
LIMIT 1
    
[debug] [2026-04-17T20:28:47.032Z] [sqlite-worker] SELECT * FROM mx_read_receipts WHERE roomID = ? AND userID IN (?)
[debug] [2026-04-17T20:28:47.033Z] [sqlite-worker] 
    INSERT INTO mx_read_receipts (userID, timestamp, roomID, relatesToID, hsOrder, hsSuborder, hsOrderString, lastVisibleEventID)
    VALUES (?, ?, ?, ?, ?, ?, ?, COALESCE((
  SELECT eventID
  FROM mx_room_messages
  WHERE
    roomID = ? AND
    type != 'HIDDEN' AND
    type != 'REACTION' AND
    hsOrder <= ?
  ORDER BY hsOrder DESC LIMIT 1
), ?))
  ON CONFLICT(roomID, userID) DO UPDATE SET
    timestamp = excluded.timestamp,
    relatesToID = excluded.relatesToID,
    hsOrder = excluded.hsOrder,
    hsSuborder = excluded.hsSuborder,
    hsOrderString = excluded.hsOrderString,
    lastVisibleEventID = excluded.lastVisibleEventID
  WHERE excluded.hsOrder >= mx_read_receipts.hsOrder
  RETURNING *
  
[debug] [2026-04-17T20:28:47.034Z] [sqlite-worker] 
    UPDATE mx_room_messages SET seenByMeAt = ? WHERE seenByMeAt IS NULL AND id IN (
      SELECT id FROM mx_room_messages WHERE roomID = ? AND hsOrder > ? AND hsOrder <= ? LIMIT 5000 -- limit to avoid long running queries
    )
  
[debug] [2026-04-17T20:28:47.035Z] [sqlite-worker] SELECT * FROM mx_read_receipts WHERE userID = ? AND roomID = ?
[debug] [2026-04-17T20:28:47.035Z] [sqlite-worker] 
      SELECT
          COUNT(DISTINCT mx_room_messages.id) AS unreadCount,
          SUM(CASE WHEN mention.value = '@room' OR mention.value = ? THEN 1 ELSE 0 END) AS unreadMentionsCount
      FROM mx_room_messages
      LEFT JOIN json_each(mx_room_messages.message, '$.mentions') AS mention
      WHERE
          mx_room_messages.roomId = ? AND
          mx_room_messages.isSentByMe = 0 AND
          mx_room_messages.isDeleted = 0 AND
          mx_room_messages.countsAsUnread = 1 AND
          mx_room_messages.hsOrder > ?
    
[debug] [2026-04-17T20:28:47.040Z] [sqlite-worker] INSERT OR REPLACE INTO threads (threadID, accountID, thread, timestamp, is_label) VALUES (?, ?, ?, ?, ?)
[debug] [2026-04-17T20:28:48.108Z] [sqlite-worker] 
SELECT
  t.accountID,
  t.thread,
  (
    SELECT json_group_array(
      json_object(
        'account_id', p.account_id,
        'participant_id', p.id,
        'room_id', p.room_id,
        'full_name', p.full_name,
        'nickname', p.nickname,
        'img_url', p.img_url,
        'is_verified', p.is_verified,
        'cannot_message', p.cannot_message,
        'is_self', p.is_self,
        'is_network_bot', p.is_network_bot,
        'added_by', p.added_by,
        'is_admin', p.is_admin,
        'is_pending', p.is_pending,
        'has_exited', p.has_exited,
        'identifiers', (
          SELECT json_group_array(
            json_object(
              'identifier', pi.identifier,
              'identifier_type', pi.identifier_type
            )
          )
          FROM participant_identifiers pi
          WHERE pi.account_id = p.account_id AND pi.participant_id = p.id
        )
      )
    )
    FROM participants p
    WHERE p.room_id = t.threadID AND p.account_id = t.accountID
  ) AS participants_json
FROM threads t
WHERE t.threadID = ?

[debug] [2026-04-17T20:28:48.109Z] [sqlite-worker] 
SELECT m.id
FROM mx_room_messages m
WHERE m.roomID = ? AND m.lastEditionID = ?
LIMIT 1
    
[debug] [2026-04-17T20:28:48.109Z] [sqlite-worker] 
SELECT m.id
FROM mx_room_messages m
WHERE m.roomID = ? AND m.eventID = ?
LIMIT 1
    
[debug] [2026-04-17T20:28:48.109Z] [sqlite-worker] UPDATE mx_room_messages SET sendStatus = ? WHERE roomID = ? AND id = ?
[debug] [2026-04-17T20:28:48.109Z] [sqlite-worker] 
INSERT INTO mx_room_messages (
  id,
  roomID,
  eventID,
  senderContactID,
  timestamp,
  isEdited,
  lastEditionID,
  isDetached,
  lastEditionTimestamp,
  lastEditionOrder,
  isDeleted,
  isEncrypted,
  inReplyToID,
  isReplyThreadFallback,
  type,
  hsOrder,
  isSentByMe,
  replyCount,
  shouldNotify,
  shouldPreview,
  countsAsUnread,
  lastDeletionID,
  editedType,
  message,
  echo_echoID,
  seenByMeAt
) VALUES (?, ?, ?, ?, ?, ?, ?, ?, ?, ?, ?, ?, ?, ?, ?, ?, ?, ?, ?, ?, ?, ?, ?, ?, ?, ?)
ON CONFLICT(roomID, eventID) DO UPDATE SET
  senderContactID = excluded.senderContactID,
  timestamp = excluded.timestamp,
  isEdited = excluded.isEdited,
  lastEditionID = excluded.lastEditionID,
  isDetached = excluded.isDetached,
  lastEditionTimestamp = excluded.lastEditionTimestamp,
  lastEditionOrder = excluded.lastEditionOrder,
  isDeleted = excluded.isDeleted,
  isEncrypted = excluded.isEncrypted,
  inReplyToID = excluded.inReplyToID,
  isReplyThreadFallback = excluded.isReplyThreadFallback,
  type = excluded.type,
  hsOrder = excluded.hsOrder,
  isSentByMe = excluded.isSentByMe,
  replyCount = excluded.replyCount,
  shouldNotify = excluded.shouldNotify,
  shouldPreview = excluded.shouldPreview,
  countsAsUnread = excluded.countsAsUnread,
  lastDeletionID = excluded.lastDeletionID,
  editedType = excluded.editedType,
  message = excluded.message,
  echo_echoID = excluded.echo_echoID,
  seenByMeAt = excluded.seenByMeAt,
  sendStatus = NULL RETURNING id
[debug] [2026-04-17T20:28:48.335Z] [sqlite-worker] 
SELECT
  t.accountID,
  t.thread,
  (
    SELECT json_group_array(
      json_object(
        'account_id', p.account_id,
        'participant_id', p.id,
        'room_id', p.room_id,
        'full_name', p.full_name,
        'nickname', p.nickname,
        'img_url', p.img_url,
        'is_verified', p.is_verified,
        'cannot_message', p.cannot_message,
        'is_self', p.is_self,
        'is_network_bot', p.is_network_bot,
        'added_by', p.added_by,
        'is_admin', p.is_admin,
        'is_pending', p.is_pending,
        'has_exited', p.has_exited,
        'identifiers', (
          SELECT json_group_array(
            json_object(
              'identifier', pi.identifier,
              'identifier_type', pi.identifier_type
            )
          )
          FROM participant_identifiers pi
          WHERE pi.account_id = p.account_id AND pi.participant_id = p.id
        )
      )
    )
    FROM participants p
    WHERE p.room_id = t.threadID AND p.account_id = t.accountID
  ) AS participants_json
FROM threads t
WHERE t.threadID = ?

[debug] [2026-04-17T20:28:48.338Z] [sqlite-worker] 
INSERT INTO mx_room_messages (
  id,
  roomID,
  eventID,
  senderContactID,
  timestamp,
  isEdited,
  lastEditionID,
  isDetached,
  lastEditionTimestamp,
  lastEditionOrder,
  isDeleted,
  isEncrypted,
  inReplyToID,
  isReplyThreadFallback,
  type,
  hsOrder,
  isSentByMe,
  replyCount,
  shouldNotify,
  shouldPreview,
  countsAsUnread,
  lastDeletionID,
  editedType,
  message,
  echo_echoID,
  seenByMeAt
) VALUES (?, ?, ?, ?, ?, ?, ?, ?, ?, ?, ?, ?, ?, ?, ?, ?, ?, ?, ?, ?, ?, ?, ?, ?, ?, ?)
ON CONFLICT(roomID, eventID) DO UPDATE SET
  senderContactID = excluded.senderContactID,
  timestamp = excluded.timestamp,
  isEdited = excluded.isEdited,
  lastEditionID = excluded.lastEditionID,
  isDetached = excluded.isDetached,
  lastEditionTimestamp = excluded.lastEditionTimestamp,
  lastEditionOrder = excluded.lastEditionOrder,
  isDeleted = excluded.isDeleted,
  isEncrypted = excluded.isEncrypted,
  inReplyToID = excluded.inReplyToID,
  isReplyThreadFallback = excluded.isReplyThreadFallback,
  type = excluded.type,
  hsOrder = excluded.hsOrder,
  isSentByMe = excluded.isSentByMe,
  replyCount = excluded.replyCount,
  shouldNotify = excluded.shouldNotify,
  shouldPreview = excluded.shouldPreview,
  countsAsUnread = excluded.countsAsUnread,
  lastDeletionID = excluded.lastDeletionID,
  editedType = excluded.editedType,
  message = excluded.message,
  echo_echoID = excluded.echo_echoID,
  seenByMeAt = excluded.seenByMeAt,
  sendStatus = NULL RETURNING 
    mx_room_messages.id AS mx_msg_id,
    mx_room_messages.roomID AS mx_msg_roomID,
    mx_room_messages.eventID AS mx_msg_eventID,
    mx_room_messages.message AS mx_msg_msg,
    mx_room_messages.hsOrder AS mx_msg_hsOrder,
    mx_room_messages.sendStatus AS mx_msg_sendStatus,
    (
    SELECT json_object('id', linked.id, 'message', linked.message)
    FROM mx_room_messages linked
    WHERE mx_room_messages.inReplyToID IS NOT NULL
      AND (linked.eventID = mx_room_messages.inReplyToID OR linked.lastEditionID = mx_room_messages.inReplyToID)
    LIMIT 1
  ) AS mx_msg_linkedMessage,
    mx_room_messages.echo_echoID AS mx_msg_echo_echoID
  
[debug] [2026-04-17T20:28:48.341Z] [sqlite-worker] SELECT * FROM mx_read_receipts WHERE userID = ? AND roomID = ?
[debug] [2026-04-17T20:28:48.341Z] [sqlite-worker] 
    INSERT INTO mx_read_receipts (userID, timestamp, roomID, relatesToID, hsOrder, hsSuborder, hsOrderString, lastVisibleEventID)
    VALUES (?, ?, ?, ?, ?, ?, ?, COALESCE((
  SELECT eventID
  FROM mx_room_messages
  WHERE
    roomID = ? AND
    type != 'HIDDEN' AND
    type != 'REACTION' AND
    hsOrder <= ?
  ORDER BY hsOrder DESC LIMIT 1
), ?))
  ON CONFLICT(roomID, userID) DO UPDATE SET
    timestamp = excluded.timestamp,
    relatesToID = excluded.relatesToID,
    hsOrder = excluded.hsOrder,
    hsSuborder = excluded.hsSuborder,
    hsOrderString = excluded.hsOrderString,
    lastVisibleEventID = excluded.lastVisibleEventID
  WHERE excluded.hsOrder >= mx_read_receipts.hsOrder
  RETURNING *
  
[debug] [2026-04-17T20:28:48.343Z] [sqlite-worker] 
    UPDATE mx_room_messages SET seenByMeAt = ? WHERE seenByMeAt IS NULL AND id IN (
      SELECT id FROM mx_room_messages WHERE roomID = ? AND hsOrder > ? AND hsOrder <= ? LIMIT 5000 -- limit to avoid long running queries
    )
  
[debug] [2026-04-17T20:28:48.344Z] [sqlite-worker] 
SELECT m.id
FROM mx_room_messages m
WHERE m.roomID = ? AND m.eventID = ?
LIMIT 1
    
[debug] [2026-04-17T20:28:48.344Z] [sqlite-worker] SELECT * FROM mx_read_receipts WHERE roomID = ? AND userID IN (?)
[debug] [2026-04-17T20:28:48.345Z] [sqlite-worker] 
    INSERT INTO mx_read_receipts (userID, timestamp, roomID, relatesToID, hsOrder, hsSuborder, hsOrderString, lastVisibleEventID)
    VALUES (?, ?, ?, ?, ?, ?, ?, COALESCE((
  SELECT eventID
  FROM mx_room_messages
  WHERE
    roomID = ? AND
    type != 'HIDDEN' AND
    type != 'REACTION' AND
    hsOrder <= ?
  ORDER BY hsOrder DESC LIMIT 1
), ?))
  ON CONFLICT(roomID, userID) DO UPDATE SET
    timestamp = excluded.timestamp,
    relatesToID = excluded.relatesToID,
    hsOrder = excluded.hsOrder,
    hsSuborder = excluded.hsSuborder,
    hsOrderString = excluded.hsOrderString,
    lastVisibleEventID = excluded.lastVisibleEventID
  WHERE excluded.hsOrder >= mx_read_receipts.hsOrder
  RETURNING *
  
[debug] [2026-04-17T20:28:48.345Z] [sqlite-worker] 
    UPDATE mx_room_messages SET seenByMeAt = ? WHERE seenByMeAt IS NULL AND id IN (
      SELECT id FROM mx_room_messages WHERE roomID = ? AND hsOrder > ? AND hsOrder <= ? LIMIT 5000 -- limit to avoid long running queries
    )
  
[debug] [2026-04-17T20:28:48.345Z] [sqlite-worker] SELECT * FROM mx_read_receipts WHERE userID = ? AND roomID = ?
[debug] [2026-04-17T20:28:48.345Z] [sqlite-worker] 
      SELECT
          COUNT(DISTINCT mx_room_messages.id) AS unreadCount,
          SUM(CASE WHEN mention.value = '@room' OR mention.value = ? THEN 1 ELSE 0 END) AS unreadMentionsCount
      FROM mx_room_messages
      LEFT JOIN json_each(mx_room_messages.message, '$.mentions') AS mention
      WHERE
          mx_room_messages.roomId = ? AND
          mx_room_messages.isSentByMe = 0 AND
          mx_room_messages.isDeleted = 0 AND
          mx_room_messages.countsAsUnread = 1 AND
          mx_room_messages.hsOrder > ?
    
[debug] [2026-04-17T20:28:48.347Z] [sqlite-worker] INSERT OR REPLACE INTO threads (threadID, accountID, thread, timestamp, is_label) VALUES (?, ?, ?, ?, ?)
[debug] [2026-04-17T20:28:49.512Z] [sqlite-worker] INSERT OR REPLACE INTO key_values VALUES (?, ?)
[debug] [2026-04-17T20:28:50.259Z] [sqlite-worker] 
SELECT
  t.accountID,
  t.thread,
  (
    SELECT json_group_array(
      json_object(
        'account_id', p.account_id,
        'participant_id', p.id,
        'room_id', p.room_id,
        'full_name', p.full_name,
        'nickname', p.nickname,
        'img_url', p.img_url,
        'is_verified', p.is_verified,
        'cannot_message', p.cannot_message,
        'is_self', p.is_self,
        'is_network_bot', p.is_network_bot,
        'added_by', p.added_by,
        'is_admin', p.is_admin,
        'is_pending', p.is_pending,
        'has_exited', p.has_exited,
        'identifiers', (
          SELECT json_group_array(
            json_object(
              'identifier', pi.identifier,
              'identifier_type', pi.identifier_type
            )
          )
          FROM participant_identifiers pi
          WHERE pi.account_id = p.account_id AND pi.participant_id = p.id
        )
      )
    )
    FROM participants p
    WHERE p.room_id = t.threadID AND p.account_id = t.accountID
  ) AS participants_json
FROM threads t
WHERE t.threadID = ?

[debug] [2026-04-17T20:28:50.259Z] [sqlite-worker] 
SELECT m.id
FROM mx_room_messages m
WHERE m.roomID = ? AND m.lastEditionID = ?
LIMIT 1
    
[debug] [2026-04-17T20:28:50.260Z] [sqlite-worker] 
SELECT m.id
FROM mx_room_messages m
WHERE m.roomID = ? AND m.eventID = ?
LIMIT 1
    
[debug] [2026-04-17T20:28:50.260Z] [sqlite-worker] UPDATE mx_room_messages SET sendStatus = ? WHERE roomID = ? AND id = ?
[debug] [2026-04-17T20:28:50.260Z] [sqlite-worker] 
INSERT INTO mx_room_messages (
  id,
  roomID,
  eventID,
  senderContactID,
  timestamp,
  isEdited,
  lastEditionID,
  isDetached,
  lastEditionTimestamp,
  lastEditionOrder,
  isDeleted,
  isEncrypted,
  inReplyToID,
  isReplyThreadFallback,
  type,
  hsOrder,
  isSentByMe,
  replyCount,
  shouldNotify,
  shouldPreview,
  countsAsUnread,
  lastDeletionID,
  editedType,
  message,
  echo_echoID,
  seenByMeAt
) VALUES (?, ?, ?, ?, ?, ?, ?, ?, ?, ?, ?, ?, ?, ?, ?, ?, ?, ?, ?, ?, ?, ?, ?, ?, ?, ?)
ON CONFLICT(roomID, eventID) DO UPDATE SET
  senderContactID = excluded.senderContactID,
  timestamp = excluded.timestamp,
  isEdited = excluded.isEdited,
  lastEditionID = excluded.lastEditionID,
  isDetached = excluded.isDetached,
  lastEditionTimestamp = excluded.lastEditionTimestamp,
  lastEditionOrder = excluded.lastEditionOrder,
  isDeleted = excluded.isDeleted,
  isEncrypted = excluded.isEncrypted,
  inReplyToID = excluded.inReplyToID,
  isReplyThreadFallback = excluded.isReplyThreadFallback,
  type = excluded.type,
  hsOrder = excluded.hsOrder,
  isSentByMe = excluded.isSentByMe,
  replyCount = excluded.replyCount,
  shouldNotify = excluded.shouldNotify,
  shouldPreview = excluded.shouldPreview,
  countsAsUnread = excluded.countsAsUnread,
  lastDeletionID = excluded.lastDeletionID,
  editedType = excluded.editedType,
  message = excluded.message,
  echo_echoID = excluded.echo_echoID,
  seenByMeAt = excluded.seenByMeAt,
  sendStatus = NULL RETURNING id
[debug] [2026-04-17T20:28:52.849Z] [sqlite-worker] 
SELECT
  t.accountID,
  t.thread,
  (
    SELECT json_group_array(
      json_object(
        'account_id', p.account_id,
        'participant_id', p.id,
        'room_id', p.room_id,
        'full_name', p.full_name,
        'nickname', p.nickname,
        'img_url', p.img_url,
        'is_verified', p.is_verified,
        'cannot_message', p.cannot_message,
        'is_self', p.is_self,
        'is_network_bot', p.is_network_bot,
        'added_by', p.added_by,
        'is_admin', p.is_admin,
        'is_pending', p.is_pending,
        'has_exited', p.has_exited,
        'identifiers', (
          SELECT json_group_array(
            json_object(
              'identifier', pi.identifier,
              'identifier_type', pi.identifier_type
            )
          )
          FROM participant_identifiers pi
          WHERE pi.account_id = p.account_id AND pi.participant_id = p.id
        )
      )
    )
    FROM participants p
    WHERE p.room_id = t.threadID AND p.account_id = t.accountID
  ) AS participants_json
FROM threads t
WHERE t.threadID = ?

[debug] [2026-04-17T20:28:52.849Z] [sqlite-worker] 
SELECT m.id
FROM mx_room_messages m
WHERE m.roomID = ? AND m.lastEditionID = ?
LIMIT 1
    
[debug] [2026-04-17T20:28:52.849Z] [sqlite-worker] 
SELECT m.id
FROM mx_room_messages m
WHERE m.roomID = ? AND m.eventID = ?
LIMIT 1
    
[debug] [2026-04-17T20:28:52.850Z] [sqlite-worker] UPDATE mx_room_messages SET sendStatus = ? WHERE roomID = ? AND id = ?
[debug] [2026-04-17T20:28:52.850Z] [sqlite-worker] 
INSERT INTO mx_room_messages (
  id,
  roomID,
  eventID,
  senderContactID,
  timestamp,
  isEdited,
  lastEditionID,
  isDetached,
  lastEditionTimestamp,
  lastEditionOrder,
  isDeleted,
  isEncrypted,
  inReplyToID,
  isReplyThreadFallback,
  type,
  hsOrder,
  isSentByMe,
  replyCount,
  shouldNotify,
  shouldPreview,
  countsAsUnread,
  lastDeletionID,
  editedType,
  message,
  echo_echoID,
  seenByMeAt
) VALUES (?, ?, ?, ?, ?, ?, ?, ?, ?, ?, ?, ?, ?, ?, ?, ?, ?, ?, ?, ?, ?, ?, ?, ?, ?, ?)
ON CONFLICT(roomID, eventID) DO UPDATE SET
  senderContactID = excluded.senderContactID,
  timestamp = excluded.timestamp,
  isEdited = excluded.isEdited,
  lastEditionID = excluded.lastEditionID,
  isDetached = excluded.isDetached,
  lastEditionTimestamp = excluded.lastEditionTimestamp,
  lastEditionOrder = excluded.lastEditionOrder,
  isDeleted = excluded.isDeleted,
  isEncrypted = excluded.isEncrypted,
  inReplyToID = excluded.inReplyToID,
  isReplyThreadFallback = excluded.isReplyThreadFallback,
  type = excluded.type,
  hsOrder = excluded.hsOrder,
  isSentByMe = excluded.isSentByMe,
  replyCount = excluded.replyCount,
  shouldNotify = excluded.shouldNotify,
  shouldPreview = excluded.shouldPreview,
  countsAsUnread = excluded.countsAsUnread,
  lastDeletionID = excluded.lastDeletionID,
  editedType = excluded.editedType,
  message = excluded.message,
  echo_echoID = excluded.echo_echoID,
  seenByMeAt = excluded.seenByMeAt,
  sendStatus = NULL RETURNING id
[debug] [2026-04-17T20:28:53.189Z] [sqlite-worker] 
SELECT
  t.accountID,
  t.thread,
  (
    SELECT json_group_array(
      json_object(
        'account_id', p.account_id,
        'participant_id', p.id,
        'room_id', p.room_id,
        'full_name', p.full_name,
        'nickname', p.nickname,
        'img_url', p.img_url,
        'is_verified', p.is_verified,
        'cannot_message', p.cannot_message,
        'is_self', p.is_self,
        'is_network_bot', p.is_network_bot,
        'added_by', p.added_by,
        'is_admin', p.is_admin,
        'is_pending', p.is_pending,
        'has_exited', p.has_exited,
        'identifiers', (
          SELECT json_group_array(
            json_object(
              'identifier', pi.identifier,
              'identifier_type', pi.identifier_type
            )
          )
          FROM participant_identifiers pi
          WHERE pi.account_id = p.account_id AND pi.participant_id = p.id
        )
      )
    )
    FROM participants p
    WHERE p.room_id = t.threadID AND p.account_id = t.accountID
  ) AS participants_json
FROM threads t
WHERE t.threadID = ?

[debug] [2026-04-17T20:28:53.190Z] [sqlite-worker] 
SELECT m.id
FROM mx_room_messages m
WHERE m.roomID = ? AND m.lastEditionID = ?
LIMIT 1
    
[debug] [2026-04-17T20:28:53.190Z] [sqlite-worker] 
SELECT m.id
FROM mx_room_messages m
WHERE m.roomID = ? AND m.eventID = ?
LIMIT 1
    
[debug] [2026-04-17T20:28:53.190Z] [sqlite-worker] UPDATE mx_room_messages SET sendStatus = ? WHERE roomID = ? AND id = ?
[debug] [2026-04-17T20:28:53.191Z] [sqlite-worker] 
INSERT INTO mx_room_messages (
  id,
  roomID,
  eventID,
  senderContactID,
  timestamp,
  isEdited,
  lastEditionID,
  isDetached,
  lastEditionTimestamp,
  lastEditionOrder,
  isDeleted,
  isEncrypted,
  inReplyToID,
  isReplyThreadFallback,
  type,
  hsOrder,
  isSentByMe,
  replyCount,
  shouldNotify,
  shouldPreview,
  countsAsUnread,
  lastDeletionID,
  editedType,
  message,
  echo_echoID,
  seenByMeAt
) VALUES (?, ?, ?, ?, ?, ?, ?, ?, ?, ?, ?, ?, ?, ?, ?, ?, ?, ?, ?, ?, ?, ?, ?, ?, ?, ?)
ON CONFLICT(roomID, eventID) DO UPDATE SET
  senderContactID = excluded.senderContactID,
  timestamp = excluded.timestamp,
  isEdited = excluded.isEdited,
  lastEditionID = excluded.lastEditionID,
  isDetached = excluded.isDetached,
  lastEditionTimestamp = excluded.lastEditionTimestamp,
  lastEditionOrder = excluded.lastEditionOrder,
  isDeleted = excluded.isDeleted,
  isEncrypted = excluded.isEncrypted,
  inReplyToID = excluded.inReplyToID,
  isReplyThreadFallback = excluded.isReplyThreadFallback,
  type = excluded.type,
  hsOrder = excluded.hsOrder,
  isSentByMe = excluded.isSentByMe,
  replyCount = excluded.replyCount,
  shouldNotify = excluded.shouldNotify,
  shouldPreview = excluded.shouldPreview,
  countsAsUnread = excluded.countsAsUnread,
  lastDeletionID = excluded.lastDeletionID,
  editedType = excluded.editedType,
  message = excluded.message,
  echo_echoID = excluded.echo_echoID,
  seenByMeAt = excluded.seenByMeAt,
  sendStatus = NULL RETURNING id
[debug] [2026-04-17T20:28:53.526Z] [sqlite-worker] 
SELECT
  t.accountID,
  t.thread,
  (
    SELECT json_group_array(
      json_object(
        'account_id', p.account_id,
        'participant_id', p.id,
        'room_id', p.room_id,
        'full_name', p.full_name,
        'nickname', p.nickname,
        'img_url', p.img_url,
        'is_verified', p.is_verified,
        'cannot_message', p.cannot_message,
        'is_self', p.is_self,
        'is_network_bot', p.is_network_bot,
        'added_by', p.added_by,
        'is_admin', p.is_admin,
        'is_pending', p.is_pending,
        'has_exited', p.has_exited,
        'identifiers', (
          SELECT json_group_array(
            json_object(
              'identifier', pi.identifier,
              'identifier_type', pi.identifier_type
            )
          )
          FROM participant_identifiers pi
          WHERE pi.account_id = p.account_id AND pi.participant_id = p.id
        )
      )
    )
    FROM participants p
    WHERE p.room_id = t.threadID AND p.account_id = t.accountID
  ) AS participants_json
FROM threads t
WHERE t.threadID = ?

[debug] [2026-04-17T20:28:53.528Z] [sqlite-worker] 
INSERT INTO mx_room_messages (
  id,
  roomID,
  eventID,
  senderContactID,
  timestamp,
  isEdited,
  lastEditionID,
  isDetached,
  lastEditionTimestamp,
  lastEditionOrder,
  isDeleted,
  isEncrypted,
  inReplyToID,
  isReplyThreadFallback,
  type,
  hsOrder,
  isSentByMe,
  replyCount,
  shouldNotify,
  shouldPreview,
  countsAsUnread,
  lastDeletionID,
  editedType,
  message,
  echo_echoID,
  seenByMeAt
) VALUES (?, ?, ?, ?, ?, ?, ?, ?, ?, ?, ?, ?, ?, ?, ?, ?, ?, ?, ?, ?, ?, ?, ?, ?, ?, ?)
ON CONFLICT(roomID, eventID) DO UPDATE SET
  senderContactID = excluded.senderContactID,
  timestamp = excluded.timestamp,
  isEdited = excluded.isEdited,
  lastEditionID = excluded.lastEditionID,
  isDetached = excluded.isDetached,
  lastEditionTimestamp = excluded.lastEditionTimestamp,
  lastEditionOrder = excluded.lastEditionOrder,
  isDeleted = excluded.isDeleted,
  isEncrypted = excluded.isEncrypted,
  inReplyToID = excluded.inReplyToID,
  isReplyThreadFallback = excluded.isReplyThreadFallback,
  type = excluded.type,
  hsOrder = excluded.hsOrder,
  isSentByMe = excluded.isSentByMe,
  replyCount = excluded.replyCount,
  shouldNotify = excluded.shouldNotify,
  shouldPreview = excluded.shouldPreview,
  countsAsUnread = excluded.countsAsUnread,
  lastDeletionID = excluded.lastDeletionID,
  editedType = excluded.editedType,
  message = excluded.message,
  echo_echoID = excluded.echo_echoID,
  seenByMeAt = excluded.seenByMeAt,
  sendStatus = NULL RETURNING 
    mx_room_messages.id AS mx_msg_id,
    mx_room_messages.roomID AS mx_msg_roomID,
    mx_room_messages.eventID AS mx_msg_eventID,
    mx_room_messages.message AS mx_msg_msg,
    mx_room_messages.hsOrder AS mx_msg_hsOrder,
    mx_room_messages.sendStatus AS mx_msg_sendStatus,
    (
    SELECT json_object('id', linked.id, 'message', linked.message)
    FROM mx_room_messages linked
    WHERE mx_room_messages.inReplyToID IS NOT NULL
      AND (linked.eventID = mx_room_messages.inReplyToID OR linked.lastEditionID = mx_room_messages.inReplyToID)
    LIMIT 1
  ) AS mx_msg_linkedMessage,
    mx_room_messages.echo_echoID AS mx_msg_echo_echoID
  
[debug] [2026-04-17T20:28:53.530Z] [sqlite-worker] SELECT * FROM mx_read_receipts WHERE userID = ? AND roomID = ?
[debug] [2026-04-17T20:28:53.531Z] [sqlite-worker] 
    INSERT INTO mx_read_receipts (userID, timestamp, roomID, relatesToID, hsOrder, hsSuborder, hsOrderString, lastVisibleEventID)
    VALUES (?, ?, ?, ?, ?, ?, ?, COALESCE((
  SELECT eventID
  FROM mx_room_messages
  WHERE
    roomID = ? AND
    type != 'HIDDEN' AND
    type != 'REACTION' AND
    hsOrder <= ?
  ORDER BY hsOrder DESC LIMIT 1
), ?))
  ON CONFLICT(roomID, userID) DO UPDATE SET
    timestamp = excluded.timestamp,
    relatesToID = excluded.relatesToID,
    hsOrder = excluded.hsOrder,
    hsSuborder = excluded.hsSuborder,
    hsOrderString = excluded.hsOrderString,
    lastVisibleEventID = excluded.lastVisibleEventID
  WHERE excluded.hsOrder >= mx_read_receipts.hsOrder
  RETURNING *
  
[debug] [2026-04-17T20:28:53.532Z] [sqlite-worker] 
    UPDATE mx_room_messages SET seenByMeAt = ? WHERE seenByMeAt IS NULL AND id IN (
      SELECT id FROM mx_room_messages WHERE roomID = ? AND hsOrder > ? AND hsOrder <= ? LIMIT 5000 -- limit to avoid long running queries
    )
  
[debug] [2026-04-17T20:28:53.535Z] [sqlite-worker] 
SELECT m.id
FROM mx_room_messages m
WHERE m.roomID = ? AND m.eventID = ?
LIMIT 1
    
[debug] [2026-04-17T20:28:53.537Z] [sqlite-worker] SELECT * FROM mx_read_receipts WHERE roomID = ? AND userID IN (?)
[debug] [2026-04-17T20:28:53.537Z] [sqlite-worker] 
    INSERT INTO mx_read_receipts (userID, timestamp, roomID, relatesToID, hsOrder, hsSuborder, hsOrderString, lastVisibleEventID)
    VALUES (?, ?, ?, ?, ?, ?, ?, COALESCE((
  SELECT eventID
  FROM mx_room_messages
  WHERE
    roomID = ? AND
    type != 'HIDDEN' AND
    type != 'REACTION' AND
    hsOrder <= ?
  ORDER BY hsOrder DESC LIMIT 1
), ?))
  ON CONFLICT(roomID, userID) DO UPDATE SET
    timestamp = excluded.timestamp,
    relatesToID = excluded.relatesToID,
    hsOrder = excluded.hsOrder,
    hsSuborder = excluded.hsSuborder,
    hsOrderString = excluded.hsOrderString,
    lastVisibleEventID = excluded.lastVisibleEventID
  WHERE excluded.hsOrder >= mx_read_receipts.hsOrder
  RETURNING *
  
[debug] [2026-04-17T20:28:53.538Z] [sqlite-worker] 
    UPDATE mx_room_messages SET seenByMeAt = ? WHERE seenByMeAt IS NULL AND id IN (
      SELECT id FROM mx_room_messages WHERE roomID = ? AND hsOrder > ? AND hsOrder <= ? LIMIT 5000 -- limit to avoid long running queries
    )
  
[debug] [2026-04-17T20:28:53.539Z] [sqlite-worker] SELECT * FROM mx_read_receipts WHERE userID = ? AND roomID = ?
[debug] [2026-04-17T20:28:53.540Z] [sqlite-worker] 
      SELECT
          COUNT(DISTINCT mx_room_messages.id) AS unreadCount,
          SUM(CASE WHEN mention.value = '@room' OR mention.value = ? THEN 1 ELSE 0 END) AS unreadMentionsCount
      FROM mx_room_messages
      LEFT JOIN json_each(mx_room_messages.message, '$.mentions') AS mention
      WHERE
          mx_room_messages.roomId = ? AND
          mx_room_messages.isSentByMe = 0 AND
          mx_room_messages.isDeleted = 0 AND
          mx_room_messages.countsAsUnread = 1 AND
          mx_room_messages.hsOrder > ?
    
[debug] [2026-04-17T20:28:53.544Z] [sqlite-worker] INSERT OR REPLACE INTO threads (threadID, accountID, thread, timestamp, is_label) VALUES (?, ?, ?, ?, ?)
[debug] [2026-04-17T20:28:54.286Z] [sqlite-worker] 
SELECT
  t.accountID,
  t.thread,
  (
    SELECT json_group_array(
      json_object(
        'account_id', p.account_id,
        'participant_id', p.id,
        'room_id', p.room_id,
        'full_name', p.full_name,
        'nickname', p.nickname,
        'img_url', p.img_url,
        'is_verified', p.is_verified,
        'cannot_message', p.cannot_message,
        'is_self', p.is_self,
        'is_network_bot', p.is_network_bot,
        'added_by', p.added_by,
        'is_admin', p.is_admin,
        'is_pending', p.is_pending,
        'has_exited', p.has_exited,
        'identifiers', (
          SELECT json_group_array(
            json_object(
              'identifier', pi.identifier,
              'identifier_type', pi.identifier_type
            )
          )
          FROM participant_identifiers pi
          WHERE pi.account_id = p.account_id AND pi.participant_id = p.id
        )
      )
    )
    FROM participants p
    WHERE p.room_id = t.threadID AND p.account_id = t.accountID
  ) AS participants_json
FROM threads t
WHERE t.threadID = ?

[debug] [2026-04-17T20:28:54.288Z] [sqlite-worker] SELECT * FROM mx_read_receipts WHERE roomID = ? AND userID IN (?)
[debug] [2026-04-17T20:28:54.289Z] [sqlite-worker] 
    INSERT INTO mx_read_receipts (userID, timestamp, roomID, relatesToID, hsOrder, hsSuborder, hsOrderString, lastVisibleEventID)
    VALUES (?, ?, ?, ?, ?, ?, ?, COALESCE((
  SELECT eventID
  FROM mx_room_messages
  WHERE
    roomID = ? AND
    type != 'HIDDEN' AND
    type != 'REACTION' AND
    hsOrder <= ?
  ORDER BY hsOrder DESC LIMIT 1
), ?))
  ON CONFLICT(roomID, userID) DO UPDATE SET
    timestamp = excluded.timestamp,
    relatesToID = excluded.relatesToID,
    hsOrder = excluded.hsOrder,
    hsSuborder = excluded.hsSuborder,
    hsOrderString = excluded.hsOrderString,
    lastVisibleEventID = excluded.lastVisibleEventID
  WHERE excluded.hsOrder >= mx_read_receipts.hsOrder
  RETURNING *
  
[debug] [2026-04-17T20:28:54.289Z] [sqlite-worker] 
SELECT m.eventID, m.id
FROM mx_room_messages m
WHERE m.roomID = ? AND m.eventID IN (?, ?)
[debug] [2026-04-17T20:28:56.535Z] [sqlite-worker] 
SELECT
  t.accountID,
  t.thread,
  (
    SELECT json_group_array(
      json_object(
        'account_id', p.account_id,
        'participant_id', p.id,
        'room_id', p.room_id,
        'full_name', p.full_name,
        'nickname', p.nickname,
        'img_url', p.img_url,
        'is_verified', p.is_verified,
        'cannot_message', p.cannot_message,
        'is_self', p.is_self,
        'is_network_bot', p.is_network_bot,
        'added_by', p.added_by,
        'is_admin', p.is_admin,
        'is_pending', p.is_pending,
        'has_exited', p.has_exited,
        'identifiers', (
          SELECT json_group_array(
            json_object(
              'identifier', pi.identifier,
              'identifier_type', pi.identifier_type
            )
          )
          FROM participant_identifiers pi
          WHERE pi.account_id = p.account_id AND pi.participant_id = p.id
        )
      )
    )
    FROM participants p
    WHERE p.room_id = t.threadID AND p.account_id = t.accountID
  ) AS participants_json
FROM threads t
WHERE t.threadID = ?

[debug] [2026-04-17T20:28:56.536Z] [sqlite-worker] 
SELECT m.id
FROM mx_room_messages m
WHERE m.roomID = ? AND m.lastEditionID = ?
LIMIT 1
    
[debug] [2026-04-17T20:28:56.536Z] [sqlite-worker] 
SELECT m.id
FROM mx_room_messages m
WHERE m.roomID = ? AND m.eventID = ?
LIMIT 1
    
[debug] [2026-04-17T20:28:56.536Z] [sqlite-worker] UPDATE mx_room_messages SET sendStatus = ? WHERE roomID = ? AND id = ?
[debug] [2026-04-17T20:28:56.537Z] [sqlite-worker] 
INSERT INTO mx_room_messages (
  id,
  roomID,
  eventID,
  senderContactID,
  timestamp,
  isEdited,
  lastEditionID,
  isDetached,
  lastEditionTimestamp,
  lastEditionOrder,
  isDeleted,
  isEncrypted,
  inReplyToID,
  isReplyThreadFallback,
  type,
  hsOrder,
  isSentByMe,
  replyCount,
  shouldNotify,
  shouldPreview,
  countsAsUnread,
  lastDeletionID,
  editedType,
  message,
  echo_echoID,
  seenByMeAt
) VALUES (?, ?, ?, ?, ?, ?, ?, ?, ?, ?, ?, ?, ?, ?, ?, ?, ?, ?, ?, ?, ?, ?, ?, ?, ?, ?)
ON CONFLICT(roomID, eventID) DO UPDATE SET
  senderContactID = excluded.senderContactID,
  timestamp = excluded.timestamp,
  isEdited = excluded.isEdited,
  lastEditionID = excluded.lastEditionID,
  isDetached = excluded.isDetached,
  lastEditionTimestamp = excluded.lastEditionTimestamp,
  lastEditionOrder = excluded.lastEditionOrder,
  isDeleted = excluded.isDeleted,
  isEncrypted = excluded.isEncrypted,
  inReplyToID = excluded.inReplyToID,
  isReplyThreadFallback = excluded.isReplyThreadFallback,
  type = excluded.type,
  hsOrder = excluded.hsOrder,
  isSentByMe = excluded.isSentByMe,
  replyCount = excluded.replyCount,
  shouldNotify = excluded.shouldNotify,
  shouldPreview = excluded.shouldPreview,
  countsAsUnread = excluded.countsAsUnread,
  lastDeletionID = excluded.lastDeletionID,
  editedType = excluded.editedType,
  message = excluded.message,
  echo_echoID = excluded.echo_echoID,
  seenByMeAt = excluded.seenByMeAt,
  sendStatus = NULL RETURNING id
[debug] [2026-04-17T20:28:57.669Z] [sqlite-worker] 
SELECT
  t.accountID,
  t.thread,
  (
    SELECT json_group_array(
      json_object(
        'account_id', p.account_id,
        'participant_id', p.id,
        'room_id', p.room_id,
        'full_name', p.full_name,
        'nickname', p.nickname,
        'img_url', p.img_url,
        'is_verified', p.is_verified,
        'cannot_message', p.cannot_message,
        'is_self', p.is_self,
        'is_network_bot', p.is_network_bot,
        'added_by', p.added_by,
        'is_admin', p.is_admin,
        'is_pending', p.is_pending,
        'has_exited', p.has_exited,
        'identifiers', (
          SELECT json_group_array(
            json_object(
              'identifier', pi.identifier,
              'identifier_type', pi.identifier_type
            )
          )
          FROM participant_identifiers pi
          WHERE pi.account_id = p.account_id AND pi.participant_id = p.id
        )
      )
    )
    FROM participants p
    WHERE p.room_id = t.threadID AND p.account_id = t.accountID
  ) AS participants_json
FROM threads t
WHERE t.threadID = ?

[debug] [2026-04-17T20:28:57.671Z] [sqlite-worker] SELECT * FROM mx_read_receipts WHERE roomID = ? AND userID IN (?)
[debug] [2026-04-17T20:28:57.672Z] [sqlite-worker] 
    INSERT INTO mx_read_receipts (userID, timestamp, roomID, relatesToID, hsOrder, hsSuborder, hsOrderString, lastVisibleEventID)
    VALUES (?, ?, ?, ?, ?, ?, ?, COALESCE((
  SELECT eventID
  FROM mx_room_messages
  WHERE
    roomID = ? AND
    type != 'HIDDEN' AND
    type != 'REACTION' AND
    hsOrder <= ?
  ORDER BY hsOrder DESC LIMIT 1
), ?))
  ON CONFLICT(roomID, userID) DO UPDATE SET
    timestamp = excluded.timestamp,
    relatesToID = excluded.relatesToID,
    hsOrder = excluded.hsOrder,
    hsSuborder = excluded.hsSuborder,
    hsOrderString = excluded.hsOrderString,
    lastVisibleEventID = excluded.lastVisibleEventID
  WHERE excluded.hsOrder >= mx_read_receipts.hsOrder
  RETURNING *
  
[debug] [2026-04-17T20:28:57.673Z] [sqlite-worker] 
SELECT m.eventID, m.id
FROM mx_room_messages m
WHERE m.roomID = ? AND m.eventID IN (?, ?)
[debug] [2026-04-17T20:28:57.960Z] [sqlite-worker] 
SELECT
  t.accountID,
  t.thread,
  (
    SELECT json_group_array(
      json_object(
        'account_id', p.account_id,
        'participant_id', p.id,
        'room_id', p.room_id,
        'full_name', p.full_name,
        'nickname', p.nickname,
        'img_url', p.img_url,
        'is_verified', p.is_verified,
        'cannot_message', p.cannot_message,
        'is_self', p.is_self,
        'is_network_bot', p.is_network_bot,
        'added_by', p.added_by,
        'is_admin', p.is_admin,
        'is_pending', p.is_pending,
        'has_exited', p.has_exited,
        'identifiers', (
          SELECT json_group_array(
            json_object(
              'identifier', pi.identifier,
              'identifier_type', pi.identifier_type
            )
          )
          FROM participant_identifiers pi
          WHERE pi.account_id = p.account_id AND pi.participant_id = p.id
        )
      )
    )
    FROM participants p
    WHERE p.room_id = t.threadID AND p.account_id = t.accountID
  ) AS participants_json
FROM threads t
WHERE t.threadID = ?

[debug] [2026-04-17T20:28:57.963Z] [sqlite-worker] 
INSERT INTO mx_room_messages (
  id,
  roomID,
  eventID,
  senderContactID,
  timestamp,
  isEdited,
  lastEditionID,
  isDetached,
  lastEditionTimestamp,
  lastEditionOrder,
  isDeleted,
  isEncrypted,
  inReplyToID,
  isReplyThreadFallback,
  type,
  hsOrder,
  isSentByMe,
  replyCount,
  shouldNotify,
  shouldPreview,
  countsAsUnread,
  lastDeletionID,
  editedType,
  message,
  echo_echoID,
  seenByMeAt
) VALUES (?, ?, ?, ?, ?, ?, ?, ?, ?, ?, ?, ?, ?, ?, ?, ?, ?, ?, ?, ?, ?, ?, ?, ?, ?, ?)
ON CONFLICT(roomID, eventID) DO UPDATE SET
  senderContactID = excluded.senderContactID,
  timestamp = excluded.timestamp,
  isEdited = excluded.isEdited,
  lastEditionID = excluded.lastEditionID,
  isDetached = excluded.isDetached,
  lastEditionTimestamp = excluded.lastEditionTimestamp,
  lastEditionOrder = excluded.lastEditionOrder,
  isDeleted = excluded.isDeleted,
  isEncrypted = excluded.isEncrypted,
  inReplyToID = excluded.inReplyToID,
  isReplyThreadFallback = excluded.isReplyThreadFallback,
  type = excluded.type,
  hsOrder = excluded.hsOrder,
  isSentByMe = excluded.isSentByMe,
  replyCount = excluded.replyCount,
  shouldNotify = excluded.shouldNotify,
  shouldPreview = excluded.shouldPreview,
  countsAsUnread = excluded.countsAsUnread,
  lastDeletionID = excluded.lastDeletionID,
  editedType = excluded.editedType,
  message = excluded.message,
  echo_echoID = excluded.echo_echoID,
  seenByMeAt = excluded.seenByMeAt,
  sendStatus = NULL RETURNING 
    mx_room_messages.id AS mx_msg_id,
    mx_room_messages.roomID AS mx_msg_roomID,
    mx_room_messages.eventID AS mx_msg_eventID,
    mx_room_messages.message AS mx_msg_msg,
    mx_room_messages.hsOrder AS mx_msg_hsOrder,
    mx_room_messages.sendStatus AS mx_msg_sendStatus,
    (
    SELECT json_object('id', linked.id, 'message', linked.message)
    FROM mx_room_messages linked
    WHERE mx_room_messages.inReplyToID IS NOT NULL
      AND (linked.eventID = mx_room_messages.inReplyToID OR linked.lastEditionID = mx_room_messages.inReplyToID)
    LIMIT 1
  ) AS mx_msg_linkedMessage,
    mx_room_messages.echo_echoID AS mx_msg_echo_echoID
  
[debug] [2026-04-17T20:28:57.966Z] [sqlite-worker] SELECT * FROM mx_read_receipts WHERE userID = ? AND roomID = ?
[debug] [2026-04-17T20:28:57.967Z] [sqlite-worker] 
    INSERT INTO mx_read_receipts (userID, timestamp, roomID, relatesToID, hsOrder, hsSuborder, hsOrderString, lastVisibleEventID)
    VALUES (?, ?, ?, ?, ?, ?, ?, COALESCE((
  SELECT eventID
  FROM mx_room_messages
  WHERE
    roomID = ? AND
    type != 'HIDDEN' AND
    type != 'REACTION' AND
    hsOrder <= ?
  ORDER BY hsOrder DESC LIMIT 1
), ?))
  ON CONFLICT(roomID, userID) DO UPDATE SET
    timestamp = excluded.timestamp,
    relatesToID = excluded.relatesToID,
    hsOrder = excluded.hsOrder,
    hsSuborder = excluded.hsSuborder,
    hsOrderString = excluded.hsOrderString,
    lastVisibleEventID = excluded.lastVisibleEventID
  WHERE excluded.hsOrder >= mx_read_receipts.hsOrder
  RETURNING *
  
[debug] [2026-04-17T20:28:57.968Z] [sqlite-worker] 
    UPDATE mx_room_messages SET seenByMeAt = ? WHERE seenByMeAt IS NULL AND id IN (
      SELECT id FROM mx_room_messages WHERE roomID = ? AND hsOrder > ? AND hsOrder <= ? LIMIT 5000 -- limit to avoid long running queries
    )
  
[debug] [2026-04-17T20:28:57.970Z] [sqlite-worker] 
SELECT m.id
FROM mx_room_messages m
WHERE m.roomID = ? AND m.eventID = ?
LIMIT 1
    
[debug] [2026-04-17T20:28:57.971Z] [sqlite-worker] SELECT * FROM mx_read_receipts WHERE roomID = ? AND userID IN (?)
[debug] [2026-04-17T20:28:57.972Z] [sqlite-worker] 
    INSERT INTO mx_read_receipts (userID, timestamp, roomID, relatesToID, hsOrder, hsSuborder, hsOrderString, lastVisibleEventID)
    VALUES (?, ?, ?, ?, ?, ?, ?, COALESCE((
  SELECT eventID
  FROM mx_room_messages
  WHERE
    roomID = ? AND
    type != 'HIDDEN' AND
    type != 'REACTION' AND
    hsOrder <= ?
  ORDER BY hsOrder DESC LIMIT 1
), ?))
  ON CONFLICT(roomID, userID) DO UPDATE SET
    timestamp = excluded.timestamp,
    relatesToID = excluded.relatesToID,
    hsOrder = excluded.hsOrder,
    hsSuborder = excluded.hsSuborder,
    hsOrderString = excluded.hsOrderString,
    lastVisibleEventID = excluded.lastVisibleEventID
  WHERE excluded.hsOrder >= mx_read_receipts.hsOrder
  RETURNING *
  
[debug] [2026-04-17T20:28:57.974Z] [sqlite-worker] 
    UPDATE mx_room_messages SET seenByMeAt = ? WHERE seenByMeAt IS NULL AND id IN (
      SELECT id FROM mx_room_messages WHERE roomID = ? AND hsOrder > ? AND hsOrder <= ? LIMIT 5000 -- limit to avoid long running queries
    )
  
[debug] [2026-04-17T20:28:57.975Z] [sqlite-worker] SELECT * FROM mx_read_receipts WHERE userID = ? AND roomID = ?
[debug] [2026-04-17T20:28:57.976Z] [sqlite-worker] 
      SELECT
          COUNT(DISTINCT mx_room_messages.id) AS unreadCount,
          SUM(CASE WHEN mention.value = '@room' OR mention.value = ? THEN 1 ELSE 0 END) AS unreadMentionsCount
      FROM mx_room_messages
      LEFT JOIN json_each(mx_room_messages.message, '$.mentions') AS mention
      WHERE
          mx_room_messages.roomId = ? AND
          mx_room_messages.isSentByMe = 0 AND
          mx_room_messages.isDeleted = 0 AND
          mx_room_messages.countsAsUnread = 1 AND
          mx_room_messages.hsOrder > ?
    
[debug] [2026-04-17T20:28:57.983Z] [sqlite-worker] INSERT OR REPLACE INTO threads (threadID, accountID, thread, timestamp, is_label) VALUES (?, ?, ?, ?, ?)
[debug] [2026-04-17T20:28:59.780Z] [sqlite-worker] 
SELECT
  t.accountID,
  t.thread,
  (
    SELECT json_group_array(
      json_object(
        'account_id', p.account_id,
        'participant_id', p.id,
        'room_id', p.room_id,
        'full_name', p.full_name,
        'nickname', p.nickname,
        'img_url', p.img_url,
        'is_verified', p.is_verified,
        'cannot_message', p.cannot_message,
        'is_self', p.is_self,
        'is_network_bot', p.is_network_bot,
        'added_by', p.added_by,
        'is_admin', p.is_admin,
        'is_pending', p.is_pending,
        'has_exited', p.has_exited,
        'identifiers', (
          SELECT json_group_array(
            json_object(
              'identifier', pi.identifier,
              'identifier_type', pi.identifier_type
            )
          )
          FROM participant_identifiers pi
          WHERE pi.account_id = p.account_id AND pi.participant_id = p.id
        )
      )
    )
    FROM participants p
    WHERE p.room_id = t.threadID AND p.account_id = t.accountID
  ) AS participants_json
FROM threads t
WHERE t.threadID = ?

[debug] [2026-04-17T20:28:59.781Z] [sqlite-worker] SELECT * FROM mx_read_receipts WHERE roomID = ? AND userID IN (?)
[debug] [2026-04-17T20:28:59.781Z] [sqlite-worker] 
    INSERT INTO mx_read_receipts (userID, timestamp, roomID, relatesToID, hsOrder, hsSuborder, hsOrderString, lastVisibleEventID)
    VALUES (?, ?, ?, ?, ?, ?, ?, COALESCE((
  SELECT eventID
  FROM mx_room_messages
  WHERE
    roomID = ? AND
    type != 'HIDDEN' AND
    type != 'REACTION' AND
    hsOrder <= ?
  ORDER BY hsOrder DESC LIMIT 1
), ?))
  ON CONFLICT(roomID, userID) DO UPDATE SET
    timestamp = excluded.timestamp,
    relatesToID = excluded.relatesToID,
    hsOrder = excluded.hsOrder,
    hsSuborder = excluded.hsSuborder,
    hsOrderString = excluded.hsOrderString,
    lastVisibleEventID = excluded.lastVisibleEventID
  WHERE excluded.hsOrder >= mx_read_receipts.hsOrder
  RETURNING *
  
[debug] [2026-04-17T20:28:59.782Z] [sqlite-worker] 
SELECT m.eventID, m.id
FROM mx_room_messages m
WHERE m.roomID = ? AND m.eventID IN (?, ?)
[debug] [2026-04-17T20:29:00.310Z] [sqlite-worker] 
SELECT
  t.accountID,
  t.thread,
  (
    SELECT json_group_array(
      json_object(
        'account_id', p.account_id,
        'participant_id', p.id,
        'room_id', p.room_id,
        'full_name', p.full_name,
        'nickname', p.nickname,
        'img_url', p.img_url,
        'is_verified', p.is_verified,
        'cannot_message', p.cannot_message,
        'is_self', p.is_self,
        'is_network_bot', p.is_network_bot,
        'added_by', p.added_by,
        'is_admin', p.is_admin,
        'is_pending', p.is_pending,
        'has_exited', p.has_exited,
        'identifiers', (
          SELECT json_group_array(
            json_object(
              'identifier', pi.identifier,
              'identifier_type', pi.identifier_type
            )
          )
          FROM participant_identifiers pi
          WHERE pi.account_id = p.account_id AND pi.participant_id = p.id
        )
      )
    )
    FROM participants p
    WHERE p.room_id = t.threadID AND p.account_id = t.accountID
  ) AS participants_json
FROM threads t
WHERE t.threadID = ?

[debug] [2026-04-17T20:29:00.311Z] [sqlite-worker] 
SELECT m.id
FROM mx_room_messages m
WHERE m.roomID = ? AND m.lastEditionID = ?
LIMIT 1
    
[debug] [2026-04-17T20:29:00.311Z] [sqlite-worker] 
SELECT m.id
FROM mx_room_messages m
WHERE m.roomID = ? AND m.eventID = ?
LIMIT 1
    
[debug] [2026-04-17T20:29:00.311Z] [sqlite-worker] UPDATE mx_room_messages SET sendStatus = ? WHERE roomID = ? AND id = ?
[debug] [2026-04-17T20:29:00.311Z] [sqlite-worker] 
INSERT INTO mx_room_messages (
  id,
  roomID,
  eventID,
  senderContactID,
  timestamp,
  isEdited,
  lastEditionID,
  isDetached,
  lastEditionTimestamp,
  lastEditionOrder,
  isDeleted,
  isEncrypted,
  inReplyToID,
  isReplyThreadFallback,
  type,
  hsOrder,
  isSentByMe,
  replyCount,
  shouldNotify,
  shouldPreview,
  countsAsUnread,
  lastDeletionID,
  editedType,
  message,
  echo_echoID,
  seenByMeAt
) VALUES (?, ?, ?, ?, ?, ?, ?, ?, ?, ?, ?, ?, ?, ?, ?, ?, ?, ?, ?, ?, ?, ?, ?, ?, ?, ?)
ON CONFLICT(roomID, eventID) DO UPDATE SET
  senderContactID = excluded.senderContactID,
  timestamp = excluded.timestamp,
  isEdited = excluded.isEdited,
  lastEditionID = excluded.lastEditionID,
  isDetached = excluded.isDetached,
  lastEditionTimestamp = excluded.lastEditionTimestamp,
  lastEditionOrder = excluded.lastEditionOrder,
  isDeleted = excluded.isDeleted,
  isEncrypted = excluded.isEncrypted,
  inReplyToID = excluded.inReplyToID,
  isReplyThreadFallback = excluded.isReplyThreadFallback,
  type = excluded.type,
  hsOrder = excluded.hsOrder,
  isSentByMe = excluded.isSentByMe,
  replyCount = excluded.replyCount,
  shouldNotify = excluded.shouldNotify,
  shouldPreview = excluded.shouldPreview,
  countsAsUnread = excluded.countsAsUnread,
  lastDeletionID = excluded.lastDeletionID,
  editedType = excluded.editedType,
  message = excluded.message,
  echo_echoID = excluded.echo_echoID,
  seenByMeAt = excluded.seenByMeAt,
  sendStatus = NULL RETURNING id
[debug] [2026-04-17T20:29:04.320Z] [sqlite-worker] 
SELECT
  t.accountID,
  t.thread,
  (
    SELECT json_group_array(
      json_object(
        'account_id', p.account_id,
        'participant_id', p.id,
        'room_id', p.room_id,
        'full_name', p.full_name,
        'nickname', p.nickname,
        'img_url', p.img_url,
        'is_verified', p.is_verified,
        'cannot_message', p.cannot_message,
        'is_self', p.is_self,
        'is_network_bot', p.is_network_bot,
        'added_by', p.added_by,
        'is_admin', p.is_admin,
        'is_pending', p.is_pending,
        'has_exited', p.has_exited,
        'identifiers', (
          SELECT json_group_array(
            json_object(
              'identifier', pi.identifier,
              'identifier_type', pi.identifier_type
            )
          )
          FROM participant_identifiers pi
          WHERE pi.account_id = p.account_id AND pi.participant_id = p.id
        )
      )
    )
    FROM participants p
    WHERE p.room_id = t.threadID AND p.account_id = t.accountID
  ) AS participants_json
FROM threads t
WHERE t.threadID = ?

[debug] [2026-04-17T20:29:05.657Z] [sqlite-worker] 
SELECT
  t.accountID,
  t.thread,
  (
    SELECT json_group_array(
      json_object(
        'account_id', p.account_id,
        'participant_id', p.id,
        'room_id', p.room_id,
        'full_name', p.full_name,
        'nickname', p.nickname,
        'img_url', p.img_url,
        'is_verified', p.is_verified,
        'cannot_message', p.cannot_message,
        'is_self', p.is_self,
        'is_network_bot', p.is_network_bot,
        'added_by', p.added_by,
        'is_admin', p.is_admin,
        'is_pending', p.is_pending,
        'has_exited', p.has_exited,
        'identifiers', (
          SELECT json_group_array(
            json_object(
              'identifier', pi.identifier,
              'identifier_type', pi.identifier_type
            )
          )
          FROM participant_identifiers pi
          WHERE pi.account_id = p.account_id AND pi.participant_id = p.id
        )
      )
    )
    FROM participants p
    WHERE p.room_id = t.threadID AND p.account_id = t.accountID
  ) AS participants_json
FROM threads t
WHERE t.threadID = ?

[debug] [2026-04-17T20:29:05.658Z] [sqlite-worker] 
INSERT INTO mx_room_messages (
  id,
  roomID,
  eventID,
  senderContactID,
  timestamp,
  isEdited,
  lastEditionID,
  isDetached,
  lastEditionTimestamp,
  lastEditionOrder,
  isDeleted,
  isEncrypted,
  inReplyToID,
  isReplyThreadFallback,
  type,
  hsOrder,
  isSentByMe,
  replyCount,
  shouldNotify,
  shouldPreview,
  countsAsUnread,
  lastDeletionID,
  editedType,
  message,
  echo_echoID,
  seenByMeAt
) VALUES (?, ?, ?, ?, ?, ?, ?, ?, ?, ?, ?, ?, ?, ?, ?, ?, ?, ?, ?, ?, ?, ?, ?, ?, ?, ?)
ON CONFLICT(roomID, eventID) DO UPDATE SET
  senderContactID = excluded.senderContactID,
  timestamp = excluded.timestamp,
  isEdited = excluded.isEdited,
  lastEditionID = excluded.lastEditionID,
  isDetached = excluded.isDetached,
  lastEditionTimestamp = excluded.lastEditionTimestamp,
  lastEditionOrder = excluded.lastEditionOrder,
  isDeleted = excluded.isDeleted,
  isEncrypted = excluded.isEncrypted,
  inReplyToID = excluded.inReplyToID,
  isReplyThreadFallback = excluded.isReplyThreadFallback,
  type = excluded.type,
  hsOrder = excluded.hsOrder,
  isSentByMe = excluded.isSentByMe,
  replyCount = excluded.replyCount,
  shouldNotify = excluded.shouldNotify,
  shouldPreview = excluded.shouldPreview,
  countsAsUnread = excluded.countsAsUnread,
  lastDeletionID = excluded.lastDeletionID,
  editedType = excluded.editedType,
  message = excluded.message,
  echo_echoID = excluded.echo_echoID,
  seenByMeAt = excluded.seenByMeAt,
  sendStatus = NULL RETURNING 
    mx_room_messages.id AS mx_msg_id,
    mx_room_messages.roomID AS mx_msg_roomID,
    mx_room_messages.eventID AS mx_msg_eventID,
    mx_room_messages.message AS mx_msg_msg,
    mx_room_messages.hsOrder AS mx_msg_hsOrder,
    mx_room_messages.sendStatus AS mx_msg_sendStatus,
    (
    SELECT json_object('id', linked.id, 'message', linked.message)
    FROM mx_room_messages linked
    WHERE mx_room_messages.inReplyToID IS NOT NULL
      AND (linked.eventID = mx_room_messages.inReplyToID OR linked.lastEditionID = mx_room_messages.inReplyToID)
    LIMIT 1
  ) AS mx_msg_linkedMessage,
    mx_room_messages.echo_echoID AS mx_msg_echo_echoID
  
[debug] [2026-04-17T20:29:05.661Z] [sqlite-worker] SELECT * FROM mx_read_receipts WHERE userID = ? AND roomID = ?
[debug] [2026-04-17T20:29:05.661Z] [sqlite-worker] 
    INSERT INTO mx_read_receipts (userID, timestamp, roomID, relatesToID, hsOrder, hsSuborder, hsOrderString, lastVisibleEventID)
    VALUES (?, ?, ?, ?, ?, ?, ?, COALESCE((
  SELECT eventID
  FROM mx_room_messages
  WHERE
    roomID = ? AND
    type != 'HIDDEN' AND
    type != 'REACTION' AND
    hsOrder <= ?
  ORDER BY hsOrder DESC LIMIT 1
), ?))
  ON CONFLICT(roomID, userID) DO UPDATE SET
    timestamp = excluded.timestamp,
    relatesToID = excluded.relatesToID,
    hsOrder = excluded.hsOrder,
    hsSuborder = excluded.hsSuborder,
    hsOrderString = excluded.hsOrderString,
    lastVisibleEventID = excluded.lastVisibleEventID
  WHERE excluded.hsOrder >= mx_read_receipts.hsOrder
  RETURNING *
  
[debug] [2026-04-17T20:29:05.662Z] [sqlite-worker] 
    UPDATE mx_room_messages SET seenByMeAt = ? WHERE seenByMeAt IS NULL AND id IN (
      SELECT id FROM mx_room_messages WHERE roomID = ? AND hsOrder > ? AND hsOrder <= ? LIMIT 5000 -- limit to avoid long running queries
    )
  
[debug] [2026-04-17T20:29:05.662Z] [sqlite-worker] 
SELECT m.id
FROM mx_room_messages m
WHERE m.roomID = ? AND m.eventID = ?
LIMIT 1
    
[debug] [2026-04-17T20:29:05.663Z] [sqlite-worker] SELECT * FROM mx_read_receipts WHERE roomID = ? AND userID IN (?)
[debug] [2026-04-17T20:29:05.663Z] [sqlite-worker] 
    INSERT INTO mx_read_receipts (userID, timestamp, roomID, relatesToID, hsOrder, hsSuborder, hsOrderString, lastVisibleEventID)
    VALUES (?, ?, ?, ?, ?, ?, ?, COALESCE((
  SELECT eventID
  FROM mx_room_messages
  WHERE
    roomID = ? AND
    type != 'HIDDEN' AND
    type != 'REACTION' AND
    hsOrder <= ?
  ORDER BY hsOrder DESC LIMIT 1
), ?))
  ON CONFLICT(roomID, userID) DO UPDATE SET
    timestamp = excluded.timestamp,
    relatesToID = excluded.relatesToID,
    hsOrder = excluded.hsOrder,
    hsSuborder = excluded.hsSuborder,
    hsOrderString = excluded.hsOrderString,
    lastVisibleEventID = excluded.lastVisibleEventID
  WHERE excluded.hsOrder >= mx_read_receipts.hsOrder
  RETURNING *
  
[debug] [2026-04-17T20:29:05.663Z] [sqlite-worker] 
    UPDATE mx_room_messages SET seenByMeAt = ? WHERE seenByMeAt IS NULL AND id IN (
      SELECT id FROM mx_room_messages WHERE roomID = ? AND hsOrder > ? AND hsOrder <= ? LIMIT 5000 -- limit to avoid long running queries
    )
  
[debug] [2026-04-17T20:29:05.664Z] [sqlite-worker] SELECT * FROM mx_read_receipts WHERE userID = ? AND roomID = ?
[debug] [2026-04-17T20:29:05.665Z] [sqlite-worker] 
      SELECT
          COUNT(DISTINCT mx_room_messages.id) AS unreadCount,
          SUM(CASE WHEN mention.value = '@room' OR mention.value = ? THEN 1 ELSE 0 END) AS unreadMentionsCount
      FROM mx_room_messages
      LEFT JOIN json_each(mx_room_messages.message, '$.mentions') AS mention
      WHERE
          mx_room_messages.roomId = ? AND
          mx_room_messages.isSentByMe = 0 AND
          mx_room_messages.isDeleted = 0 AND
          mx_room_messages.countsAsUnread = 1 AND
          mx_room_messages.hsOrder > ?
    
[debug] [2026-04-17T20:29:05.666Z] [sqlite-worker] INSERT OR REPLACE INTO threads (threadID, accountID, thread, timestamp, is_label) VALUES (?, ?, ?, ?, ?)
[debug] [2026-04-17T20:29:06.166Z] [sqlite-worker] 
SELECT
  t.accountID,
  t.thread,
  (
    SELECT json_group_array(
      json_object(
        'account_id', p.account_id,
        'participant_id', p.id,
        'room_id', p.room_id,
        'full_name', p.full_name,
        'nickname', p.nickname,
        'img_url', p.img_url,
        'is_verified', p.is_verified,
        'cannot_message', p.cannot_message,
        'is_self', p.is_self,
        'is_network_bot', p.is_network_bot,
        'added_by', p.added_by,
        'is_admin', p.is_admin,
        'is_pending', p.is_pending,
        'has_exited', p.has_exited,
        'identifiers', (
          SELECT json_group_array(
            json_object(
              'identifier', pi.identifier,
              'identifier_type', pi.identifier_type
            )
          )
          FROM participant_identifiers pi
          WHERE pi.account_id = p.account_id AND pi.participant_id = p.id
        )
      )
    )
    FROM participants p
    WHERE p.room_id = t.threadID AND p.account_id = t.accountID
  ) AS participants_json
FROM threads t
WHERE t.threadID = ?

[debug] [2026-04-17T20:29:06.166Z] [sqlite-worker] 
SELECT m.id
FROM mx_room_messages m
WHERE m.roomID = ? AND m.lastEditionID = ?
LIMIT 1
    
[debug] [2026-04-17T20:29:06.166Z] [sqlite-worker] 
SELECT m.id
FROM mx_room_messages m
WHERE m.roomID = ? AND m.eventID = ?
LIMIT 1
    
[debug] [2026-04-17T20:29:06.167Z] [sqlite-worker] UPDATE mx_room_messages SET sendStatus = ? WHERE roomID = ? AND id = ?
[debug] [2026-04-17T20:29:06.167Z] [sqlite-worker] 
INSERT INTO mx_room_messages (
  id,
  roomID,
  eventID,
  senderContactID,
  timestamp,
  isEdited,
  lastEditionID,
  isDetached,
  lastEditionTimestamp,
  lastEditionOrder,
  isDeleted,
  isEncrypted,
  inReplyToID,
  isReplyThreadFallback,
  type,
  hsOrder,
  isSentByMe,
  replyCount,
  shouldNotify,
  shouldPreview,
  countsAsUnread,
  lastDeletionID,
  editedType,
  message,
  echo_echoID,
  seenByMeAt
) VALUES (?, ?, ?, ?, ?, ?, ?, ?, ?, ?, ?, ?, ?, ?, ?, ?, ?, ?, ?, ?, ?, ?, ?, ?, ?, ?)
ON CONFLICT(roomID, eventID) DO UPDATE SET
  senderContactID = excluded.senderContactID,
  timestamp = excluded.timestamp,
  isEdited = excluded.isEdited,
  lastEditionID = excluded.lastEditionID,
  isDetached = excluded.isDetached,
  lastEditionTimestamp = excluded.lastEditionTimestamp,
  lastEditionOrder = excluded.lastEditionOrder,
  isDeleted = excluded.isDeleted,
  isEncrypted = excluded.isEncrypted,
  inReplyToID = excluded.inReplyToID,
  isReplyThreadFallback = excluded.isReplyThreadFallback,
  type = excluded.type,
  hsOrder = excluded.hsOrder,
  isSentByMe = excluded.isSentByMe,
  replyCount = excluded.replyCount,
  shouldNotify = excluded.shouldNotify,
  shouldPreview = excluded.shouldPreview,
  countsAsUnread = excluded.countsAsUnread,
  lastDeletionID = excluded.lastDeletionID,
  editedType = excluded.editedType,
  message = excluded.message,
  echo_echoID = excluded.echo_echoID,
  seenByMeAt = excluded.seenByMeAt,
  sendStatus = NULL RETURNING id
[debug] [2026-04-17T20:29:08.108Z] [sqlite-worker] 
SELECT
  t.accountID,
  t.thread,
  (
    SELECT json_group_array(
      json_object(
        'account_id', p.account_id,
        'participant_id', p.id,
        'room_id', p.room_id,
        'full_name', p.full_name,
        'nickname', p.nickname,
        'img_url', p.img_url,
        'is_verified', p.is_verified,
        'cannot_message', p.cannot_message,
        'is_self', p.is_self,
        'is_network_bot', p.is_network_bot,
        'added_by', p.added_by,
        'is_admin', p.is_admin,
        'is_pending', p.is_pending,
        'has_exited', p.has_exited,
        'identifiers', (
          SELECT json_group_array(
            json_object(
              'identifier', pi.identifier,
              'identifier_type', pi.identifier_type
            )
          )
          FROM participant_identifiers pi
          WHERE pi.account_id = p.account_id AND pi.participant_id = p.id
        )
      )
    )
    FROM participants p
    WHERE p.room_id = t.threadID AND p.account_id = t.accountID
  ) AS participants_json
FROM threads t
WHERE t.threadID = ?

[debug] [2026-04-17T20:29:11.787Z] [sqlite-worker] 
SELECT
  t.accountID,
  t.thread,
  (
    SELECT json_group_array(
      json_object(
        'account_id', p.account_id,
        'participant_id', p.id,
        'room_id', p.room_id,
        'full_name', p.full_name,
        'nickname', p.nickname,
        'img_url', p.img_url,
        'is_verified', p.is_verified,
        'cannot_message', p.cannot_message,
        'is_self', p.is_self,
        'is_network_bot', p.is_network_bot,
        'added_by', p.added_by,
        'is_admin', p.is_admin,
        'is_pending', p.is_pending,
        'has_exited', p.has_exited,
        'identifiers', (
          SELECT json_group_array(
            json_object(
              'identifier', pi.identifier,
              'identifier_type', pi.identifier_type
            )
          )
          FROM participant_identifiers pi
          WHERE pi.account_id = p.account_id AND pi.participant_id = p.id
        )
      )
    )
    FROM participants p
    WHERE p.room_id = t.threadID AND p.account_id = t.accountID
  ) AS participants_json
FROM threads t
WHERE t.threadID = ?

[debug] [2026-04-17T20:29:14.046Z] [sqlite-worker] 
SELECT
  t.accountID,
  t.thread,
  (
    SELECT json_group_array(
      json_object(
        'account_id', p.account_id,
        'participant_id', p.id,
        'room_id', p.room_id,
        'full_name', p.full_name,
        'nickname', p.nickname,
        'img_url', p.img_url,
        'is_verified', p.is_verified,
        'cannot_message', p.cannot_message,
        'is_self', p.is_self,
        'is_network_bot', p.is_network_bot,
        'added_by', p.added_by,
        'is_admin', p.is_admin,
        'is_pending', p.is_pending,
        'has_exited', p.has_exited,
        'identifiers', (
          SELECT json_group_array(
            json_object(
              'identifier', pi.identifier,
              'identifier_type', pi.identifier_type
            )
          )
          FROM participant_identifiers pi
          WHERE pi.account_id = p.account_id AND pi.participant_id = p.id
        )
      )
    )
    FROM participants p
    WHERE p.room_id = t.threadID AND p.account_id = t.accountID
  ) AS participants_json
FROM threads t
WHERE t.threadID = ?

[debug] [2026-04-17T20:29:14.984Z] [sqlite-worker] 
SELECT
  t.accountID,
  t.thread,
  (
    SELECT json_group_array(
      json_object(
        'account_id', p.account_id,
        'participant_id', p.id,
        'room_id', p.room_id,
        'full_name', p.full_name,
        'nickname', p.nickname,
        'img_url', p.img_url,
        'is_verified', p.is_verified,
        'cannot_message', p.cannot_message,
        'is_self', p.is_self,
        'is_network_bot', p.is_network_bot,
        'added_by', p.added_by,
        'is_admin', p.is_admin,
        'is_pending', p.is_pending,
        'has_exited', p.has_exited,
        'identifiers', (
          SELECT json_group_array(
            json_object(
              'identifier', pi.identifier,
              'identifier_type', pi.identifier_type
            )
          )
          FROM participant_identifiers pi
          WHERE pi.account_id = p.account_id AND pi.participant_id = p.id
        )
      )
    )
    FROM participants p
    WHERE p.room_id = t.threadID AND p.account_id = t.accountID
  ) AS participants_json
FROM threads t
WHERE t.threadID = ?

[debug] [2026-04-17T20:29:14.986Z] [sqlite-worker] 
INSERT INTO mx_room_messages (
  id,
  roomID,
  eventID,
  senderContactID,
  timestamp,
  isEdited,
  lastEditionID,
  isDetached,
  lastEditionTimestamp,
  lastEditionOrder,
  isDeleted,
  isEncrypted,
  inReplyToID,
  isReplyThreadFallback,
  type,
  hsOrder,
  isSentByMe,
  replyCount,
  shouldNotify,
  shouldPreview,
  countsAsUnread,
  lastDeletionID,
  editedType,
  message,
  echo_echoID,
  seenByMeAt
) VALUES (?, ?, ?, ?, ?, ?, ?, ?, ?, ?, ?, ?, ?, ?, ?, ?, ?, ?, ?, ?, ?, ?, ?, ?, ?, ?)
ON CONFLICT(roomID, eventID) DO UPDATE SET
  senderContactID = excluded.senderContactID,
  timestamp = excluded.timestamp,
  isEdited = excluded.isEdited,
  lastEditionID = excluded.lastEditionID,
  isDetached = excluded.isDetached,
  lastEditionTimestamp = excluded.lastEditionTimestamp,
  lastEditionOrder = excluded.lastEditionOrder,
  isDeleted = excluded.isDeleted,
  isEncrypted = excluded.isEncrypted,
  inReplyToID = excluded.inReplyToID,
  isReplyThreadFallback = excluded.isReplyThreadFallback,
  type = excluded.type,
  hsOrder = excluded.hsOrder,
  isSentByMe = excluded.isSentByMe,
  replyCount = excluded.replyCount,
  shouldNotify = excluded.shouldNotify,
  shouldPreview = excluded.shouldPreview,
  countsAsUnread = excluded.countsAsUnread,
  lastDeletionID = excluded.lastDeletionID,
  editedType = excluded.editedType,
  message = excluded.message,
  echo_echoID = excluded.echo_echoID,
  seenByMeAt = excluded.seenByMeAt,
  sendStatus = NULL RETURNING 
    mx_room_messages.id AS mx_msg_id,
    mx_room_messages.roomID AS mx_msg_roomID,
    mx_room_messages.eventID AS mx_msg_eventID,
    mx_room_messages.message AS mx_msg_msg,
    mx_room_messages.hsOrder AS mx_msg_hsOrder,
    mx_room_messages.sendStatus AS mx_msg_sendStatus,
    (
    SELECT json_object('id', linked.id, 'message', linked.message)
    FROM mx_room_messages linked
    WHERE mx_room_messages.inReplyToID IS NOT NULL
      AND (linked.eventID = mx_room_messages.inReplyToID OR linked.lastEditionID = mx_room_messages.inReplyToID)
    LIMIT 1
  ) AS mx_msg_linkedMessage,
    mx_room_messages.echo_echoID AS mx_msg_echo_echoID
  
[debug] [2026-04-17T20:29:14.991Z] [sqlite-worker] SELECT * FROM mx_read_receipts WHERE roomID = ? AND userID IN (?)
[debug] [2026-04-17T20:29:14.992Z] [sqlite-worker] 
    INSERT INTO mx_read_receipts (userID, timestamp, roomID, relatesToID, hsOrder, hsSuborder, hsOrderString, lastVisibleEventID)
    VALUES (?, ?, ?, ?, ?, ?, ?, COALESCE((
  SELECT eventID
  FROM mx_room_messages
  WHERE
    roomID = ? AND
    type != 'HIDDEN' AND
    type != 'REACTION' AND
    hsOrder <= ?
  ORDER BY hsOrder DESC LIMIT 1
), ?))
  ON CONFLICT(roomID, userID) DO UPDATE SET
    timestamp = excluded.timestamp,
    relatesToID = excluded.relatesToID,
    hsOrder = excluded.hsOrder,
    hsSuborder = excluded.hsSuborder,
    hsOrderString = excluded.hsOrderString,
    lastVisibleEventID = excluded.lastVisibleEventID
  WHERE excluded.hsOrder >= mx_read_receipts.hsOrder
  RETURNING *
  
[debug] [2026-04-17T20:29:14.993Z] [sqlite-worker] 
SELECT m.eventID, m.id
FROM mx_room_messages m
WHERE m.roomID = ? AND m.eventID IN (?, ?)
[debug] [2026-04-17T20:29:14.996Z] [sqlite-worker] INSERT OR REPLACE INTO threads (threadID, accountID, thread, timestamp, is_label) VALUES (?, ?, ?, ?, ?)
[debug] [2026-04-17T20:29:15.195Z] [sqlite-worker] 
SELECT
  t.accountID,
  t.thread,
  (
    SELECT json_group_array(
      json_object(
        'account_id', p.account_id,
        'participant_id', p.id,
        'room_id', p.room_id,
        'full_name', p.full_name,
        'nickname', p.nickname,
        'img_url', p.img_url,
        'is_verified', p.is_verified,
        'cannot_message', p.cannot_message,
        'is_self', p.is_self,
        'is_network_bot', p.is_network_bot,
        'added_by', p.added_by,
        'is_admin', p.is_admin,
        'is_pending', p.is_pending,
        'has_exited', p.has_exited,
        'identifiers', (
          SELECT json_group_array(
            json_object(
              'identifier', pi.identifier,
              'identifier_type', pi.identifier_type
            )
          )
          FROM participant_identifiers pi
          WHERE pi.account_id = p.account_id AND pi.participant_id = p.id
        )
      )
    )
    FROM participants p
    WHERE p.room_id = t.threadID AND p.account_id = t.accountID
  ) AS participants_json
FROM threads t
WHERE t.threadID = ?

[debug] [2026-04-17T20:29:15.570Z] [sqlite-worker] 
SELECT
  t.accountID,
  t.thread,
  (
    SELECT json_group_array(
      json_object(
        'account_id', p.account_id,
        'participant_id', p.id,
        'room_id', p.room_id,
        'full_name', p.full_name,
        'nickname', p.nickname,
        'img_url', p.img_url,
        'is_verified', p.is_verified,
        'cannot_message', p.cannot_message,
        'is_self', p.is_self,
        'is_network_bot', p.is_network_bot,
        'added_by', p.added_by,
        'is_admin', p.is_admin,
        'is_pending', p.is_pending,
        'has_exited', p.has_exited,
        'identifiers', (
          SELECT json_group_array(
            json_object(
              'identifier', pi.identifier,
              'identifier_type', pi.identifier_type
            )
          )
          FROM participant_identifiers pi
          WHERE pi.account_id = p.account_id AND pi.participant_id = p.id
        )
      )
    )
    FROM participants p
    WHERE p.room_id = t.threadID AND p.account_id = t.accountID
  ) AS participants_json
FROM threads t
WHERE t.threadID = ?

[debug] [2026-04-17T20:29:15.570Z] [sqlite-worker] SELECT * FROM mx_read_receipts WHERE roomID = ? AND userID IN (?)
[debug] [2026-04-17T20:29:15.571Z] [sqlite-worker] 
    INSERT INTO mx_read_receipts (userID, timestamp, roomID, relatesToID, hsOrder, hsSuborder, hsOrderString, lastVisibleEventID)
    VALUES (?, ?, ?, ?, ?, ?, ?, COALESCE((
  SELECT eventID
  FROM mx_room_messages
  WHERE
    roomID = ? AND
    type != 'HIDDEN' AND
    type != 'REACTION' AND
    hsOrder <= ?
  ORDER BY hsOrder DESC LIMIT 1
), ?))
  ON CONFLICT(roomID, userID) DO UPDATE SET
    timestamp = excluded.timestamp,
    relatesToID = excluded.relatesToID,
    hsOrder = excluded.hsOrder,
    hsSuborder = excluded.hsSuborder,
    hsOrderString = excluded.hsOrderString,
    lastVisibleEventID = excluded.lastVisibleEventID
  WHERE excluded.hsOrder >= mx_read_receipts.hsOrder
  RETURNING *
  
[debug] [2026-04-17T20:29:15.571Z] [sqlite-worker] 
    UPDATE mx_room_messages SET seenByMeAt = ? WHERE seenByMeAt IS NULL AND id IN (
      SELECT id FROM mx_room_messages WHERE roomID = ? AND hsOrder > ? AND hsOrder <= ? LIMIT 5000 -- limit to avoid long running queries
    )
  
[debug] [2026-04-17T20:29:15.571Z] [sqlite-worker] 
SELECT m.eventID, m.id
FROM mx_room_messages m
WHERE m.roomID = ? AND m.eventID IN (?)
[debug] [2026-04-17T20:29:15.572Z] [sqlite-worker] SELECT * FROM mx_read_receipts WHERE userID = ? AND roomID = ?
[debug] [2026-04-17T20:29:15.572Z] [sqlite-worker] 
      SELECT
          COUNT(DISTINCT mx_room_messages.id) AS unreadCount,
          SUM(CASE WHEN mention.value = '@room' OR mention.value = ? THEN 1 ELSE 0 END) AS unreadMentionsCount
      FROM mx_room_messages
      LEFT JOIN json_each(mx_room_messages.message, '$.mentions') AS mention
      WHERE
          mx_room_messages.roomId = ? AND
          mx_room_messages.isSentByMe = 0 AND
          mx_room_messages.isDeleted = 0 AND
          mx_room_messages.countsAsUnread = 1 AND
          mx_room_messages.hsOrder > ?
    
[debug] [2026-04-17T20:29:15.574Z] [sqlite-worker] INSERT OR REPLACE INTO threads (threadID, accountID, thread, timestamp, is_label) VALUES (?, ?, ?, ?, ?)
[debug] [2026-04-17T20:29:24.081Z] [sqlite-worker] 
SELECT
  t.accountID,
  t.thread,
  (
    SELECT json_group_array(
      json_object(
        'account_id', p.account_id,
        'participant_id', p.id,
        'room_id', p.room_id,
        'full_name', p.full_name,
        'nickname', p.nickname,
        'img_url', p.img_url,
        'is_verified', p.is_verified,
        'cannot_message', p.cannot_message,
        'is_self', p.is_self,
        'is_network_bot', p.is_network_bot,
        'added_by', p.added_by,
        'is_admin', p.is_admin,
        'is_pending', p.is_pending,
        'has_exited', p.has_exited,
        'identifiers', (
          SELECT json_group_array(
            json_object(
              'identifier', pi.identifier,
              'identifier_type', pi.identifier_type
            )
          )
          FROM participant_identifiers pi
          WHERE pi.account_id = p.account_id AND pi.participant_id = p.id
        )
      )
    )
    FROM participants p
    WHERE p.room_id = t.threadID AND p.account_id = t.accountID
  ) AS participants_json
FROM threads t
WHERE t.threadID = ?

[debug] [2026-04-17T20:29:28.508Z] [sqlite-worker] 
SELECT
  t.accountID,
  t.thread,
  (
    SELECT json_group_array(
      json_object(
        'account_id', p.account_id,
        'participant_id', p.id,
        'room_id', p.room_id,
        'full_name', p.full_name,
        'nickname', p.nickname,
        'img_url', p.img_url,
        'is_verified', p.is_verified,
        'cannot_message', p.cannot_message,
        'is_self', p.is_self,
        'is_network_bot', p.is_network_bot,
        'added_by', p.added_by,
        'is_admin', p.is_admin,
        'is_pending', p.is_pending,
        'has_exited', p.has_exited,
        'identifiers', (
          SELECT json_group_array(
            json_object(
              'identifier', pi.identifier,
              'identifier_type', pi.identifier_type
            )
          )
          FROM participant_identifiers pi
          WHERE pi.account_id = p.account_id AND pi.participant_id = p.id
        )
      )
    )
    FROM participants p
    WHERE p.room_id = t.threadID AND p.account_id = t.accountID
  ) AS participants_json
FROM threads t
WHERE t.threadID = ?

[debug] [2026-04-17T20:29:28.511Z] [sqlite-worker] 
INSERT INTO mx_room_messages (
  id,
  roomID,
  eventID,
  senderContactID,
  timestamp,
  isEdited,
  lastEditionID,
  isDetached,
  lastEditionTimestamp,
  lastEditionOrder,
  isDeleted,
  isEncrypted,
  inReplyToID,
  isReplyThreadFallback,
  type,
  hsOrder,
  isSentByMe,
  replyCount,
  shouldNotify,
  shouldPreview,
  countsAsUnread,
  lastDeletionID,
  editedType,
  message,
  echo_echoID,
  seenByMeAt
) VALUES (?, ?, ?, ?, ?, ?, ?, ?, ?, ?, ?, ?, ?, ?, ?, ?, ?, ?, ?, ?, ?, ?, ?, ?, ?, ?)
ON CONFLICT(roomID, eventID) DO UPDATE SET
  senderContactID = excluded.senderContactID,
  timestamp = excluded.timestamp,
  isEdited = excluded.isEdited,
  lastEditionID = excluded.lastEditionID,
  isDetached = excluded.isDetached,
  lastEditionTimestamp = excluded.lastEditionTimestamp,
  lastEditionOrder = excluded.lastEditionOrder,
  isDeleted = excluded.isDeleted,
  isEncrypted = excluded.isEncrypted,
  inReplyToID = excluded.inReplyToID,
  isReplyThreadFallback = excluded.isReplyThreadFallback,
  type = excluded.type,
  hsOrder = excluded.hsOrder,
  isSentByMe = excluded.isSentByMe,
  replyCount = excluded.replyCount,
  shouldNotify = excluded.shouldNotify,
  shouldPreview = excluded.shouldPreview,
  countsAsUnread = excluded.countsAsUnread,
  lastDeletionID = excluded.lastDeletionID,
  editedType = excluded.editedType,
  message = excluded.message,
  echo_echoID = excluded.echo_echoID,
  seenByMeAt = excluded.seenByMeAt,
  sendStatus = NULL RETURNING 
    mx_room_messages.id AS mx_msg_id,
    mx_room_messages.roomID AS mx_msg_roomID,
    mx_room_messages.eventID AS mx_msg_eventID,
    mx_room_messages.message AS mx_msg_msg,
    mx_room_messages.hsOrder AS mx_msg_hsOrder,
    mx_room_messages.sendStatus AS mx_msg_sendStatus,
    (
    SELECT json_object('id', linked.id, 'message', linked.message)
    FROM mx_room_messages linked
    WHERE mx_room_messages.inReplyToID IS NOT NULL
      AND (linked.eventID = mx_room_messages.inReplyToID OR linked.lastEditionID = mx_room_messages.inReplyToID)
    LIMIT 1
  ) AS mx_msg_linkedMessage,
    mx_room_messages.echo_echoID AS mx_msg_echo_echoID
  
[debug] [2026-04-17T20:29:28.514Z] [sqlite-worker] SELECT * FROM mx_read_receipts WHERE roomID = ? AND userID IN (?)
[debug] [2026-04-17T20:29:28.515Z] [sqlite-worker] 
    INSERT INTO mx_read_receipts (userID, timestamp, roomID, relatesToID, hsOrder, hsSuborder, hsOrderString, lastVisibleEventID)
    VALUES (?, ?, ?, ?, ?, ?, ?, COALESCE((
  SELECT eventID
  FROM mx_room_messages
  WHERE
    roomID = ? AND
    type != 'HIDDEN' AND
    type != 'REACTION' AND
    hsOrder <= ?
  ORDER BY hsOrder DESC LIMIT 1
), ?))
  ON CONFLICT(roomID, userID) DO UPDATE SET
    timestamp = excluded.timestamp,
    relatesToID = excluded.relatesToID,
    hsOrder = excluded.hsOrder,
    hsSuborder = excluded.hsSuborder,
    hsOrderString = excluded.hsOrderString,
    lastVisibleEventID = excluded.lastVisibleEventID
  WHERE excluded.hsOrder >= mx_read_receipts.hsOrder
  RETURNING *
  
[debug] [2026-04-17T20:29:28.516Z] [sqlite-worker] 
SELECT m.eventID, m.id
FROM mx_room_messages m
WHERE m.roomID = ? AND m.eventID IN (?, ?)
[debug] [2026-04-17T20:29:28.518Z] [sqlite-worker] INSERT OR REPLACE INTO threads (threadID, accountID, thread, timestamp, is_label) VALUES (?, ?, ?, ?, ?)
[debug] [2026-04-17T20:29:28.717Z] [sqlite-worker] 
SELECT
  t.accountID,
  t.thread,
  (
    SELECT json_group_array(
      json_object(
        'account_id', p.account_id,
        'participant_id', p.id,
        'room_id', p.room_id,
        'full_name', p.full_name,
        'nickname', p.nickname,
        'img_url', p.img_url,
        'is_verified', p.is_verified,
        'cannot_message', p.cannot_message,
        'is_self', p.is_self,
        'is_network_bot', p.is_network_bot,
        'added_by', p.added_by,
        'is_admin', p.is_admin,
        'is_pending', p.is_pending,
        'has_exited', p.has_exited,
        'identifiers', (
          SELECT json_group_array(
            json_object(
              'identifier', pi.identifier,
              'identifier_type', pi.identifier_type
            )
          )
          FROM participant_identifiers pi
          WHERE pi.account_id = p.account_id AND pi.participant_id = p.id
        )
      )
    )
    FROM participants p
    WHERE p.room_id = t.threadID AND p.account_id = t.accountID
  ) AS participants_json
FROM threads t
WHERE t.threadID = ?

[debug] [2026-04-17T20:29:28.997Z] [sqlite-worker] 
SELECT
  t.accountID,
  t.thread,
  (
    SELECT json_group_array(
      json_object(
        'account_id', p.account_id,
        'participant_id', p.id,
        'room_id', p.room_id,
        'full_name', p.full_name,
        'nickname', p.nickname,
        'img_url', p.img_url,
        'is_verified', p.is_verified,
        'cannot_message', p.cannot_message,
        'is_self', p.is_self,
        'is_network_bot', p.is_network_bot,
        'added_by', p.added_by,
        'is_admin', p.is_admin,
        'is_pending', p.is_pending,
        'has_exited', p.has_exited,
        'identifiers', (
          SELECT json_group_array(
            json_object(
              'identifier', pi.identifier,
              'identifier_type', pi.identifier_type
            )
          )
          FROM participant_identifiers pi
          WHERE pi.account_id = p.account_id AND pi.participant_id = p.id
        )
      )
    )
    FROM participants p
    WHERE p.room_id = t.threadID AND p.account_id = t.accountID
  ) AS participants_json
FROM threads t
WHERE t.threadID = ?

[debug] [2026-04-17T20:29:28.998Z] [sqlite-worker] SELECT * FROM mx_read_receipts WHERE roomID = ? AND userID IN (?)
[debug] [2026-04-17T20:29:28.998Z] [sqlite-worker] 
    INSERT INTO mx_read_receipts (userID, timestamp, roomID, relatesToID, hsOrder, hsSuborder, hsOrderString, lastVisibleEventID)
    VALUES (?, ?, ?, ?, ?, ?, ?, COALESCE((
  SELECT eventID
  FROM mx_room_messages
  WHERE
    roomID = ? AND
    type != 'HIDDEN' AND
    type != 'REACTION' AND
    hsOrder <= ?
  ORDER BY hsOrder DESC LIMIT 1
), ?))
  ON CONFLICT(roomID, userID) DO UPDATE SET
    timestamp = excluded.timestamp,
    relatesToID = excluded.relatesToID,
    hsOrder = excluded.hsOrder,
    hsSuborder = excluded.hsSuborder,
    hsOrderString = excluded.hsOrderString,
    lastVisibleEventID = excluded.lastVisibleEventID
  WHERE excluded.hsOrder >= mx_read_receipts.hsOrder
  RETURNING *
  
[debug] [2026-04-17T20:29:28.999Z] [sqlite-worker] 
    UPDATE mx_room_messages SET seenByMeAt = ? WHERE seenByMeAt IS NULL AND id IN (
      SELECT id FROM mx_room_messages WHERE roomID = ? AND hsOrder > ? AND hsOrder <= ? LIMIT 5000 -- limit to avoid long running queries
    )
  
[debug] [2026-04-17T20:29:28.999Z] [sqlite-worker] 
SELECT m.eventID, m.id
FROM mx_room_messages m
WHERE m.roomID = ? AND m.eventID IN (?)
[debug] [2026-04-17T20:29:28.999Z] [sqlite-worker] SELECT * FROM mx_read_receipts WHERE userID = ? AND roomID = ?
[debug] [2026-04-17T20:29:29.000Z] [sqlite-worker] 
      SELECT
          COUNT(DISTINCT mx_room_messages.id) AS unreadCount,
          SUM(CASE WHEN mention.value = '@room' OR mention.value = ? THEN 1 ELSE 0 END) AS unreadMentionsCount
      FROM mx_room_messages
      LEFT JOIN json_each(mx_room_messages.message, '$.mentions') AS mention
      WHERE
          mx_room_messages.roomId = ? AND
          mx_room_messages.isSentByMe = 0 AND
          mx_room_messages.isDeleted = 0 AND
          mx_room_messages.countsAsUnread = 1 AND
          mx_room_messages.hsOrder > ?
    
[debug] [2026-04-17T20:29:29.001Z] [sqlite-worker] INSERT OR REPLACE INTO threads (threadID, accountID, thread, timestamp, is_label) VALUES (?, ?, ?, ?, ?)
[debug] [2026-04-17T20:29:29.326Z] [sqlite-worker] 
SELECT
  t.accountID,
  t.thread,
  (
    SELECT json_group_array(
      json_object(
        'account_id', p.account_id,
        'participant_id', p.id,
        'room_id', p.room_id,
        'full_name', p.full_name,
        'nickname', p.nickname,
        'img_url', p.img_url,
        'is_verified', p.is_verified,
        'cannot_message', p.cannot_message,
        'is_self', p.is_self,
        'is_network_bot', p.is_network_bot,
        'added_by', p.added_by,
        'is_admin', p.is_admin,
        'is_pending', p.is_pending,
        'has_exited', p.has_exited,
        'identifiers', (
          SELECT json_group_array(
            json_object(
              'identifier', pi.identifier,
              'identifier_type', pi.identifier_type
            )
          )
          FROM participant_identifiers pi
          WHERE pi.account_id = p.account_id AND pi.participant_id = p.id
        )
      )
    )
    FROM participants p
    WHERE p.room_id = t.threadID AND p.account_id = t.accountID
  ) AS participants_json
FROM threads t
WHERE t.threadID = ?

[debug] [2026-04-17T20:29:29.328Z] [sqlite-worker] 
INSERT INTO mx_room_messages (
  id,
  roomID,
  eventID,
  senderContactID,
  timestamp,
  isEdited,
  lastEditionID,
  isDetached,
  lastEditionTimestamp,
  lastEditionOrder,
  isDeleted,
  isEncrypted,
  inReplyToID,
  isReplyThreadFallback,
  type,
  hsOrder,
  isSentByMe,
  replyCount,
  shouldNotify,
  shouldPreview,
  countsAsUnread,
  lastDeletionID,
  editedType,
  message,
  echo_echoID,
  seenByMeAt
) VALUES (?, ?, ?, ?, ?, ?, ?, ?, ?, ?, ?, ?, ?, ?, ?, ?, ?, ?, ?, ?, ?, ?, ?, ?, ?, ?)
ON CONFLICT(roomID, eventID) DO UPDATE SET
  senderContactID = excluded.senderContactID,
  timestamp = excluded.timestamp,
  isEdited = excluded.isEdited,
  lastEditionID = excluded.lastEditionID,
  isDetached = excluded.isDetached,
  lastEditionTimestamp = excluded.lastEditionTimestamp,
  lastEditionOrder = excluded.lastEditionOrder,
  isDeleted = excluded.isDeleted,
  isEncrypted = excluded.isEncrypted,
  inReplyToID = excluded.inReplyToID,
  isReplyThreadFallback = excluded.isReplyThreadFallback,
  type = excluded.type,
  hsOrder = excluded.hsOrder,
  isSentByMe = excluded.isSentByMe,
  replyCount = excluded.replyCount,
  shouldNotify = excluded.shouldNotify,
  shouldPreview = excluded.shouldPreview,
  countsAsUnread = excluded.countsAsUnread,
  lastDeletionID = excluded.lastDeletionID,
  editedType = excluded.editedType,
  message = excluded.message,
  echo_echoID = excluded.echo_echoID,
  seenByMeAt = excluded.seenByMeAt,
  sendStatus = NULL RETURNING 
    mx_room_messages.id AS mx_msg_id,
    mx_room_messages.roomID AS mx_msg_roomID,
    mx_room_messages.eventID AS mx_msg_eventID,
    mx_room_messages.message AS mx_msg_msg,
    mx_room_messages.hsOrder AS mx_msg_hsOrder,
    mx_room_messages.sendStatus AS mx_msg_sendStatus,
    (
    SELECT json_object('id', linked.id, 'message', linked.message)
    FROM mx_room_messages linked
    WHERE mx_room_messages.inReplyToID IS NOT NULL
      AND (linked.eventID = mx_room_messages.inReplyToID OR linked.lastEditionID = mx_room_messages.inReplyToID)
    LIMIT 1
  ) AS mx_msg_linkedMessage,
    mx_room_messages.echo_echoID AS mx_msg_echo_echoID
  
[debug] [2026-04-17T20:29:29.337Z] [sqlite-worker] SELECT * FROM mx_read_receipts WHERE userID = ? AND roomID = ?
[debug] [2026-04-17T20:29:29.337Z] [sqlite-worker] 
    INSERT INTO mx_read_receipts (userID, timestamp, roomID, relatesToID, hsOrder, hsSuborder, hsOrderString, lastVisibleEventID)
    VALUES (?, ?, ?, ?, ?, ?, ?, COALESCE((
  SELECT eventID
  FROM mx_room_messages
  WHERE
    roomID = ? AND
    type != 'HIDDEN' AND
    type != 'REACTION' AND
    hsOrder <= ?
  ORDER BY hsOrder DESC LIMIT 1
), ?))
  ON CONFLICT(roomID, userID) DO UPDATE SET
    timestamp = excluded.timestamp,
    relatesToID = excluded.relatesToID,
    hsOrder = excluded.hsOrder,
    hsSuborder = excluded.hsSuborder,
    hsOrderString = excluded.hsOrderString,
    lastVisibleEventID = excluded.lastVisibleEventID
  WHERE excluded.hsOrder >= mx_read_receipts.hsOrder
  RETURNING *
  
[debug] [2026-04-17T20:29:29.337Z] [sqlite-worker] 
    UPDATE mx_room_messages SET seenByMeAt = ? WHERE seenByMeAt IS NULL AND id IN (
      SELECT id FROM mx_room_messages WHERE roomID = ? AND hsOrder > ? AND hsOrder <= ? LIMIT 5000 -- limit to avoid long running queries
    )
  
[debug] [2026-04-17T20:29:29.338Z] [sqlite-worker] 
SELECT m.id
FROM mx_room_messages m
WHERE m.roomID = ? AND m.eventID = ?
LIMIT 1
    
[debug] [2026-04-17T20:29:29.339Z] [sqlite-worker] 
SELECT m.id
FROM mx_room_messages m
WHERE m.roomID = ? AND m.lastEditionID = ?
LIMIT 1
    
[debug] [2026-04-17T20:29:29.340Z] [sqlite-worker] 
SELECT m.id
FROM mx_room_messages m
WHERE m.roomID = ? AND m.eventID = ?
LIMIT 1
    
[debug] [2026-04-17T20:29:29.340Z] [sqlite-worker] UPDATE mx_room_messages SET sendStatus = ? WHERE roomID = ? AND id = ?
[debug] [2026-04-17T20:29:29.340Z] [sqlite-worker] 
INSERT INTO mx_room_messages (
  id,
  roomID,
  eventID,
  senderContactID,
  timestamp,
  isEdited,
  lastEditionID,
  isDetached,
  lastEditionTimestamp,
  lastEditionOrder,
  isDeleted,
  isEncrypted,
  inReplyToID,
  isReplyThreadFallback,
  type,
  hsOrder,
  isSentByMe,
  replyCount,
  shouldNotify,
  shouldPreview,
  countsAsUnread,
  lastDeletionID,
  editedType,
  message,
  echo_echoID,
  seenByMeAt
) VALUES (?, ?, ?, ?, ?, ?, ?, ?, ?, ?, ?, ?, ?, ?, ?, ?, ?, ?, ?, ?, ?, ?, ?, ?, ?, ?)
ON CONFLICT(roomID, eventID) DO UPDATE SET
  senderContactID = excluded.senderContactID,
  timestamp = excluded.timestamp,
  isEdited = excluded.isEdited,
  lastEditionID = excluded.lastEditionID,
  isDetached = excluded.isDetached,
  lastEditionTimestamp = excluded.lastEditionTimestamp,
  lastEditionOrder = excluded.lastEditionOrder,
  isDeleted = excluded.isDeleted,
  isEncrypted = excluded.isEncrypted,
  inReplyToID = excluded.inReplyToID,
  isReplyThreadFallback = excluded.isReplyThreadFallback,
  type = excluded.type,
  hsOrder = excluded.hsOrder,
  isSentByMe = excluded.isSentByMe,
  replyCount = excluded.replyCount,
  shouldNotify = excluded.shouldNotify,
  shouldPreview = excluded.shouldPreview,
  countsAsUnread = excluded.countsAsUnread,
  lastDeletionID = excluded.lastDeletionID,
  editedType = excluded.editedType,
  message = excluded.message,
  echo_echoID = excluded.echo_echoID,
  seenByMeAt = excluded.seenByMeAt,
  sendStatus = NULL RETURNING id
[debug] [2026-04-17T20:29:29.345Z] [sqlite-worker] SELECT * FROM mx_read_receipts WHERE roomID = ? AND userID IN (?)
[debug] [2026-04-17T20:29:29.345Z] [sqlite-worker] 
    INSERT INTO mx_read_receipts (userID, timestamp, roomID, relatesToID, hsOrder, hsSuborder, hsOrderString, lastVisibleEventID)
    VALUES (?, ?, ?, ?, ?, ?, ?, COALESCE((
  SELECT eventID
  FROM mx_room_messages
  WHERE
    roomID = ? AND
    type != 'HIDDEN' AND
    type != 'REACTION' AND
    hsOrder <= ?
  ORDER BY hsOrder DESC LIMIT 1
), ?))
  ON CONFLICT(roomID, userID) DO UPDATE SET
    timestamp = excluded.timestamp,
    relatesToID = excluded.relatesToID,
    hsOrder = excluded.hsOrder,
    hsSuborder = excluded.hsSuborder,
    hsOrderString = excluded.hsOrderString,
    lastVisibleEventID = excluded.lastVisibleEventID
  WHERE excluded.hsOrder >= mx_read_receipts.hsOrder
  RETURNING *
  
[debug] [2026-04-17T20:29:29.345Z] [sqlite-worker] 
    UPDATE mx_room_messages SET seenByMeAt = ? WHERE seenByMeAt IS NULL AND id IN (
      SELECT id FROM mx_room_messages WHERE roomID = ? AND hsOrder > ? AND hsOrder <= ? LIMIT 5000 -- limit to avoid long running queries
    )
  
[debug] [2026-04-17T20:29:29.346Z] [sqlite-worker] SELECT * FROM mx_read_receipts WHERE userID = ? AND roomID = ?
[debug] [2026-04-17T20:29:29.346Z] [sqlite-worker] 
      SELECT
          COUNT(DISTINCT mx_room_messages.id) AS unreadCount,
          SUM(CASE WHEN mention.value = '@room' OR mention.value = ? THEN 1 ELSE 0 END) AS unreadMentionsCount
      FROM mx_room_messages
      LEFT JOIN json_each(mx_room_messages.message, '$.mentions') AS mention
      WHERE
          mx_room_messages.roomId = ? AND
          mx_room_messages.isSentByMe = 0 AND
          mx_room_messages.isDeleted = 0 AND
          mx_room_messages.countsAsUnread = 1 AND
          mx_room_messages.hsOrder > ?
    
[debug] [2026-04-17T20:29:29.348Z] [sqlite-worker] INSERT OR REPLACE INTO threads (threadID, accountID, thread, timestamp, is_label) VALUES (?, ?, ?, ?, ?)
[debug] [2026-04-17T20:29:30.021Z] [sqlite-worker] 
SELECT
  t.accountID,
  t.thread,
  (
    SELECT json_group_array(
      json_object(
        'account_id', p.account_id,
        'participant_id', p.id,
        'room_id', p.room_id,
        'full_name', p.full_name,
        'nickname', p.nickname,
        'img_url', p.img_url,
        'is_verified', p.is_verified,
        'cannot_message', p.cannot_message,
        'is_self', p.is_self,
        'is_network_bot', p.is_network_bot,
        'added_by', p.added_by,
        'is_admin', p.is_admin,
        'is_pending', p.is_pending,
        'has_exited', p.has_exited,
        'identifiers', (
          SELECT json_group_array(
            json_object(
              'identifier', pi.identifier,
              'identifier_type', pi.identifier_type
            )
          )
          FROM participant_identifiers pi
          WHERE pi.account_id = p.account_id AND pi.participant_id = p.id
        )
      )
    )
    FROM participants p
    WHERE p.room_id = t.threadID AND p.account_id = t.accountID
  ) AS participants_json
FROM threads t
WHERE t.threadID = ?

[debug] [2026-04-17T20:29:30.022Z] [sqlite-worker] SELECT * FROM mx_read_receipts WHERE roomID = ? AND userID IN (?)
[debug] [2026-04-17T20:29:30.022Z] [sqlite-worker] 
    INSERT INTO mx_read_receipts (userID, timestamp, roomID, relatesToID, hsOrder, hsSuborder, hsOrderString, lastVisibleEventID)
    VALUES (?, ?, ?, ?, ?, ?, ?, COALESCE((
  SELECT eventID
  FROM mx_room_messages
  WHERE
    roomID = ? AND
    type != 'HIDDEN' AND
    type != 'REACTION' AND
    hsOrder <= ?
  ORDER BY hsOrder DESC LIMIT 1
), ?))
  ON CONFLICT(roomID, userID) DO UPDATE SET
    timestamp = excluded.timestamp,
    relatesToID = excluded.relatesToID,
    hsOrder = excluded.hsOrder,
    hsSuborder = excluded.hsSuborder,
    hsOrderString = excluded.hsOrderString,
    lastVisibleEventID = excluded.lastVisibleEventID
  WHERE excluded.hsOrder >= mx_read_receipts.hsOrder
  RETURNING *
  
[debug] [2026-04-17T20:29:30.022Z] [sqlite-worker] 
SELECT m.eventID, m.id
FROM mx_room_messages m
WHERE m.roomID = ? AND m.eventID IN (?, ?)
[debug] [2026-04-17T20:29:30.250Z] [sqlite-worker] 
SELECT
  t.accountID,
  t.thread,
  (
    SELECT json_group_array(
      json_object(
        'account_id', p.account_id,
        'participant_id', p.id,
        'room_id', p.room_id,
        'full_name', p.full_name,
        'nickname', p.nickname,
        'img_url', p.img_url,
        'is_verified', p.is_verified,
        'cannot_message', p.cannot_message,
        'is_self', p.is_self,
        'is_network_bot', p.is_network_bot,
        'added_by', p.added_by,
        'is_admin', p.is_admin,
        'is_pending', p.is_pending,
        'has_exited', p.has_exited,
        'identifiers', (
          SELECT json_group_array(
            json_object(
              'identifier', pi.identifier,
              'identifier_type', pi.identifier_type
            )
          )
          FROM participant_identifiers pi
          WHERE pi.account_id = p.account_id AND pi.participant_id = p.id
        )
      )
    )
    FROM participants p
    WHERE p.room_id = t.threadID AND p.account_id = t.accountID
  ) AS participants_json
FROM threads t
WHERE t.threadID = ?

[debug] [2026-04-17T20:29:30.251Z] [sqlite-worker] 
SELECT m.id
FROM mx_room_messages m
WHERE m.roomID = ? AND m.lastEditionID = ?
LIMIT 1
    
[debug] [2026-04-17T20:29:30.251Z] [sqlite-worker] 
SELECT m.id
FROM mx_room_messages m
WHERE m.roomID = ? AND m.eventID = ?
LIMIT 1
    
[debug] [2026-04-17T20:29:30.251Z] [sqlite-worker] UPDATE mx_room_messages SET sendStatus = ? WHERE roomID = ? AND id = ?
[debug] [2026-04-17T20:29:30.252Z] [sqlite-worker] 
INSERT INTO mx_room_messages (
  id,
  roomID,
  eventID,
  senderContactID,
  timestamp,
  isEdited,
  lastEditionID,
  isDetached,
  lastEditionTimestamp,
  lastEditionOrder,
  isDeleted,
  isEncrypted,
  inReplyToID,
  isReplyThreadFallback,
  type,
  hsOrder,
  isSentByMe,
  replyCount,
  shouldNotify,
  shouldPreview,
  countsAsUnread,
  lastDeletionID,
  editedType,
  message,
  echo_echoID,
  seenByMeAt
) VALUES (?, ?, ?, ?, ?, ?, ?, ?, ?, ?, ?, ?, ?, ?, ?, ?, ?, ?, ?, ?, ?, ?, ?, ?, ?, ?)
ON CONFLICT(roomID, eventID) DO UPDATE SET
  senderContactID = excluded.senderContactID,
  timestamp = excluded.timestamp,
  isEdited = excluded.isEdited,
  lastEditionID = excluded.lastEditionID,
  isDetached = excluded.isDetached,
  lastEditionTimestamp = excluded.lastEditionTimestamp,
  lastEditionOrder = excluded.lastEditionOrder,
  isDeleted = excluded.isDeleted,
  isEncrypted = excluded.isEncrypted,
  inReplyToID = excluded.inReplyToID,
  isReplyThreadFallback = excluded.isReplyThreadFallback,
  type = excluded.type,
  hsOrder = excluded.hsOrder,
  isSentByMe = excluded.isSentByMe,
  replyCount = excluded.replyCount,
  shouldNotify = excluded.shouldNotify,
  shouldPreview = excluded.shouldPreview,
  countsAsUnread = excluded.countsAsUnread,
  lastDeletionID = excluded.lastDeletionID,
  editedType = excluded.editedType,
  message = excluded.message,
  echo_echoID = excluded.echo_echoID,
  seenByMeAt = excluded.seenByMeAt,
  sendStatus = NULL RETURNING id
[debug] [2026-04-17T20:29:51.628Z] [sqlite-worker] 
SELECT
  t.accountID,
  t.thread,
  (
    SELECT json_group_array(
      json_object(
        'account_id', p.account_id,
        'participant_id', p.id,
        'room_id', p.room_id,
        'full_name', p.full_name,
        'nickname', p.nickname,
        'img_url', p.img_url,
        'is_verified', p.is_verified,
        'cannot_message', p.cannot_message,
        'is_self', p.is_self,
        'is_network_bot', p.is_network_bot,
        'added_by', p.added_by,
        'is_admin', p.is_admin,
        'is_pending', p.is_pending,
        'has_exited', p.has_exited,
        'identifiers', (
          SELECT json_group_array(
            json_object(
              'identifier', pi.identifier,
              'identifier_type', pi.identifier_type
            )
          )
          FROM participant_identifiers pi
          WHERE pi.account_id = p.account_id AND pi.participant_id = p.id
        )
      )
    )
    FROM participants p
    WHERE p.room_id = t.threadID AND p.account_id = t.accountID
  ) AS participants_json
FROM threads t
WHERE t.threadID = ?

[debug] [2026-04-17T20:29:52.460Z] [sqlite-worker] 
SELECT
  t.accountID,
  t.thread,
  (
    SELECT json_group_array(
      json_object(
        'account_id', p.account_id,
        'participant_id', p.id,
        'room_id', p.room_id,
        'full_name', p.full_name,
        'nickname', p.nickname,
        'img_url', p.img_url,
        'is_verified', p.is_verified,
        'cannot_message', p.cannot_message,
        'is_self', p.is_self,
        'is_network_bot', p.is_network_bot,
        'added_by', p.added_by,
        'is_admin', p.is_admin,
        'is_pending', p.is_pending,
        'has_exited', p.has_exited,
        'identifiers', (
          SELECT json_group_array(
            json_object(
              'identifier', pi.identifier,
              'identifier_type', pi.identifier_type
            )
          )
          FROM participant_identifiers pi
          WHERE pi.account_id = p.account_id AND pi.participant_id = p.id
        )
      )
    )
    FROM participants p
    WHERE p.room_id = t.threadID AND p.account_id = t.accountID
  ) AS participants_json
FROM threads t
WHERE t.threadID = ?

[debug] [2026-04-17T20:29:52.462Z] [sqlite-worker] 
INSERT INTO mx_room_messages (
  id,
  roomID,
  eventID,
  senderContactID,
  timestamp,
  isEdited,
  lastEditionID,
  isDetached,
  lastEditionTimestamp,
  lastEditionOrder,
  isDeleted,
  isEncrypted,
  inReplyToID,
  isReplyThreadFallback,
  type,
  hsOrder,
  isSentByMe,
  replyCount,
  shouldNotify,
  shouldPreview,
  countsAsUnread,
  lastDeletionID,
  editedType,
  message,
  echo_echoID,
  seenByMeAt
) VALUES (?, ?, ?, ?, ?, ?, ?, ?, ?, ?, ?, ?, ?, ?, ?, ?, ?, ?, ?, ?, ?, ?, ?, ?, ?, ?)
ON CONFLICT(roomID, eventID) DO UPDATE SET
  senderContactID = excluded.senderContactID,
  timestamp = excluded.timestamp,
  isEdited = excluded.isEdited,
  lastEditionID = excluded.lastEditionID,
  isDetached = excluded.isDetached,
  lastEditionTimestamp = excluded.lastEditionTimestamp,
  lastEditionOrder = excluded.lastEditionOrder,
  isDeleted = excluded.isDeleted,
  isEncrypted = excluded.isEncrypted,
  inReplyToID = excluded.inReplyToID,
  isReplyThreadFallback = excluded.isReplyThreadFallback,
  type = excluded.type,
  hsOrder = excluded.hsOrder,
  isSentByMe = excluded.isSentByMe,
  replyCount = excluded.replyCount,
  shouldNotify = excluded.shouldNotify,
  shouldPreview = excluded.shouldPreview,
  countsAsUnread = excluded.countsAsUnread,
  lastDeletionID = excluded.lastDeletionID,
  editedType = excluded.editedType,
  message = excluded.message,
  echo_echoID = excluded.echo_echoID,
  seenByMeAt = excluded.seenByMeAt,
  sendStatus = NULL RETURNING 
    mx_room_messages.id AS mx_msg_id,
    mx_room_messages.roomID AS mx_msg_roomID,
    mx_room_messages.eventID AS mx_msg_eventID,
    mx_room_messages.message AS mx_msg_msg,
    mx_room_messages.hsOrder AS mx_msg_hsOrder,
    mx_room_messages.sendStatus AS mx_msg_sendStatus,
    (
    SELECT json_object('id', linked.id, 'message', linked.message)
    FROM mx_room_messages linked
    WHERE mx_room_messages.inReplyToID IS NOT NULL
      AND (linked.eventID = mx_room_messages.inReplyToID OR linked.lastEditionID = mx_room_messages.inReplyToID)
    LIMIT 1
  ) AS mx_msg_linkedMessage,
    mx_room_messages.echo_echoID AS mx_msg_echo_echoID
  
[debug] [2026-04-17T20:29:52.465Z] [sqlite-worker] SELECT * FROM mx_read_receipts WHERE userID = ? AND roomID = ?
[debug] [2026-04-17T20:29:52.466Z] [sqlite-worker] 
    INSERT INTO mx_read_receipts (userID, timestamp, roomID, relatesToID, hsOrder, hsSuborder, hsOrderString, lastVisibleEventID)
    VALUES (?, ?, ?, ?, ?, ?, ?, COALESCE((
  SELECT eventID
  FROM mx_room_messages
  WHERE
    roomID = ? AND
    type != 'HIDDEN' AND
    type != 'REACTION' AND
    hsOrder <= ?
  ORDER BY hsOrder DESC LIMIT 1
), ?))
  ON CONFLICT(roomID, userID) DO UPDATE SET
    timestamp = excluded.timestamp,
    relatesToID = excluded.relatesToID,
    hsOrder = excluded.hsOrder,
    hsSuborder = excluded.hsSuborder,
    hsOrderString = excluded.hsOrderString,
    lastVisibleEventID = excluded.lastVisibleEventID
  WHERE excluded.hsOrder >= mx_read_receipts.hsOrder
  RETURNING *
  
[debug] [2026-04-17T20:29:52.467Z] [sqlite-worker] 
    UPDATE mx_room_messages SET seenByMeAt = ? WHERE seenByMeAt IS NULL AND id IN (
      SELECT id FROM mx_room_messages WHERE roomID = ? AND hsOrder > ? AND hsOrder <= ? LIMIT 5000 -- limit to avoid long running queries
    )
  
[debug] [2026-04-17T20:29:52.468Z] [sqlite-worker] 
SELECT m.id
FROM mx_room_messages m
WHERE m.roomID = ? AND m.eventID = ?
LIMIT 1
    
[debug] [2026-04-17T20:29:52.469Z] [sqlite-worker] SELECT * FROM mx_read_receipts WHERE roomID = ? AND userID IN (?)
[debug] [2026-04-17T20:29:52.469Z] [sqlite-worker] 
    INSERT INTO mx_read_receipts (userID, timestamp, roomID, relatesToID, hsOrder, hsSuborder, hsOrderString, lastVisibleEventID)
    VALUES (?, ?, ?, ?, ?, ?, ?, COALESCE((
  SELECT eventID
  FROM mx_room_messages
  WHERE
    roomID = ? AND
    type != 'HIDDEN' AND
    type != 'REACTION' AND
    hsOrder <= ?
  ORDER BY hsOrder DESC LIMIT 1
), ?))
  ON CONFLICT(roomID, userID) DO UPDATE SET
    timestamp = excluded.timestamp,
    relatesToID = excluded.relatesToID,
    hsOrder = excluded.hsOrder,
    hsSuborder = excluded.hsSuborder,
    hsOrderString = excluded.hsOrderString,
    lastVisibleEventID = excluded.lastVisibleEventID
  WHERE excluded.hsOrder >= mx_read_receipts.hsOrder
  RETURNING *
  
[debug] [2026-04-17T20:29:52.469Z] [sqlite-worker] 
    UPDATE mx_room_messages SET seenByMeAt = ? WHERE seenByMeAt IS NULL AND id IN (
      SELECT id FROM mx_room_messages WHERE roomID = ? AND hsOrder > ? AND hsOrder <= ? LIMIT 5000 -- limit to avoid long running queries
    )
  
[debug] [2026-04-17T20:29:52.470Z] [sqlite-worker] SELECT * FROM mx_read_receipts WHERE userID = ? AND roomID = ?
[debug] [2026-04-17T20:29:52.470Z] [sqlite-worker] 
      SELECT
          COUNT(DISTINCT mx_room_messages.id) AS unreadCount,
          SUM(CASE WHEN mention.value = '@room' OR mention.value = ? THEN 1 ELSE 0 END) AS unreadMentionsCount
      FROM mx_room_messages
      LEFT JOIN json_each(mx_room_messages.message, '$.mentions') AS mention
      WHERE
          mx_room_messages.roomId = ? AND
          mx_room_messages.isSentByMe = 0 AND
          mx_room_messages.isDeleted = 0 AND
          mx_room_messages.countsAsUnread = 1 AND
          mx_room_messages.hsOrder > ?
    
[debug] [2026-04-17T20:29:52.471Z] [sqlite-worker] INSERT OR REPLACE INTO threads (threadID, accountID, thread, timestamp, is_label) VALUES (?, ?, ?, ?, ?)
[debug] [2026-04-17T20:29:52.665Z] [sqlite-worker] 
SELECT
  t.accountID,
  t.thread,
  (
    SELECT json_group_array(
      json_object(
        'account_id', p.account_id,
        'participant_id', p.id,
        'room_id', p.room_id,
        'full_name', p.full_name,
        'nickname', p.nickname,
        'img_url', p.img_url,
        'is_verified', p.is_verified,
        'cannot_message', p.cannot_message,
        'is_self', p.is_self,
        'is_network_bot', p.is_network_bot,
        'added_by', p.added_by,
        'is_admin', p.is_admin,
        'is_pending', p.is_pending,
        'has_exited', p.has_exited,
        'identifiers', (
          SELECT json_group_array(
            json_object(
              'identifier', pi.identifier,
              'identifier_type', pi.identifier_type
            )
          )
          FROM participant_identifiers pi
          WHERE pi.account_id = p.account_id AND pi.participant_id = p.id
        )
      )
    )
    FROM participants p
    WHERE p.room_id = t.threadID AND p.account_id = t.accountID
  ) AS participants_json
FROM threads t
WHERE t.threadID = ?

[debug] [2026-04-17T20:29:52.667Z] [sqlite-worker] 
SELECT m.id
FROM mx_room_messages m
WHERE m.roomID = ? AND m.lastEditionID = ?
LIMIT 1
    
[debug] [2026-04-17T20:29:52.668Z] [sqlite-worker] 
SELECT m.id
FROM mx_room_messages m
WHERE m.roomID = ? AND m.eventID = ?
LIMIT 1
    
[debug] [2026-04-17T20:29:52.668Z] [sqlite-worker] UPDATE mx_room_messages SET sendStatus = ? WHERE roomID = ? AND id = ?
[debug] [2026-04-17T20:29:52.669Z] [sqlite-worker] 
INSERT INTO mx_room_messages (
  id,
  roomID,
  eventID,
  senderContactID,
  timestamp,
  isEdited,
  lastEditionID,
  isDetached,
  lastEditionTimestamp,
  lastEditionOrder,
  isDeleted,
  isEncrypted,
  inReplyToID,
  isReplyThreadFallback,
  type,
  hsOrder,
  isSentByMe,
  replyCount,
  shouldNotify,
  shouldPreview,
  countsAsUnread,
  lastDeletionID,
  editedType,
  message,
  echo_echoID,
  seenByMeAt
) VALUES (?, ?, ?, ?, ?, ?, ?, ?, ?, ?, ?, ?, ?, ?, ?, ?, ?, ?, ?, ?, ?, ?, ?, ?, ?, ?)
ON CONFLICT(roomID, eventID) DO UPDATE SET
  senderContactID = excluded.senderContactID,
  timestamp = excluded.timestamp,
  isEdited = excluded.isEdited,
  lastEditionID = excluded.lastEditionID,
  isDetached = excluded.isDetached,
  lastEditionTimestamp = excluded.lastEditionTimestamp,
  lastEditionOrder = excluded.lastEditionOrder,
  isDeleted = excluded.isDeleted,
  isEncrypted = excluded.isEncrypted,
  inReplyToID = excluded.inReplyToID,
  isReplyThreadFallback = excluded.isReplyThreadFallback,
  type = excluded.type,
  hsOrder = excluded.hsOrder,
  isSentByMe = excluded.isSentByMe,
  replyCount = excluded.replyCount,
  shouldNotify = excluded.shouldNotify,
  shouldPreview = excluded.shouldPreview,
  countsAsUnread = excluded.countsAsUnread,
  lastDeletionID = excluded.lastDeletionID,
  editedType = excluded.editedType,
  message = excluded.message,
  echo_echoID = excluded.echo_echoID,
  seenByMeAt = excluded.seenByMeAt,
  sendStatus = NULL RETURNING id
[debug] [2026-04-17T20:29:53.245Z] [sqlite-worker] 
SELECT
  t.accountID,
  t.thread,
  (
    SELECT json_group_array(
      json_object(
        'account_id', p.account_id,
        'participant_id', p.id,
        'room_id', p.room_id,
        'full_name', p.full_name,
        'nickname', p.nickname,
        'img_url', p.img_url,
        'is_verified', p.is_verified,
        'cannot_message', p.cannot_message,
        'is_self', p.is_self,
        'is_network_bot', p.is_network_bot,
        'added_by', p.added_by,
        'is_admin', p.is_admin,
        'is_pending', p.is_pending,
        'has_exited', p.has_exited,
        'identifiers', (
          SELECT json_group_array(
            json_object(
              'identifier', pi.identifier,
              'identifier_type', pi.identifier_type
            )
          )
          FROM participant_identifiers pi
          WHERE pi.account_id = p.account_id AND pi.participant_id = p.id
        )
      )
    )
    FROM participants p
    WHERE p.room_id = t.threadID AND p.account_id = t.accountID
  ) AS participants_json
FROM threads t
WHERE t.threadID = ?

[debug] [2026-04-17T20:29:53.247Z] [sqlite-worker] SELECT * FROM mx_read_receipts WHERE roomID = ? AND userID IN (?)
[debug] [2026-04-17T20:29:53.248Z] [sqlite-worker] 
    INSERT INTO mx_read_receipts (userID, timestamp, roomID, relatesToID, hsOrder, hsSuborder, hsOrderString, lastVisibleEventID)
    VALUES (?, ?, ?, ?, ?, ?, ?, COALESCE((
  SELECT eventID
  FROM mx_room_messages
  WHERE
    roomID = ? AND
    type != 'HIDDEN' AND
    type != 'REACTION' AND
    hsOrder <= ?
  ORDER BY hsOrder DESC LIMIT 1
), ?))
  ON CONFLICT(roomID, userID) DO UPDATE SET
    timestamp = excluded.timestamp,
    relatesToID = excluded.relatesToID,
    hsOrder = excluded.hsOrder,
    hsSuborder = excluded.hsSuborder,
    hsOrderString = excluded.hsOrderString,
    lastVisibleEventID = excluded.lastVisibleEventID
  WHERE excluded.hsOrder >= mx_read_receipts.hsOrder
  RETURNING *
  
[debug] [2026-04-17T20:29:53.249Z] [sqlite-worker] 
SELECT m.eventID, m.id
FROM mx_room_messages m
WHERE m.roomID = ? AND m.eventID IN (?, ?)
[debug] [2026-04-17T20:29:53.676Z] [sqlite-worker] 
SELECT
  t.accountID,
  t.thread,
  (
    SELECT json_group_array(
      json_object(
        'account_id', p.account_id,
        'participant_id', p.id,
        'room_id', p.room_id,
        'full_name', p.full_name,
        'nickname', p.nickname,
        'img_url', p.img_url,
        'is_verified', p.is_verified,
        'cannot_message', p.cannot_message,
        'is_self', p.is_self,
        'is_network_bot', p.is_network_bot,
        'added_by', p.added_by,
        'is_admin', p.is_admin,
        'is_pending', p.is_pending,
        'has_exited', p.has_exited,
        'identifiers', (
          SELECT json_group_array(
            json_object(
              'identifier', pi.identifier,
              'identifier_type', pi.identifier_type
            )
          )
          FROM participant_identifiers pi
          WHERE pi.account_id = p.account_id AND pi.participant_id = p.id
        )
      )
    )
    FROM participants p
    WHERE p.room_id = t.threadID AND p.account_id = t.accountID
  ) AS participants_json
FROM threads t
WHERE t.threadID = ?

[debug] [2026-04-17T20:29:53.677Z] [sqlite-worker] 
SELECT m.id
FROM mx_room_messages m
WHERE m.roomID = ? AND m.lastEditionID = ?
LIMIT 1
    
[debug] [2026-04-17T20:29:53.678Z] [sqlite-worker] 
SELECT m.id
FROM mx_room_messages m
WHERE m.roomID = ? AND m.eventID = ?
LIMIT 1
    
[debug] [2026-04-17T20:29:53.678Z] [sqlite-worker] UPDATE mx_room_messages SET sendStatus = ? WHERE roomID = ? AND id = ?
[debug] [2026-04-17T20:29:53.678Z] [sqlite-worker] 
INSERT INTO mx_room_messages (
  id,
  roomID,
  eventID,
  senderContactID,
  timestamp,
  isEdited,
  lastEditionID,
  isDetached,
  lastEditionTimestamp,
  lastEditionOrder,
  isDeleted,
  isEncrypted,
  inReplyToID,
  isReplyThreadFallback,
  type,
  hsOrder,
  isSentByMe,
  replyCount,
  shouldNotify,
  shouldPreview,
  countsAsUnread,
  lastDeletionID,
  editedType,
  message,
  echo_echoID,
  seenByMeAt
) VALUES (?, ?, ?, ?, ?, ?, ?, ?, ?, ?, ?, ?, ?, ?, ?, ?, ?, ?, ?, ?, ?, ?, ?, ?, ?, ?)
ON CONFLICT(roomID, eventID) DO UPDATE SET
  senderContactID = excluded.senderContactID,
  timestamp = excluded.timestamp,
  isEdited = excluded.isEdited,
  lastEditionID = excluded.lastEditionID,
  isDetached = excluded.isDetached,
  lastEditionTimestamp = excluded.lastEditionTimestamp,
  lastEditionOrder = excluded.lastEditionOrder,
  isDeleted = excluded.isDeleted,
  isEncrypted = excluded.isEncrypted,
  inReplyToID = excluded.inReplyToID,
  isReplyThreadFallback = excluded.isReplyThreadFallback,
  type = excluded.type,
  hsOrder = excluded.hsOrder,
  isSentByMe = excluded.isSentByMe,
  replyCount = excluded.replyCount,
  shouldNotify = excluded.shouldNotify,
  shouldPreview = excluded.shouldPreview,
  countsAsUnread = excluded.countsAsUnread,
  lastDeletionID = excluded.lastDeletionID,
  editedType = excluded.editedType,
  message = excluded.message,
  echo_echoID = excluded.echo_echoID,
  seenByMeAt = excluded.seenByMeAt,
  sendStatus = NULL RETURNING id
[debug] [2026-04-17T20:30:00.138Z] [sqlite-worker] 
SELECT
  t.accountID,
  t.thread,
  (
    SELECT json_group_array(
      json_object(
        'account_id', p.account_id,
        'participant_id', p.id,
        'room_id', p.room_id,
        'full_name', p.full_name,
        'nickname', p.nickname,
        'img_url', p.img_url,
        'is_verified', p.is_verified,
        'cannot_message', p.cannot_message,
        'is_self', p.is_self,
        'is_network_bot', p.is_network_bot,
        'added_by', p.added_by,
        'is_admin', p.is_admin,
        'is_pending', p.is_pending,
        'has_exited', p.has_exited,
        'identifiers', (
          SELECT json_group_array(
            json_object(
              'identifier', pi.identifier,
              'identifier_type', pi.identifier_type
            )
          )
          FROM participant_identifiers pi
          WHERE pi.account_id = p.account_id AND pi.participant_id = p.id
        )
      )
    )
    FROM participants p
    WHERE p.room_id = t.threadID AND p.account_id = t.accountID
  ) AS participants_json
FROM threads t
WHERE t.threadID = ?

[debug] [2026-04-17T20:30:00.140Z] [sqlite-worker] 
INSERT INTO mx_room_messages (
  id,
  roomID,
  eventID,
  senderContactID,
  timestamp,
  isEdited,
  lastEditionID,
  isDetached,
  lastEditionTimestamp,
  lastEditionOrder,
  isDeleted,
  isEncrypted,
  inReplyToID,
  isReplyThreadFallback,
  type,
  hsOrder,
  isSentByMe,
  replyCount,
  shouldNotify,
  shouldPreview,
  countsAsUnread,
  lastDeletionID,
  editedType,
  message,
  echo_echoID,
  seenByMeAt
) VALUES (?, ?, ?, ?, ?, ?, ?, ?, ?, ?, ?, ?, ?, ?, ?, ?, ?, ?, ?, ?, ?, ?, ?, ?, ?, ?)
ON CONFLICT(roomID, eventID) DO UPDATE SET
  senderContactID = excluded.senderContactID,
  timestamp = excluded.timestamp,
  isEdited = excluded.isEdited,
  lastEditionID = excluded.lastEditionID,
  isDetached = excluded.isDetached,
  lastEditionTimestamp = excluded.lastEditionTimestamp,
  lastEditionOrder = excluded.lastEditionOrder,
  isDeleted = excluded.isDeleted,
  isEncrypted = excluded.isEncrypted,
  inReplyToID = excluded.inReplyToID,
  isReplyThreadFallback = excluded.isReplyThreadFallback,
  type = excluded.type,
  hsOrder = excluded.hsOrder,
  isSentByMe = excluded.isSentByMe,
  replyCount = excluded.replyCount,
  shouldNotify = excluded.shouldNotify,
  shouldPreview = excluded.shouldPreview,
  countsAsUnread = excluded.countsAsUnread,
  lastDeletionID = excluded.lastDeletionID,
  editedType = excluded.editedType,
  message = excluded.message,
  echo_echoID = excluded.echo_echoID,
  seenByMeAt = excluded.seenByMeAt,
  sendStatus = NULL RETURNING 
    mx_room_messages.id AS mx_msg_id,
    mx_room_messages.roomID AS mx_msg_roomID,
    mx_room_messages.eventID AS mx_msg_eventID,
    mx_room_messages.message AS mx_msg_msg,
    mx_room_messages.hsOrder AS mx_msg_hsOrder,
    mx_room_messages.sendStatus AS mx_msg_sendStatus,
    (
    SELECT json_object('id', linked.id, 'message', linked.message)
    FROM mx_room_messages linked
    WHERE mx_room_messages.inReplyToID IS NOT NULL
      AND (linked.eventID = mx_room_messages.inReplyToID OR linked.lastEditionID = mx_room_messages.inReplyToID)
    LIMIT 1
  ) AS mx_msg_linkedMessage,
    mx_room_messages.echo_echoID AS mx_msg_echo_echoID
  
[debug] [2026-04-17T20:30:00.142Z] [sqlite-worker] SELECT * FROM mx_read_receipts WHERE roomID = ? AND userID IN (?)
[debug] [2026-04-17T20:30:00.143Z] [sqlite-worker] 
    INSERT INTO mx_read_receipts (userID, timestamp, roomID, relatesToID, hsOrder, hsSuborder, hsOrderString, lastVisibleEventID)
    VALUES (?, ?, ?, ?, ?, ?, ?, COALESCE((
  SELECT eventID
  FROM mx_room_messages
  WHERE
    roomID = ? AND
    type != 'HIDDEN' AND
    type != 'REACTION' AND
    hsOrder <= ?
  ORDER BY hsOrder DESC LIMIT 1
), ?))
  ON CONFLICT(roomID, userID) DO UPDATE SET
    timestamp = excluded.timestamp,
    relatesToID = excluded.relatesToID,
    hsOrder = excluded.hsOrder,
    hsSuborder = excluded.hsSuborder,
    hsOrderString = excluded.hsOrderString,
    lastVisibleEventID = excluded.lastVisibleEventID
  WHERE excluded.hsOrder >= mx_read_receipts.hsOrder
  RETURNING *
  
[debug] [2026-04-17T20:30:00.147Z] [sqlite-worker] 
SELECT m.eventID, m.id
FROM mx_room_messages m
WHERE m.roomID = ? AND m.eventID IN (?, ?)
[debug] [2026-04-17T20:30:00.151Z] [sqlite-worker] INSERT OR REPLACE INTO threads (threadID, accountID, thread, timestamp, is_label) VALUES (?, ?, ?, ?, ?)
[debug] [2026-04-17T20:30:00.405Z] [sqlite-worker] 
SELECT
  t.accountID,
  t.thread,
  (
    SELECT json_group_array(
      json_object(
        'account_id', p.account_id,
        'participant_id', p.id,
        'room_id', p.room_id,
        'full_name', p.full_name,
        'nickname', p.nickname,
        'img_url', p.img_url,
        'is_verified', p.is_verified,
        'cannot_message', p.cannot_message,
        'is_self', p.is_self,
        'is_network_bot', p.is_network_bot,
        'added_by', p.added_by,
        'is_admin', p.is_admin,
        'is_pending', p.is_pending,
        'has_exited', p.has_exited,
        'identifiers', (
          SELECT json_group_array(
            json_object(
              'identifier', pi.identifier,
              'identifier_type', pi.identifier_type
            )
          )
          FROM participant_identifiers pi
          WHERE pi.account_id = p.account_id AND pi.participant_id = p.id
        )
      )
    )
    FROM participants p
    WHERE p.room_id = t.threadID AND p.account_id = t.accountID
  ) AS participants_json
FROM threads t
WHERE t.threadID = ?

[debug] [2026-04-17T20:30:16.410Z] [sqlite-worker] 
SELECT
  t.accountID,
  t.thread,
  (
    SELECT json_group_array(
      json_object(
        'account_id', p.account_id,
        'participant_id', p.id,
        'room_id', p.room_id,
        'full_name', p.full_name,
        'nickname', p.nickname,
        'img_url', p.img_url,
        'is_verified', p.is_verified,
        'cannot_message', p.cannot_message,
        'is_self', p.is_self,
        'is_network_bot', p.is_network_bot,
        'added_by', p.added_by,
        'is_admin', p.is_admin,
        'is_pending', p.is_pending,
        'has_exited', p.has_exited,
        'identifiers', (
          SELECT json_group_array(
            json_object(
              'identifier', pi.identifier,
              'identifier_type', pi.identifier_type
            )
          )
          FROM participant_identifiers pi
          WHERE pi.account_id = p.account_id AND pi.participant_id = p.id
        )
      )
    )
    FROM participants p
    WHERE p.room_id = t.threadID AND p.account_id = t.accountID
  ) AS participants_json
FROM threads t
WHERE t.threadID = ?

[debug] [2026-04-17T20:30:16.411Z] [sqlite-worker] SELECT * FROM mx_read_receipts WHERE roomID = ? AND userID IN (?)
[debug] [2026-04-17T20:30:16.411Z] [sqlite-worker] 
    INSERT INTO mx_read_receipts (userID, timestamp, roomID, relatesToID, hsOrder, hsSuborder, hsOrderString, lastVisibleEventID)
    VALUES (?, ?, ?, ?, ?, ?, ?, COALESCE((
  SELECT eventID
  FROM mx_room_messages
  WHERE
    roomID = ? AND
    type != 'HIDDEN' AND
    type != 'REACTION' AND
    hsOrder <= ?
  ORDER BY hsOrder DESC LIMIT 1
), ?))
  ON CONFLICT(roomID, userID) DO UPDATE SET
    timestamp = excluded.timestamp,
    relatesToID = excluded.relatesToID,
    hsOrder = excluded.hsOrder,
    hsSuborder = excluded.hsSuborder,
    hsOrderString = excluded.hsOrderString,
    lastVisibleEventID = excluded.lastVisibleEventID
  WHERE excluded.hsOrder >= mx_read_receipts.hsOrder
  RETURNING *
  
[debug] [2026-04-17T20:30:16.411Z] [sqlite-worker] 
    UPDATE mx_room_messages SET seenByMeAt = ? WHERE seenByMeAt IS NULL AND id IN (
      SELECT id FROM mx_room_messages WHERE roomID = ? AND hsOrder > ? AND hsOrder <= ? LIMIT 5000 -- limit to avoid long running queries
    )
  
[debug] [2026-04-17T20:30:16.411Z] [sqlite-worker] 
SELECT m.eventID, m.id
FROM mx_room_messages m
WHERE m.roomID = ? AND m.eventID IN (?)
[debug] [2026-04-17T20:30:16.412Z] [sqlite-worker] SELECT * FROM mx_read_receipts WHERE userID = ? AND roomID = ?
[debug] [2026-04-17T20:30:16.412Z] [sqlite-worker] 
      SELECT
          COUNT(DISTINCT mx_room_messages.id) AS unreadCount,
          SUM(CASE WHEN mention.value = '@room' OR mention.value = ? THEN 1 ELSE 0 END) AS unreadMentionsCount
      FROM mx_room_messages
      LEFT JOIN json_each(mx_room_messages.message, '$.mentions') AS mention
      WHERE
          mx_room_messages.roomId = ? AND
          mx_room_messages.isSentByMe = 0 AND
          mx_room_messages.isDeleted = 0 AND
          mx_room_messages.countsAsUnread = 1 AND
          mx_room_messages.hsOrder > ?
    
[debug] [2026-04-17T20:30:16.416Z] [sqlite-worker] INSERT OR REPLACE INTO threads (threadID, accountID, thread, timestamp, is_label) VALUES (?, ?, ?, ?, ?)
[debug] [2026-04-17T20:30:19.495Z] [sqlite-worker] 
SELECT
  t.accountID,
  t.thread,
  (
    SELECT json_group_array(
      json_object(
        'account_id', p.account_id,
        'participant_id', p.id,
        'room_id', p.room_id,
        'full_name', p.full_name,
        'nickname', p.nickname,
        'img_url', p.img_url,
        'is_verified', p.is_verified,
        'cannot_message', p.cannot_message,
        'is_self', p.is_self,
        'is_network_bot', p.is_network_bot,
        'added_by', p.added_by,
        'is_admin', p.is_admin,
        'is_pending', p.is_pending,
        'has_exited', p.has_exited,
        'identifiers', (
          SELECT json_group_array(
            json_object(
              'identifier', pi.identifier,
              'identifier_type', pi.identifier_type
            )
          )
          FROM participant_identifiers pi
          WHERE pi.account_id = p.account_id AND pi.participant_id = p.id
        )
      )
    )
    FROM participants p
    WHERE p.room_id = t.threadID AND p.account_id = t.accountID
  ) AS participants_json
FROM threads t
WHERE t.threadID = ?

[debug] [2026-04-17T20:30:19.497Z] [sqlite-worker] 
INSERT INTO mx_room_messages (
  id,
  roomID,
  eventID,
  senderContactID,
  timestamp,
  isEdited,
  lastEditionID,
  isDetached,
  lastEditionTimestamp,
  lastEditionOrder,
  isDeleted,
  isEncrypted,
  inReplyToID,
  isReplyThreadFallback,
  type,
  hsOrder,
  isSentByMe,
  replyCount,
  shouldNotify,
  shouldPreview,
  countsAsUnread,
  lastDeletionID,
  editedType,
  message,
  echo_echoID,
  seenByMeAt
) VALUES (?, ?, ?, ?, ?, ?, ?, ?, ?, ?, ?, ?, ?, ?, ?, ?, ?, ?, ?, ?, ?, ?, ?, ?, ?, ?)
ON CONFLICT(roomID, eventID) DO UPDATE SET
  senderContactID = excluded.senderContactID,
  timestamp = excluded.timestamp,
  isEdited = excluded.isEdited,
  lastEditionID = excluded.lastEditionID,
  isDetached = excluded.isDetached,
  lastEditionTimestamp = excluded.lastEditionTimestamp,
  lastEditionOrder = excluded.lastEditionOrder,
  isDeleted = excluded.isDeleted,
  isEncrypted = excluded.isEncrypted,
  inReplyToID = excluded.inReplyToID,
  isReplyThreadFallback = excluded.isReplyThreadFallback,
  type = excluded.type,
  hsOrder = excluded.hsOrder,
  isSentByMe = excluded.isSentByMe,
  replyCount = excluded.replyCount,
  shouldNotify = excluded.shouldNotify,
  shouldPreview = excluded.shouldPreview,
  countsAsUnread = excluded.countsAsUnread,
  lastDeletionID = excluded.lastDeletionID,
  editedType = excluded.editedType,
  message = excluded.message,
  echo_echoID = excluded.echo_echoID,
  seenByMeAt = excluded.seenByMeAt,
  sendStatus = NULL RETURNING 
    mx_room_messages.id AS mx_msg_id,
    mx_room_messages.roomID AS mx_msg_roomID,
    mx_room_messages.eventID AS mx_msg_eventID,
    mx_room_messages.message AS mx_msg_msg,
    mx_room_messages.hsOrder AS mx_msg_hsOrder,
    mx_room_messages.sendStatus AS mx_msg_sendStatus,
    (
    SELECT json_object('id', linked.id, 'message', linked.message)
    FROM mx_room_messages linked
    WHERE mx_room_messages.inReplyToID IS NOT NULL
      AND (linked.eventID = mx_room_messages.inReplyToID OR linked.lastEditionID = mx_room_messages.inReplyToID)
    LIMIT 1
  ) AS mx_msg_linkedMessage,
    mx_room_messages.echo_echoID AS mx_msg_echo_echoID
  
[debug] [2026-04-17T20:30:19.499Z] [sqlite-worker] SELECT * FROM mx_read_receipts WHERE userID = ? AND roomID = ?
[debug] [2026-04-17T20:30:19.499Z] [sqlite-worker] 
    INSERT INTO mx_read_receipts (userID, timestamp, roomID, relatesToID, hsOrder, hsSuborder, hsOrderString, lastVisibleEventID)
    VALUES (?, ?, ?, ?, ?, ?, ?, COALESCE((
  SELECT eventID
  FROM mx_room_messages
  WHERE
    roomID = ? AND
    type != 'HIDDEN' AND
    type != 'REACTION' AND
    hsOrder <= ?
  ORDER BY hsOrder DESC LIMIT 1
), ?))
  ON CONFLICT(roomID, userID) DO UPDATE SET
    timestamp = excluded.timestamp,
    relatesToID = excluded.relatesToID,
    hsOrder = excluded.hsOrder,
    hsSuborder = excluded.hsSuborder,
    hsOrderString = excluded.hsOrderString,
    lastVisibleEventID = excluded.lastVisibleEventID
  WHERE excluded.hsOrder >= mx_read_receipts.hsOrder
  RETURNING *
  
[debug] [2026-04-17T20:30:19.500Z] [sqlite-worker] 
    UPDATE mx_room_messages SET seenByMeAt = ? WHERE seenByMeAt IS NULL AND id IN (
      SELECT id FROM mx_room_messages WHERE roomID = ? AND hsOrder > ? AND hsOrder <= ? LIMIT 5000 -- limit to avoid long running queries
    )
  
[debug] [2026-04-17T20:30:19.500Z] [sqlite-worker] 
SELECT m.id
FROM mx_room_messages m
WHERE m.roomID = ? AND m.eventID = ?
LIMIT 1
    
[debug] [2026-04-17T20:30:19.501Z] [sqlite-worker] SELECT * FROM mx_read_receipts WHERE roomID = ? AND userID IN (?)
[debug] [2026-04-17T20:30:19.502Z] [sqlite-worker] 
    INSERT INTO mx_read_receipts (userID, timestamp, roomID, relatesToID, hsOrder, hsSuborder, hsOrderString, lastVisibleEventID)
    VALUES (?, ?, ?, ?, ?, ?, ?, COALESCE((
  SELECT eventID
  FROM mx_room_messages
  WHERE
    roomID = ? AND
    type != 'HIDDEN' AND
    type != 'REACTION' AND
    hsOrder <= ?
  ORDER BY hsOrder DESC LIMIT 1
), ?))
  ON CONFLICT(roomID, userID) DO UPDATE SET
    timestamp = excluded.timestamp,
    relatesToID = excluded.relatesToID,
    hsOrder = excluded.hsOrder,
    hsSuborder = excluded.hsSuborder,
    hsOrderString = excluded.hsOrderString,
    lastVisibleEventID = excluded.lastVisibleEventID
  WHERE excluded.hsOrder >= mx_read_receipts.hsOrder
  RETURNING *
  
[debug] [2026-04-17T20:30:19.502Z] [sqlite-worker] 
    UPDATE mx_room_messages SET seenByMeAt = ? WHERE seenByMeAt IS NULL AND id IN (
      SELECT id FROM mx_room_messages WHERE roomID = ? AND hsOrder > ? AND hsOrder <= ? LIMIT 5000 -- limit to avoid long running queries
    )
  
[debug] [2026-04-17T20:30:19.502Z] [sqlite-worker] SELECT * FROM mx_read_receipts WHERE userID = ? AND roomID = ?
[debug] [2026-04-17T20:30:19.503Z] [sqlite-worker] 
      SELECT
          COUNT(DISTINCT mx_room_messages.id) AS unreadCount,
          SUM(CASE WHEN mention.value = '@room' OR mention.value = ? THEN 1 ELSE 0 END) AS unreadMentionsCount
      FROM mx_room_messages
      LEFT JOIN json_each(mx_room_messages.message, '$.mentions') AS mention
      WHERE
          mx_room_messages.roomId = ? AND
          mx_room_messages.isSentByMe = 0 AND
          mx_room_messages.isDeleted = 0 AND
          mx_room_messages.countsAsUnread = 1 AND
          mx_room_messages.hsOrder > ?
    
[debug] [2026-04-17T20:30:19.504Z] [sqlite-worker] INSERT OR REPLACE INTO threads (threadID, accountID, thread, timestamp, is_label) VALUES (?, ?, ?, ?, ?)
[debug] [2026-04-17T20:30:19.700Z] [sqlite-worker] 
SELECT
  t.accountID,
  t.thread,
  (
    SELECT json_group_array(
      json_object(
        'account_id', p.account_id,
        'participant_id', p.id,
        'room_id', p.room_id,
        'full_name', p.full_name,
        'nickname', p.nickname,
        'img_url', p.img_url,
        'is_verified', p.is_verified,
        'cannot_message', p.cannot_message,
        'is_self', p.is_self,
        'is_network_bot', p.is_network_bot,
        'added_by', p.added_by,
        'is_admin', p.is_admin,
        'is_pending', p.is_pending,
        'has_exited', p.has_exited,
        'identifiers', (
          SELECT json_group_array(
            json_object(
              'identifier', pi.identifier,
              'identifier_type', pi.identifier_type
            )
          )
          FROM participant_identifiers pi
          WHERE pi.account_id = p.account_id AND pi.participant_id = p.id
        )
      )
    )
    FROM participants p
    WHERE p.room_id = t.threadID AND p.account_id = t.accountID
  ) AS participants_json
FROM threads t
WHERE t.threadID = ?

[debug] [2026-04-17T20:30:19.701Z] [sqlite-worker] 
SELECT m.id
FROM mx_room_messages m
WHERE m.roomID = ? AND m.lastEditionID = ?
LIMIT 1
    
[debug] [2026-04-17T20:30:19.701Z] [sqlite-worker] 
SELECT m.id
FROM mx_room_messages m
WHERE m.roomID = ? AND m.eventID = ?
LIMIT 1
    
[debug] [2026-04-17T20:30:19.701Z] [sqlite-worker] UPDATE mx_room_messages SET sendStatus = ? WHERE roomID = ? AND id = ?
[debug] [2026-04-17T20:30:19.702Z] [sqlite-worker] 
INSERT INTO mx_room_messages (
  id,
  roomID,
  eventID,
  senderContactID,
  timestamp,
  isEdited,
  lastEditionID,
  isDetached,
  lastEditionTimestamp,
  lastEditionOrder,
  isDeleted,
  isEncrypted,
  inReplyToID,
  isReplyThreadFallback,
  type,
  hsOrder,
  isSentByMe,
  replyCount,
  shouldNotify,
  shouldPreview,
  countsAsUnread,
  lastDeletionID,
  editedType,
  message,
  echo_echoID,
  seenByMeAt
) VALUES (?, ?, ?, ?, ?, ?, ?, ?, ?, ?, ?, ?, ?, ?, ?, ?, ?, ?, ?, ?, ?, ?, ?, ?, ?, ?)
ON CONFLICT(roomID, eventID) DO UPDATE SET
  senderContactID = excluded.senderContactID,
  timestamp = excluded.timestamp,
  isEdited = excluded.isEdited,
  lastEditionID = excluded.lastEditionID,
  isDetached = excluded.isDetached,
  lastEditionTimestamp = excluded.lastEditionTimestamp,
  lastEditionOrder = excluded.lastEditionOrder,
  isDeleted = excluded.isDeleted,
  isEncrypted = excluded.isEncrypted,
  inReplyToID = excluded.inReplyToID,
  isReplyThreadFallback = excluded.isReplyThreadFallback,
  type = excluded.type,
  hsOrder = excluded.hsOrder,
  isSentByMe = excluded.isSentByMe,
  replyCount = excluded.replyCount,
  shouldNotify = excluded.shouldNotify,
  shouldPreview = excluded.shouldPreview,
  countsAsUnread = excluded.countsAsUnread,
  lastDeletionID = excluded.lastDeletionID,
  editedType = excluded.editedType,
  message = excluded.message,
  echo_echoID = excluded.echo_echoID,
  seenByMeAt = excluded.seenByMeAt,
  sendStatus = NULL RETURNING id
[debug] [2026-04-17T20:30:20.711Z] [sqlite-worker] 
SELECT
  t.accountID,
  t.thread,
  (
    SELECT json_group_array(
      json_object(
        'account_id', p.account_id,
        'participant_id', p.id,
        'room_id', p.room_id,
        'full_name', p.full_name,
        'nickname', p.nickname,
        'img_url', p.img_url,
        'is_verified', p.is_verified,
        'cannot_message', p.cannot_message,
        'is_self', p.is_self,
        'is_network_bot', p.is_network_bot,
        'added_by', p.added_by,
        'is_admin', p.is_admin,
        'is_pending', p.is_pending,
        'has_exited', p.has_exited,
        'identifiers', (
          SELECT json_group_array(
            json_object(
              'identifier', pi.identifier,
              'identifier_type', pi.identifier_type
            )
          )
          FROM participant_identifiers pi
          WHERE pi.account_id = p.account_id AND pi.participant_id = p.id
        )
      )
    )
    FROM participants p
    WHERE p.room_id = t.threadID AND p.account_id = t.accountID
  ) AS participants_json
FROM threads t
WHERE t.threadID = ?

[debug] [2026-04-17T20:30:20.712Z] [sqlite-worker] SELECT * FROM mx_read_receipts WHERE roomID = ? AND userID IN (?)
[debug] [2026-04-17T20:30:20.712Z] [sqlite-worker] 
    INSERT INTO mx_read_receipts (userID, timestamp, roomID, relatesToID, hsOrder, hsSuborder, hsOrderString, lastVisibleEventID)
    VALUES (?, ?, ?, ?, ?, ?, ?, COALESCE((
  SELECT eventID
  FROM mx_room_messages
  WHERE
    roomID = ? AND
    type != 'HIDDEN' AND
    type != 'REACTION' AND
    hsOrder <= ?
  ORDER BY hsOrder DESC LIMIT 1
), ?))
  ON CONFLICT(roomID, userID) DO UPDATE SET
    timestamp = excluded.timestamp,
    relatesToID = excluded.relatesToID,
    hsOrder = excluded.hsOrder,
    hsSuborder = excluded.hsSuborder,
    hsOrderString = excluded.hsOrderString,
    lastVisibleEventID = excluded.lastVisibleEventID
  WHERE excluded.hsOrder >= mx_read_receipts.hsOrder
  RETURNING *
  
[debug] [2026-04-17T20:30:20.712Z] [sqlite-worker] 
SELECT m.eventID, m.id
FROM mx_room_messages m
WHERE m.roomID = ? AND m.eventID IN (?, ?)
[debug] [2026-04-17T20:30:20.918Z] [sqlite-worker] 
SELECT
  t.accountID,
  t.thread,
  (
    SELECT json_group_array(
      json_object(
        'account_id', p.account_id,
        'participant_id', p.id,
        'room_id', p.room_id,
        'full_name', p.full_name,
        'nickname', p.nickname,
        'img_url', p.img_url,
        'is_verified', p.is_verified,
        'cannot_message', p.cannot_message,
        'is_self', p.is_self,
        'is_network_bot', p.is_network_bot,
        'added_by', p.added_by,
        'is_admin', p.is_admin,
        'is_pending', p.is_pending,
        'has_exited', p.has_exited,
        'identifiers', (
          SELECT json_group_array(
            json_object(
              'identifier', pi.identifier,
              'identifier_type', pi.identifier_type
            )
          )
          FROM participant_identifiers pi
          WHERE pi.account_id = p.account_id AND pi.participant_id = p.id
        )
      )
    )
    FROM participants p
    WHERE p.room_id = t.threadID AND p.account_id = t.accountID
  ) AS participants_json
FROM threads t
WHERE t.threadID = ?

[debug] [2026-04-17T20:30:20.919Z] [sqlite-worker] 
SELECT m.id
FROM mx_room_messages m
WHERE m.roomID = ? AND m.lastEditionID = ?
LIMIT 1
    
[debug] [2026-04-17T20:30:20.919Z] [sqlite-worker] 
SELECT m.id
FROM mx_room_messages m
WHERE m.roomID = ? AND m.eventID = ?
LIMIT 1
    
[debug] [2026-04-17T20:30:20.919Z] [sqlite-worker] UPDATE mx_room_messages SET sendStatus = ? WHERE roomID = ? AND id = ?
[debug] [2026-04-17T20:30:20.920Z] [sqlite-worker] 
INSERT INTO mx_room_messages (
  id,
  roomID,
  eventID,
  senderContactID,
  timestamp,
  isEdited,
  lastEditionID,
  isDetached,
  lastEditionTimestamp,
  lastEditionOrder,
  isDeleted,
  isEncrypted,
  inReplyToID,
  isReplyThreadFallback,
  type,
  hsOrder,
  isSentByMe,
  replyCount,
  shouldNotify,
  shouldPreview,
  countsAsUnread,
  lastDeletionID,
  editedType,
  message,
  echo_echoID,
  seenByMeAt
) VALUES (?, ?, ?, ?, ?, ?, ?, ?, ?, ?, ?, ?, ?, ?, ?, ?, ?, ?, ?, ?, ?, ?, ?, ?, ?, ?)
ON CONFLICT(roomID, eventID) DO UPDATE SET
  senderContactID = excluded.senderContactID,
  timestamp = excluded.timestamp,
  isEdited = excluded.isEdited,
  lastEditionID = excluded.lastEditionID,
  isDetached = excluded.isDetached,
  lastEditionTimestamp = excluded.lastEditionTimestamp,
  lastEditionOrder = excluded.lastEditionOrder,
  isDeleted = excluded.isDeleted,
  isEncrypted = excluded.isEncrypted,
  inReplyToID = excluded.inReplyToID,
  isReplyThreadFallback = excluded.isReplyThreadFallback,
  type = excluded.type,
  hsOrder = excluded.hsOrder,
  isSentByMe = excluded.isSentByMe,
  replyCount = excluded.replyCount,
  shouldNotify = excluded.shouldNotify,
  shouldPreview = excluded.shouldPreview,
  countsAsUnread = excluded.countsAsUnread,
  lastDeletionID = excluded.lastDeletionID,
  editedType = excluded.editedType,
  message = excluded.message,
  echo_echoID = excluded.echo_echoID,
  seenByMeAt = excluded.seenByMeAt,
  sendStatus = NULL RETURNING id
[debug] [2026-04-17T20:30:23.477Z] [sqlite-worker] 
SELECT
  t.accountID,
  t.thread,
  (
    SELECT json_group_array(
      json_object(
        'account_id', p.account_id,
        'participant_id', p.id,
        'room_id', p.room_id,
        'full_name', p.full_name,
        'nickname', p.nickname,
        'img_url', p.img_url,
        'is_verified', p.is_verified,
        'cannot_message', p.cannot_message,
        'is_self', p.is_self,
        'is_network_bot', p.is_network_bot,
        'added_by', p.added_by,
        'is_admin', p.is_admin,
        'is_pending', p.is_pending,
        'has_exited', p.has_exited,
        'identifiers', (
          SELECT json_group_array(
            json_object(
              'identifier', pi.identifier,
              'identifier_type', pi.identifier_type
            )
          )
          FROM participant_identifiers pi
          WHERE pi.account_id = p.account_id AND pi.participant_id = p.id
        )
      )
    )
    FROM participants p
    WHERE p.room_id = t.threadID AND p.account_id = t.accountID
  ) AS participants_json
FROM threads t
WHERE t.threadID = ?

[debug] [2026-04-17T20:30:24.517Z] [sqlite-worker] 
SELECT
  t.accountID,
  t.thread,
  (
    SELECT json_group_array(
      json_object(
        'account_id', p.account_id,
        'participant_id', p.id,
        'room_id', p.room_id,
        'full_name', p.full_name,
        'nickname', p.nickname,
        'img_url', p.img_url,
        'is_verified', p.is_verified,
        'cannot_message', p.cannot_message,
        'is_self', p.is_self,
        'is_network_bot', p.is_network_bot,
        'added_by', p.added_by,
        'is_admin', p.is_admin,
        'is_pending', p.is_pending,
        'has_exited', p.has_exited,
        'identifiers', (
          SELECT json_group_array(
            json_object(
              'identifier', pi.identifier,
              'identifier_type', pi.identifier_type
            )
          )
          FROM participant_identifiers pi
          WHERE pi.account_id = p.account_id AND pi.participant_id = p.id
        )
      )
    )
    FROM participants p
    WHERE p.room_id = t.threadID AND p.account_id = t.accountID
  ) AS participants_json
FROM threads t
WHERE t.threadID = ?

[debug] [2026-04-17T20:30:24.518Z] [sqlite-worker] 
INSERT INTO mx_room_messages (
  id,
  roomID,
  eventID,
  senderContactID,
  timestamp,
  isEdited,
  lastEditionID,
  isDetached,
  lastEditionTimestamp,
  lastEditionOrder,
  isDeleted,
  isEncrypted,
  inReplyToID,
  isReplyThreadFallback,
  type,
  hsOrder,
  isSentByMe,
  replyCount,
  shouldNotify,
  shouldPreview,
  countsAsUnread,
  lastDeletionID,
  editedType,
  message,
  echo_echoID,
  seenByMeAt
) VALUES (?, ?, ?, ?, ?, ?, ?, ?, ?, ?, ?, ?, ?, ?, ?, ?, ?, ?, ?, ?, ?, ?, ?, ?, ?, ?)
ON CONFLICT(roomID, eventID) DO UPDATE SET
  senderContactID = excluded.senderContactID,
  timestamp = excluded.timestamp,
  isEdited = excluded.isEdited,
  lastEditionID = excluded.lastEditionID,
  isDetached = excluded.isDetached,
  lastEditionTimestamp = excluded.lastEditionTimestamp,
  lastEditionOrder = excluded.lastEditionOrder,
  isDeleted = excluded.isDeleted,
  isEncrypted = excluded.isEncrypted,
  inReplyToID = excluded.inReplyToID,
  isReplyThreadFallback = excluded.isReplyThreadFallback,
  type = excluded.type,
  hsOrder = excluded.hsOrder,
  isSentByMe = excluded.isSentByMe,
  replyCount = excluded.replyCount,
  shouldNotify = excluded.shouldNotify,
  shouldPreview = excluded.shouldPreview,
  countsAsUnread = excluded.countsAsUnread,
  lastDeletionID = excluded.lastDeletionID,
  editedType = excluded.editedType,
  message = excluded.message,
  echo_echoID = excluded.echo_echoID,
  seenByMeAt = excluded.seenByMeAt,
  sendStatus = NULL RETURNING 
    mx_room_messages.id AS mx_msg_id,
    mx_room_messages.roomID AS mx_msg_roomID,
    mx_room_messages.eventID AS mx_msg_eventID,
    mx_room_messages.message AS mx_msg_msg,
    mx_room_messages.hsOrder AS mx_msg_hsOrder,
    mx_room_messages.sendStatus AS mx_msg_sendStatus,
    (
    SELECT json_object('id', linked.id, 'message', linked.message)
    FROM mx_room_messages linked
    WHERE mx_room_messages.inReplyToID IS NOT NULL
      AND (linked.eventID = mx_room_messages.inReplyToID OR linked.lastEditionID = mx_room_messages.inReplyToID)
    LIMIT 1
  ) AS mx_msg_linkedMessage,
    mx_room_messages.echo_echoID AS mx_msg_echo_echoID
  
[debug] [2026-04-17T20:30:24.521Z] [sqlite-worker] SELECT * FROM mx_read_receipts WHERE roomID = ? AND userID IN (?)
[debug] [2026-04-17T20:30:24.522Z] [sqlite-worker] 
    INSERT INTO mx_read_receipts (userID, timestamp, roomID, relatesToID, hsOrder, hsSuborder, hsOrderString, lastVisibleEventID)
    VALUES (?, ?, ?, ?, ?, ?, ?, COALESCE((
  SELECT eventID
  FROM mx_room_messages
  WHERE
    roomID = ? AND
    type != 'HIDDEN' AND
    type != 'REACTION' AND
    hsOrder <= ?
  ORDER BY hsOrder DESC LIMIT 1
), ?))
  ON CONFLICT(roomID, userID) DO UPDATE SET
    timestamp = excluded.timestamp,
    relatesToID = excluded.relatesToID,
    hsOrder = excluded.hsOrder,
    hsSuborder = excluded.hsSuborder,
    hsOrderString = excluded.hsOrderString,
    lastVisibleEventID = excluded.lastVisibleEventID
  WHERE excluded.hsOrder >= mx_read_receipts.hsOrder
  RETURNING *
  
[debug] [2026-04-17T20:30:24.522Z] [sqlite-worker] 
SELECT m.eventID, m.id
FROM mx_room_messages m
WHERE m.roomID = ? AND m.eventID IN (?, ?)
[debug] [2026-04-17T20:30:24.524Z] [sqlite-worker] INSERT OR REPLACE INTO threads (threadID, accountID, thread, timestamp, is_label) VALUES (?, ?, ?, ?, ?)
[debug] [2026-04-17T20:30:24.718Z] [sqlite-worker] 
SELECT
  t.accountID,
  t.thread,
  (
    SELECT json_group_array(
      json_object(
        'account_id', p.account_id,
        'participant_id', p.id,
        'room_id', p.room_id,
        'full_name', p.full_name,
        'nickname', p.nickname,
        'img_url', p.img_url,
        'is_verified', p.is_verified,
        'cannot_message', p.cannot_message,
        'is_self', p.is_self,
        'is_network_bot', p.is_network_bot,
        'added_by', p.added_by,
        'is_admin', p.is_admin,
        'is_pending', p.is_pending,
        'has_exited', p.has_exited,
        'identifiers', (
          SELECT json_group_array(
            json_object(
              'identifier', pi.identifier,
              'identifier_type', pi.identifier_type
            )
          )
          FROM participant_identifiers pi
          WHERE pi.account_id = p.account_id AND pi.participant_id = p.id
        )
      )
    )
    FROM participants p
    WHERE p.room_id = t.threadID AND p.account_id = t.accountID
  ) AS participants_json
FROM threads t
WHERE t.threadID = ?

[log] [2026-04-17T20:30:25.090Z] closing db /home/beeb/.config/BeeperTexts/index.db
