[log] [2026-03-17T19:23:43.134Z] [AppStart] main()
[log] [2026-03-17T19:23:43.139Z] [AppStart] You're running Beeper v4.2.653 (production) on linux 6.19.8-arch1-1 x64 (server env: production)
[log] [2026-03-17T19:23:43.258Z] [AppStart] running with electron
[log] [2026-03-17T19:23:43.258Z] [AppStart] runWorker(platform_worker)
[log] [2026-03-17T19:23:43.258Z] platform_worker starting worker
[log] [2026-03-17T19:23:43.265Z] [AppStart] Waiting for PASInitComplete
[log] [2026-03-17T19:23:43.436Z] platform_worker took 177 ms to be online
[log] [2026-03-17T19:23:45.331Z] [AppStart] Received PASInitComplete, proceeding with app startup
[log] [2026-03-17T19:23:45.333Z] [AppStart] launchApp()
[log] [2026-03-17T19:23:45.334Z] [AppStart] Waiting for app to be ready
[log] [2026-03-17T19:23:45.334Z] [AppStart] onReady() app is ready
[log] [2026-03-17T19:23:45.334Z] [AppStart] Using process.resourcePath = /tmp/.mount_BeeperWPK66X/resources
[log] [2026-03-17T19:23:45.489Z] [AppStart] createMainWindow()
[log] [2026-03-17T19:23:45.490Z] [windowStateKeeper] main initialized with default store. Loaded window state: {"width":330,"height":620}
[log] [2026-03-17T19:23:45.491Z] [windowStateKeeper] main Falling back to default window state. State: {"x":795,"y":230,"width":330,"height":620}
[log] [2026-03-17T19:23:45.691Z] [AppStart] TextsSwift.addPreferredScrollerStyleChangeListener()
[log] [2026-03-17T19:23:45.692Z] [AppStart] [PowerMonitor] Registering power events
[info] [2026-03-17T19:23:45.693Z] [PowerMonitor] Idle monitoring enabled with threshold: 300s
[info] [2026-03-17T19:23:45.696Z] [PowerMonitor] Starting idle monitor with threshold: 300s, initial state: active
[log] [2026-03-17T19:23:47.480Z] shown window in 9232 ms
[log] [2026-03-17T19:23:48.489Z] [windowStateKeeper] main Saving state: {"x":0,"y":0,"width":330,"height":620,"isMinimized":false,"isMaximized":false,"isFullScreen":false,"isVisible":true,"displayBounds":{"x":0,"y":0,"width":1920,"height":1080}}
[debug] [2026-03-17T19:24:45.719Z] Event: memory — {"hwAccel":true,"processType":"browser","uptimeMinutes":1,"privateMb":235,"sharedMb":12}
[debug] [2026-03-17T19:24:45.721Z] Event: system-stats — {"processType":"browser","arch":"x64","memoryUsage":{"rss":506134528,"heapTotal":27242496,"heapUsed":16593632,"external":4140460,"arrayBuffers":0},"cpuUsage":{"user":7067297,"system":1656933}}
[log] [2026-03-17T19:24:47.123Z] [Updates] [checkForUpdates] checking for updates (automatic? true)
[log] [2026-03-17T19:24:47.132Z] [electron-updater] Checking for update
[log] [2026-03-17T19:24:47.133Z] [Updates] [Event] checking-for-update
[log] [2026-03-17T19:24:47.137Z] [electron-updater] Generated new staging user ID: daff1278-3c9d-5965-8a6a-42327fc2da48
[log] [2026-03-17T19:24:47.764Z] [electron-updater] Update for version 4.2.653 is not available (latest version: 4.2.653, downgrade is disallowed).
[log] [2026-03-17T19:24:47.764Z] [Updates] update-not-available
[info] [2026-03-17T19:24:50.721Z] skipped sending events to legacy /metrics endpoint [{"deviceId":"5677ff8472f062013f755511263576fa5a922b9d87ed2e71c8da0b5da48560b5","type":"memory","eventData":{"hwAccel":true,"processType":"browser","uptimeMinutes":1,"privateMb":235,"sharedMb":12},"metadata":{"os":{"name":"linux","version":"6.19.8-arch1-1"},"appVersion":"4.2.653","arch":"x64","isWKWV":false}},{"deviceId":"5677ff8472f062013f755511263576fa5a922b9d87ed2e71c8da0b5da48560b5","type":"system-stats","eventData":{"processType":"browser","arch":"x64","memoryUsage":{"rss":506134528,"heapTotal":27242496,"heapUsed":16593632,"external":4140460,"arrayBuffers":0},"cpuUsage":{"user":7067297,"system":1656933}},"metadata":{"os":{"name":"linux","version":"6.19.8-arch1-1"},"appVersion":"4.2.653","arch":"x64","isWKWV":false}}]
[log] [2026-03-17T19:25:04.402Z] [BrowserAuth] bridge-instagramgo_d3ba33b5-2dcc-4d25-a8e2-43a108dda962 launching browser window bridge-instagramgo_d3ba33b5-2dcc-4d25-a8e2-43a108dda962 https://www.instagram.com/
[error] [2026-03-17T19:25:07.297Z] [BrowserAuth] bridge-instagramgo_d3ba33b5-2dcc-4d25-a8e2-43a108dda962 Error from host page: ErrorUtils caught an error:

The user agent does not support public key credentials.

Subsequent non-fatal errors won't be logged; see https://fburl.com/debugjs. [object Object]
[log] [2026-03-17T19:26:41.162Z] [BrowserAuth] bridge-instagramgo_d3ba33b5-2dcc-4d25-a8e2-43a108dda962 Navigated to webviewSessionId:409247ac-3d23-4288-ba73-42d5ba3db743 bridgeID:instagramgo loginProcessID:d6sql44op80s73evnig0 url:https://www.instagram.com/auth_platform/codeentry/
[error] [2026-03-17T19:26:42.808Z] [BrowserAuth] bridge-instagramgo_d3ba33b5-2dcc-4d25-a8e2-43a108dda962 Error from host page: ErrorUtils caught an error:

successfulLogin is not defined

Subsequent non-fatal errors won't be logged; see https://fburl.com/debugjs. [object Object]
[error] [2026-03-17T19:26:42.809Z] [BrowserAuth] bridge-instagramgo_d3ba33b5-2dcc-4d25-a8e2-43a108dda962 Error from host page: Uncaught ReferenceError: successfulLogin is not defined
[error] [2026-03-17T19:26:42.809Z] [BrowserAuth] bridge-instagramgo_d3ba33b5-2dcc-4d25-a8e2-43a108dda962 Error: Script failed to execute, this normally means an error was thrown. Check the renderer console for the error.
[error] [2026-03-17T19:26:42.813Z] [BrowserAuth] bridge-instagramgo_d3ba33b5-2dcc-4d25-a8e2-43a108dda962 Error from host page: ErrorUtils caught an error:

Identifier 'successfulLogin' has already been declared

Subsequent non-fatal errors won't be logged; see https://fburl.com/debugjs. [object Object]
[error] [2026-03-17T19:26:42.813Z] [BrowserAuth] bridge-instagramgo_d3ba33b5-2dcc-4d25-a8e2-43a108dda962 Error from host page: Uncaught SyntaxError: Identifier 'successfulLogin' has already been declared
[error] [2026-03-17T19:26:42.813Z] [BrowserAuth] bridge-instagramgo_d3ba33b5-2dcc-4d25-a8e2-43a108dda962 Error: Script failed to execute, this normally means an error was thrown. Check the renderer console for the error.
[error] [2026-03-17T19:26:42.814Z] [BrowserAuth] bridge-instagramgo_d3ba33b5-2dcc-4d25-a8e2-43a108dda962 Error from host page: ErrorUtils caught an error:

Identifier 'successfulLogin' has already been declared

Subsequent non-fatal errors won't be logged; see https://fburl.com/debugjs. [object Object]
[error] [2026-03-17T19:26:42.814Z] [BrowserAuth] bridge-instagramgo_d3ba33b5-2dcc-4d25-a8e2-43a108dda962 Error from host page: Uncaught SyntaxError: Identifier 'successfulLogin' has already been declared
[error] [2026-03-17T19:26:42.814Z] [BrowserAuth] bridge-instagramgo_d3ba33b5-2dcc-4d25-a8e2-43a108dda962 Error: Script failed to execute, this normally means an error was thrown. Check the renderer console for the error.
[log] [2026-03-17T19:33:07.484Z] [windowStateKeeper] main Saving state: {"x":0,"y":0,"width":330,"height":620,"isMinimized":false,"isMaximized":false,"isFullScreen":false,"isVisible":true,"displayBounds":{"x":0,"y":0,"width":1920,"height":1080}}
[debug] [2026-03-17T19:33:45.697Z] Event: performance — {"arch":"x64","idleWakeupsPerSecond":72,"isWKWV":false,"percentCPUUsage":0.8224989526846669,"processType":"browser"}
[info] [2026-03-17T19:33:50.698Z] skipped sending events to legacy /metrics endpoint [{"deviceId":"5677ff8472f062013f755511263576fa5a922b9d87ed2e71c8da0b5da48560b5","type":"performance","eventData":{"arch":"x64","idleWakeupsPerSecond":72,"isWKWV":false,"percentCPUUsage":0.8224989526846669,"processType":"browser"},"metadata":{"os":{"name":"linux","version":"6.19.8-arch1-1"},"appVersion":"4.2.653","arch":"x64","isWKWV":false}}]
[log] [2026-03-17T19:33:59.721Z] [windowStateKeeper] main Saving state: {"x":0,"y":0,"width":330,"height":620,"isMinimized":false,"isMaximized":false,"isFullScreen":false,"isVisible":true,"displayBounds":{"x":0,"y":0,"width":1920,"height":1080}}
[debug] [2026-03-17T19:34:45.745Z] Event: memory — {"hwAccel":true,"processType":"browser","uptimeMinutes":11,"privateMb":232,"sharedMb":6}
[debug] [2026-03-17T19:34:45.746Z] Event: system-stats — {"processType":"browser","arch":"x64","memoryUsage":{"rss":506195968,"heapTotal":20164608,"heapUsed":19293248,"external":4149848,"arrayBuffers":0},"cpuUsage":{"user":25338033,"system":6743591}}
[info] [2026-03-17T19:34:50.747Z] skipped sending events to legacy /metrics endpoint [{"deviceId":"5677ff8472f062013f755511263576fa5a922b9d87ed2e71c8da0b5da48560b5","type":"memory","eventData":{"hwAccel":true,"processType":"browser","uptimeMinutes":11,"privateMb":232,"sharedMb":6},"metadata":{"os":{"name":"linux","version":"6.19.8-arch1-1"},"appVersion":"4.2.653","arch":"x64","isWKWV":false}},{"deviceId":"5677ff8472f062013f755511263576fa5a922b9d87ed2e71c8da0b5da48560b5","type":"system-stats","eventData":{"processType":"browser","arch":"x64","memoryUsage":{"rss":506195968,"heapTotal":20164608,"heapUsed":19293248,"external":4149848,"arrayBuffers":0},"cpuUsage":{"user":25338033,"system":6743591}},"metadata":{"os":{"name":"linux","version":"6.19.8-arch1-1"},"appVersion":"4.2.653","arch":"x64","isWKWV":false}}]
[debug] [2026-03-17T19:38:45.697Z] Event: performance — {"arch":"x64","idleWakeupsPerSecond":74,"isWKWV":false,"percentCPUUsage":0.855833301952779,"processType":"browser"}
[info] [2026-03-17T19:38:50.698Z] skipped sending events to legacy /metrics endpoint [{"deviceId":"5677ff8472f062013f755511263576fa5a922b9d87ed2e71c8da0b5da48560b5","type":"performance","eventData":{"arch":"x64","idleWakeupsPerSecond":74,"isWKWV":false,"percentCPUUsage":0.855833301952779,"processType":"browser"},"metadata":{"os":{"name":"linux","version":"6.19.8-arch1-1"},"appVersion":"4.2.653","arch":"x64","isWKWV":false}}]
[log] [2026-03-17T19:41:03.097Z] [BrowserAuth] bridge-local-instagram_20bba2ed-e435-4415-a73f-5eff0decbcb0 launching browser window bridge-local-instagram_20bba2ed-e435-4415-a73f-5eff0decbcb0 https://www.instagram.com/
[error] [2026-03-17T19:41:06.074Z] [BrowserAuth] bridge-local-instagram_20bba2ed-e435-4415-a73f-5eff0decbcb0 Error from host page: ErrorUtils caught an error:

The user agent does not support public key credentials.

Subsequent non-fatal errors won't be logged; see https://fburl.com/debugjs. [object Object]
[log] [2026-03-17T19:41:21.615Z] [BrowserAuth] bridge-local-instagram_20bba2ed-e435-4415-a73f-5eff0decbcb0 Navigated to webviewSessionId:00dd0d4b-acee-421f-8384-2ee1c21d0ef7 bridgeID:local-instagram loginProcessID:1 url:https://www.instagram.com/auth_platform/codeentry/
[error] [2026-03-17T19:41:22.758Z] [BrowserAuth] bridge-local-instagram_20bba2ed-e435-4415-a73f-5eff0decbcb0 Error from host page: ErrorUtils caught an error:

successfulLogin is not defined

Subsequent non-fatal errors won't be logged; see https://fburl.com/debugjs. [object Object]
[error] [2026-03-17T19:41:22.758Z] [BrowserAuth] bridge-local-instagram_20bba2ed-e435-4415-a73f-5eff0decbcb0 Error from host page: Uncaught ReferenceError: successfulLogin is not defined
[error] [2026-03-17T19:41:22.759Z] [BrowserAuth] bridge-local-instagram_20bba2ed-e435-4415-a73f-5eff0decbcb0 Error: Script failed to execute, this normally means an error was thrown. Check the renderer console for the error.
[error] [2026-03-17T19:41:22.763Z] [BrowserAuth] bridge-local-instagram_20bba2ed-e435-4415-a73f-5eff0decbcb0 Error from host page: ErrorUtils caught an error:

Identifier 'successfulLogin' has already been declared

Subsequent non-fatal errors won't be logged; see https://fburl.com/debugjs. [object Object]
[error] [2026-03-17T19:41:22.763Z] [BrowserAuth] bridge-local-instagram_20bba2ed-e435-4415-a73f-5eff0decbcb0 Error from host page: Uncaught SyntaxError: Identifier 'successfulLogin' has already been declared
[error] [2026-03-17T19:41:22.763Z] [BrowserAuth] bridge-local-instagram_20bba2ed-e435-4415-a73f-5eff0decbcb0 Error: Script failed to execute, this normally means an error was thrown. Check the renderer console for the error.
[error] [2026-03-17T19:41:22.763Z] [BrowserAuth] bridge-local-instagram_20bba2ed-e435-4415-a73f-5eff0decbcb0 Error from host page: ErrorUtils caught an error:

Identifier 'successfulLogin' has already been declared

Subsequent non-fatal errors won't be logged; see https://fburl.com/debugjs. [object Object]
[error] [2026-03-17T19:41:22.764Z] [BrowserAuth] bridge-local-instagram_20bba2ed-e435-4415-a73f-5eff0decbcb0 Error from host page: Uncaught SyntaxError: Identifier 'successfulLogin' has already been declared
[error] [2026-03-17T19:41:22.764Z] [BrowserAuth] bridge-local-instagram_20bba2ed-e435-4415-a73f-5eff0decbcb0 Error: Script failed to execute, this normally means an error was thrown. Check the renderer console for the error.
[debug] [2026-03-17T19:43:45.698Z] Event: performance — {"arch":"x64","idleWakeupsPerSecond":85,"isWKWV":false,"percentCPUUsage":0.9174978163551971,"processType":"browser"}
[info] [2026-03-17T19:43:50.700Z] skipped sending events to legacy /metrics endpoint [{"deviceId":"5677ff8472f062013f755511263576fa5a922b9d87ed2e71c8da0b5da48560b5","type":"performance","eventData":{"arch":"x64","idleWakeupsPerSecond":85,"isWKWV":false,"percentCPUUsage":0.9174978163551971,"processType":"browser"},"metadata":{"os":{"name":"linux","version":"6.19.8-arch1-1"},"appVersion":"4.2.653","arch":"x64","isWKWV":false}}]
[log] [2026-03-17T19:47:43.323Z] [windowStateKeeper] main Saving state: {"x":0,"y":0,"width":330,"height":620,"isMinimized":false,"isMaximized":false,"isFullScreen":false,"isVisible":false,"displayBounds":{"x":0,"y":0,"width":1920,"height":1080}}
[log] [2026-03-26T17:45:46.223Z] [AppStart] main()
[log] [2026-03-26T17:45:46.232Z] [AppStart] You're running Beeper v4.2.653 (production) on linux 6.19.9-arch1-1 x64 (server env: production)
[log] [2026-03-26T17:45:46.360Z] [AppStart] running with electron
[log] [2026-03-26T17:45:46.360Z] [AppStart] runWorker(platform_worker)
[log] [2026-03-26T17:45:46.361Z] platform_worker starting worker
[log] [2026-03-26T17:45:46.367Z] [AppStart] Waiting for PASInitComplete
[log] [2026-03-26T17:45:46.634Z] platform_worker took 273 ms to be online
[log] [2026-03-26T17:45:47.980Z] [AppStart] Received PASInitComplete, proceeding with app startup
[log] [2026-03-26T17:45:47.980Z] [AppStart] launchApp()
[log] [2026-03-26T17:45:47.981Z] [AppStart] Waiting for app to be ready
[log] [2026-03-26T17:45:47.981Z] [AppStart] onReady() app is ready
[log] [2026-03-26T17:45:47.981Z] [AppStart] Using process.resourcePath = /tmp/.mount_Beeper62BHtD/resources
[log] [2026-03-26T17:45:47.981Z] [AppStart] createMainWindow()
[log] [2026-03-26T17:45:47.984Z] [windowStateKeeper] main initialized with saved store. Loaded window state: {"x":0,"y":0,"width":330,"height":620,"isMinimized":false,"isMaximized":false,"isFullScreen":false,"isVisible":false,"displayBounds":{"x":0,"y":0,"width":1920,"height":1080}}
[log] [2026-03-26T17:45:48.220Z] [AppStart] TextsSwift.addPreferredScrollerStyleChangeListener()
[log] [2026-03-26T17:45:48.220Z] [AppStart] [PowerMonitor] Registering power events
[info] [2026-03-26T17:45:48.221Z] [PowerMonitor] Idle monitoring enabled with threshold: 300s
[info] [2026-03-26T17:45:48.225Z] [PowerMonitor] Starting idle monitor with threshold: 300s, initial state: active
[log] [2026-03-26T17:45:50.072Z] shown window in 6075 ms
[log] [2026-03-26T17:45:51.082Z] [windowStateKeeper] main Saving state: {"x":0,"y":0,"width":942,"height":1026,"isMinimized":false,"isMaximized":false,"isFullScreen":false,"isVisible":true,"displayBounds":{"x":0,"y":0,"width":1920,"height":1080}}
[log] [2026-03-26T17:46:00.694Z] [windowStateKeeper] main Saving state: {"x":0,"y":0,"width":1898,"height":1026,"isMinimized":false,"isMaximized":false,"isFullScreen":false,"isVisible":true,"displayBounds":{"x":0,"y":0,"width":1920,"height":1080}}
[log] [2026-03-26T17:46:26.982Z] [windowStateKeeper] main Saving state: {"x":0,"y":0,"width":943,"height":1026,"isMinimized":false,"isMaximized":false,"isFullScreen":false,"isVisible":true,"displayBounds":{"x":0,"y":0,"width":1920,"height":1080}}
[log] [2026-03-26T17:46:33.850Z] [BrowserAuth] bridge-instagramgo_14a49b2b-fc6c-45fa-bc40-80c1e8d8b464 launching browser window bridge-instagramgo_14a49b2b-fc6c-45fa-bc40-80c1e8d8b464 https://www.instagram.com/
[log] [2026-03-26T17:46:34.977Z] [windowStateKeeper] main Saving state: {"x":0,"y":0,"width":624,"height":1026,"isMinimized":false,"isMaximized":false,"isFullScreen":false,"isVisible":true,"displayBounds":{"x":0,"y":0,"width":1920,"height":1080}}
[error] [2026-03-26T17:46:36.741Z] [BrowserAuth] bridge-instagramgo_14a49b2b-fc6c-45fa-bc40-80c1e8d8b464 Error from host page: ErrorUtils caught an error:

The user agent does not support public key credentials.

Subsequent non-fatal errors won't be logged; see https://fburl.com/debugjs. [object Object]
[debug] [2026-03-26T17:46:48.254Z] Event: memory — {"hwAccel":true,"processType":"browser","uptimeMinutes":1,"privateMb":244,"sharedMb":36}
[debug] [2026-03-26T17:46:48.255Z] Event: system-stats — {"processType":"browser","arch":"x64","memoryUsage":{"rss":620752896,"heapTotal":18853888,"heapUsed":17004084,"external":4118325,"arrayBuffers":0},"cpuUsage":{"user":8823978,"system":1939689}}
[log] [2026-03-26T17:46:49.733Z] [Updates] [checkForUpdates] checking for updates (automatic? true)
[log] [2026-03-26T17:46:49.737Z] [electron-updater] Checking for update
[log] [2026-03-26T17:46:49.738Z] [Updates] [Event] checking-for-update
[log] [2026-03-26T17:46:50.378Z] [electron-updater] Found version 4.2.670 (url: https://beeper-desktop.download.beeper.com/builds/Beeper-4.2.670-x86_64.AppImage)
[log] [2026-03-26T17:46:50.379Z] [Updates] [Event] update-available
[log] [2026-03-26T17:46:50.379Z] [electron-updater] Downloading update from https://beeper-desktop.download.beeper.com/builds/Beeper-4.2.670-x86_64.AppImage
[log] [2026-03-26T17:46:50.386Z] [electron-updater] [debug] updater cache dir: /home/beeb/.cache/beepertexts-updater
[error] [2026-03-26T17:46:50.389Z] [electron-updater] Cannot download differentially, fallback to full download: RangeError [ERR_OUT_OF_RANGE]: The value of "size" is out of range. It must be >= 0 && <= 34359738367. Received NaN
    at Buffer.allocUnsafe (node:buffer:408:3)
    at $T.readRemoteBytes (file:///tmp/.mount_Beeper62BHtD/resources/app/build/main/main-entry-DBHGYvud.mjs:148:11017)
    at $T.download (file:///tmp/.mount_Beeper62BHtD/resources/app/build/main/main-entry-DBHGYvud.mjs:148:28075)
    at VT.downloadDifferential (file:///tmp/.mount_Beeper62BHtD/resources/app/build/main/main-entry-DBHGYvud.mjs:148:30099)
    at Object.task (file:///tmp/.mount_Beeper62BHtD/resources/app/build/main/main-entry-DBHGYvud.mjs:148:29573)
    at VT.executeDownload (file:///tmp/.mount_Beeper62BHtD/resources/app/build/main/main-entry-DBHGYvud.mjs:148:23254)
[log] [2026-03-26T17:46:52.707Z] [Updates] [Event] download-progress {"total":224552935,"delta":205048,"transferred":205048,"percent":0.0913138810677313,"bytesPerSecond":204435}
[info] [2026-03-26T17:46:53.255Z] skipped sending events to legacy /metrics endpoint [{"deviceId":"5677ff8472f062013f755511263576fa5a922b9d87ed2e71c8da0b5da48560b5","type":"memory","eventData":{"hwAccel":true,"processType":"browser","uptimeMinutes":1,"privateMb":244,"sharedMb":36},"metadata":{"os":{"name":"linux","version":"6.19.9-arch1-1"},"appVersion":"4.2.653","arch":"x64","isWKWV":false}},{"deviceId":"5677ff8472f062013f755511263576fa5a922b9d87ed2e71c8da0b5da48560b5","type":"system-stats","eventData":{"processType":"browser","arch":"x64","memoryUsage":{"rss":620752896,"heapTotal":18853888,"heapUsed":17004084,"external":4118325,"arrayBuffers":0},"cpuUsage":{"user":8823978,"system":1939689}},"metadata":{"os":{"name":"linux","version":"6.19.9-arch1-1"},"appVersion":"4.2.653","arch":"x64","isWKWV":false}}]
[log] [2026-03-26T17:46:53.708Z] [Updates] [Event] download-progress {"total":224552935,"delta":941724,"transferred":1146772,"percent":0.5106911650920973,"bytesPerSecond":571671}
[log] [2026-03-26T17:46:54.713Z] [Updates] [Event] download-progress {"total":224552935,"delta":1523685,"transferred":2670457,"percent":1.1892327303582115,"bytesPerSecond":886900}
[log] [2026-03-26T17:46:55.756Z] [Updates] [Event] download-progress {"total":224552935,"delta":1212389,"transferred":3882846,"percent":1.7291450677320248,"bytesPerSecond":957781}
[log] [2026-03-26T17:46:56.029Z] [BrowserAuth] bridge-instagramgo_14a49b2b-fc6c-45fa-bc40-80c1e8d8b464 Navigated to webviewSessionId:23014cc7-8f91-44cc-ba2b-547ca03dab90 bridgeID:instagramgo loginProcessID:d72n1ucop80s73bcidqg url:https://www.instagram.com/auth_platform/codeentry/
[log] [2026-03-26T17:46:56.892Z] [Updates] [Event] download-progress {"total":224552935,"delta":1310864,"transferred":5193710,"percent":2.3129112073284634,"bytesPerSecond":1000715}
[log] [2026-03-26T17:46:58.022Z] [Updates] [Event] download-progress {"total":224552935,"delta":638850,"transferred":5832560,"percent":2.597409826774253,"bytesPerSecond":922873}
[error] [2026-03-26T17:46:58.729Z] [BrowserAuth] bridge-instagramgo_14a49b2b-fc6c-45fa-bc40-80c1e8d8b464 Error from host page: ErrorUtils caught an error:

successfulLogin is not defined

Subsequent non-fatal errors won't be logged; see https://fburl.com/debugjs. [object Object]
[error] [2026-03-26T17:46:58.729Z] [BrowserAuth] bridge-instagramgo_14a49b2b-fc6c-45fa-bc40-80c1e8d8b464 Error from host page: Uncaught ReferenceError: successfulLogin is not defined
[error] [2026-03-26T17:46:58.730Z] [BrowserAuth] bridge-instagramgo_14a49b2b-fc6c-45fa-bc40-80c1e8d8b464 Error: Script failed to execute, this normally means an error was thrown. Check the renderer console for the error.
[error] [2026-03-26T17:46:58.776Z] [BrowserAuth] bridge-instagramgo_14a49b2b-fc6c-45fa-bc40-80c1e8d8b464 Error from host page: ErrorUtils caught an error:

Identifier 'successfulLogin' has already been declared

Subsequent non-fatal errors won't be logged; see https://fburl.com/debugjs. [object Object]
[error] [2026-03-26T17:46:58.776Z] [BrowserAuth] bridge-instagramgo_14a49b2b-fc6c-45fa-bc40-80c1e8d8b464 Error from host page: Uncaught SyntaxError: Identifier 'successfulLogin' has already been declared
[error] [2026-03-26T17:46:58.776Z] [BrowserAuth] bridge-instagramgo_14a49b2b-fc6c-45fa-bc40-80c1e8d8b464 Error: Script failed to execute, this normally means an error was thrown. Check the renderer console for the error.
[error] [2026-03-26T17:46:58.777Z] [BrowserAuth] bridge-instagramgo_14a49b2b-fc6c-45fa-bc40-80c1e8d8b464 Error from host page: ErrorUtils caught an error:

Identifier 'successfulLogin' has already been declared

Subsequent non-fatal errors won't be logged; see https://fburl.com/debugjs. [object Object]
[error] [2026-03-26T17:46:58.777Z] [BrowserAuth] bridge-instagramgo_14a49b2b-fc6c-45fa-bc40-80c1e8d8b464 Error from host page: Uncaught SyntaxError: Identifier 'successfulLogin' has already been declared
[error] [2026-03-26T17:46:58.777Z] [BrowserAuth] bridge-instagramgo_14a49b2b-fc6c-45fa-bc40-80c1e8d8b464 Error: Script failed to execute, this normally means an error was thrown. Check the renderer console for the error.
[log] [2026-03-26T17:46:59.123Z] [Updates] [Event] download-progress {"total":224552935,"delta":1183414,"transferred":7015974,"percent":3.1244187478556005,"bytesPerSecond":945422}
[log] [2026-03-26T17:47:00.134Z] [Updates] [Event] download-progress {"total":224552935,"delta":475190,"transferred":7491164,"percent":3.3360347750520387,"bytesPerSecond":888421}
[log] [2026-03-26T17:47:01.141Z] [Updates] [Event] download-progress {"total":224552935,"delta":671726,"transferred":8162890,"percent":3.635174040366028,"bytesPerSecond":864805}
[log] [2026-03-26T17:47:02.141Z] [Updates] [Event] download-progress {"total":224552935,"delta":638994,"transferred":8801884,"percent":3.919736787230147,"bytesPerSecond":843173}
[log] [2026-03-26T17:47:03.435Z] [Updates] [Event] download-progress {"total":224552935,"delta":499586,"transferred":9301470,"percent":4.142217067882012,"bytesPerSecond":792761}
[log] [2026-03-26T17:47:04.499Z] [Updates] [Event] download-progress {"total":224552935,"delta":532624,"transferred":9834094,"percent":4.379410137747699,"bytesPerSecond":768469}
[log] [2026-03-26T17:47:05.514Z] [Updates] [Event] download-progress {"total":224552935,"delta":540654,"transferred":10374748,"percent":4.620179201843877,"bytesPerSecond":751140}
[log] [2026-03-26T17:47:06.529Z] [Updates] [Event] download-progress {"total":224552935,"delta":1212380,"transferred":11587128,"percent":5.160087531254045,"bytesPerSecond":781488}
[log] [2026-03-26T17:47:07.536Z] [Updates] [Event] download-progress {"total":224552935,"delta":1540132,"transferred":13127260,"percent":5.845953427417905,"bytesPerSecond":829055}
[log] [2026-03-26T17:47:08.573Z] [Updates] [Event] download-progress {"total":224552935,"delta":1277835,"transferred":14405095,"percent":6.415010785764168,"bytesPerSecond":853838}
[log] [2026-03-26T17:47:09.581Z] [Updates] [Event] download-progress {"total":224552935,"delta":1573017,"transferred":15978112,"percent":7.1155213357598734,"bytesPerSecond":893680}
[log] [2026-03-26T17:47:10.590Z] [Updates] [Event] download-progress {"total":224552935,"delta":1425282,"transferred":17403394,"percent":7.750241162512528,"bytesPerSecond":921400}
[log] [2026-03-26T17:47:11.593Z] [Updates] [Event] download-progress {"total":224552935,"delta":1359962,"transferred":18763356,"percent":8.355872079783772,"bytesPerSecond":943309}
[log] [2026-03-26T17:47:12.860Z] [Updates] [Event] download-progress {"total":224552935,"delta":1032066,"transferred":19795422,"percent":8.815481302882992,"bytesPerSecond":935600}
[log] [2026-03-26T17:47:14.868Z] [Updates] [Event] download-progress {"total":224552935,"delta":475190,"transferred":20270612,"percent":9.027097330079432,"bytesPerSecond":875016}
[log] [2026-03-26T17:47:17.628Z] [Updates] [Event] download-progress {"total":224552935,"delta":16366,"transferred":20286978,"percent":9.034385589304366,"bytesPerSecond":782495}
[log] [2026-03-26T17:47:18.649Z] [Updates] [Event] download-progress {"total":224552935,"delta":852040,"transferred":21139018,"percent":9.413823960929301,"bytesPerSecond":784466}
[log] [2026-03-26T17:47:19.806Z] [Updates] [Event] download-progress {"total":224552935,"delta":979182,"transferred":22118200,"percent":9.849882389646789,"bytesPerSecond":787013}
[log] [2026-03-26T17:47:20.808Z] [Updates] [Event] download-progress {"total":224552935,"delta":802798,"transferred":22920998,"percent":10.207391856178589,"bytesPerSecond":787501}
[log] [2026-03-26T17:47:21.812Z] [Updates] [Event] download-progress {"total":224552935,"delta":1620818,"transferred":24541816,"percent":10.929189591754836,"bytesPerSecond":815072}
[log] [2026-03-26T17:47:22.889Z] [Updates] [Event] download-progress {"total":224552935,"delta":1228737,"transferred":25770553,"percent":11.476382172426293,"bytesPerSecond":826324}
[log] [2026-03-26T17:47:23.951Z] [Updates] [Event] download-progress {"total":224552935,"delta":1081317,"transferred":26851870,"percent":11.957924308582294,"bytesPerSecond":832642}
[log] [2026-03-26T17:47:24.960Z] [Updates] [Event] download-progress {"total":224552935,"delta":1124286,"transferred":27976156,"percent":12.458601799170427,"bytesPerSecond":841186}
[log] [2026-03-26T17:47:26.030Z] [Updates] [Event] download-progress {"total":224552935,"delta":802798,"transferred":28778954,"percent":12.816111265702226,"bytesPerSecond":838352}
[log] [2026-03-26T17:47:27.045Z] [Updates] [Event] download-progress {"total":224552935,"delta":1474524,"transferred":30253478,"percent":13.472759997548017,"bytesPerSecond":855996}
[log] [2026-03-26T17:47:28.054Z] [Updates] [Event] download-progress {"total":224552935,"delta":1384860,"transferred":31638338,"percent":14.089478723580253,"bytesPerSecond":870333}
[log] [2026-03-26T17:47:29.069Z] [Updates] [Event] download-progress {"total":224552935,"delta":1491034,"transferred":33129372,"percent":14.753479842069309,"bytesPerSecond":886594}
[log] [2026-03-26T17:47:30.075Z] [Updates] [Event] download-progress {"total":224552935,"delta":1458158,"transferred":34587530,"percent":15.402840314690163,"bytesPerSecond":901351}
[log] [2026-03-26T17:47:31.090Z] [Updates] [Event] download-progress {"total":224552935,"delta":1474515,"transferred":36062045,"percent":16.05948503857231,"bytesPerSecond":915559}
[log] [2026-03-26T17:47:32.092Z] [Updates] [Event] download-progress {"total":224552935,"delta":1441801,"transferred":37503846,"percent":16.701561259931875,"bytesPerSecond":928543}
[log] [2026-03-26T17:47:33.102Z] [Updates] [Event] download-progress {"total":224552935,"delta":1265690,"transferred":38769536,"percent":17.265210094003002,"bytesPerSecond":936462}
[log] [2026-03-26T17:47:34.109Z] [Updates] [Event] download-progress {"total":224552935,"delta":1163138,"transferred":39932674,"percent":17.783189518320032,"bytesPerSecond":941675}
[log] [2026-03-26T17:47:35.124Z] [Updates] [Event] download-progress {"total":224552935,"delta":688236,"transferred":40620910,"percent":18.089681170277288,"bytesPerSecond":935491}
[log] [2026-03-26T17:47:36.133Z] [Updates] [Event] download-progress {"total":224552935,"delta":753547,"transferred":41374457,"percent":18.42525772375231,"bytesPerSecond":931207}
[log] [2026-03-26T17:47:37.141Z] [Updates] [Event] download-progress {"total":224552935,"delta":680621,"transferred":42055078,"percent":18.728358193136064,"bytesPerSecond":925528}
[log] [2026-03-26T17:47:38.148Z] [Updates] [Event] download-progress {"total":224552935,"delta":1130550,"transferred":43185628,"percent":19.231825226421556,"bytesPerSecond":929803}
[log] [2026-03-26T17:47:39.178Z] [Updates] [Event] download-progress {"total":224552935,"delta":835530,"transferred":44021158,"percent":19.603911211403226,"bytesPerSecond":927230}
[log] [2026-03-26T17:47:40.178Z] [Updates] [Event] download-progress {"total":224552935,"delta":704602,"transferred":44725760,"percent":19.917691122585417,"bytesPerSecond":922637}
[log] [2026-03-26T17:47:41.189Z] [Updates] [Event] download-progress {"total":224552935,"delta":748508,"transferred":45474268,"percent":20.251023661748174,"bytesPerSecond":918913}
[log] [2026-03-26T17:47:42.190Z] [Updates] [Event] download-progress {"total":224552935,"delta":851896,"transferred":46326164,"percent":20.63039790595478,"bytesPerSecond":917568}
[log] [2026-03-26T17:47:43.199Z] [Updates] [Event] download-progress {"total":224552935,"delta":884772,"transferred":47210936,"percent":21.024412796029587,"bytesPerSecond":916788}
[log] [2026-03-26T17:47:44.214Z] [Updates] [Event] download-progress {"total":224552935,"delta":884772,"transferred":48095708,"percent":21.41842768610439,"bytesPerSecond":915899}
[log] [2026-03-26T17:47:45.221Z] [Updates] [Event] download-progress {"total":224552935,"delta":965504,"transferred":49061212,"percent":21.848394900739105,"bytesPerSecond":916706}
[log] [2026-03-26T17:47:46.226Z] [Updates] [Event] download-progress {"total":224552935,"delta":1640878,"transferred":50702090,"percent":22.57912594195217,"bytesPerSecond":929904}
[log] [2026-03-26T17:47:47.231Z] [Updates] [Event] download-progress {"total":224552935,"delta":1507247,"transferred":52209337,"percent":23.250347184284188,"bytesPerSecond":940217}
[log] [2026-03-26T17:47:48.235Z] [Updates] [Event] download-progress {"total":224552935,"delta":1376337,"transferred":53585674,"percent":23.86327036874401,"bytesPerSecond":947865}
[log] [2026-03-26T17:47:49.253Z] [Updates] [Event] download-progress {"total":224552935,"delta":1507256,"transferred":55092930,"percent":24.53449561903967,"bytesPerSecond":957289}
[log] [2026-03-26T17:47:50.260Z] [Updates] [Event] download-progress {"total":224552935,"delta":1453110,"transferred":56546040,"percent":25.18160806938462,"bytesPerSecond":965642}
[log] [2026-03-26T17:47:51.274Z] [Updates] [Event] download-progress {"total":224552935,"delta":1441792,"transferred":57987832,"percent":25.823680282780536,"bytesPerSecond":973408}
[log] [2026-03-26T17:47:52.279Z] [Updates] [Event] download-progress {"total":224552935,"delta":1452598,"transferred":59440430,"percent":26.47056472452698,"bytesPerSecond":981238}
[log] [2026-03-26T17:47:53.279Z] [Updates] [Event] download-progress {"total":224552935,"delta":1458158,"transferred":60898588,"percent":27.119925197147836,"bytesPerSecond":988983}
[log] [2026-03-26T17:47:54.353Z] [Updates] [Event] download-progress {"total":224552935,"delta":1343443,"transferred":62242031,"percent":27.71819971981217,"bytesPerSecond":993472}
[log] [2026-03-26T17:47:55.388Z] [Updates] [Event] download-progress {"total":224552935,"delta":1163147,"transferred":63405178,"percent":28.23618315209285,"bytesPerSecond":995591}
[log] [2026-03-26T17:47:56.396Z] [Updates] [Event] download-progress {"total":224552935,"delta":1064500,"transferred":64469678,"percent":28.71023618551234,"bytesPerSecond":996533}
[log] [2026-03-26T17:47:57.409Z] [Updates] [Event] download-progress {"total":224552935,"delta":1434168,"transferred":65903846,"percent":29.348913208371112,"bytesPerSecond":1002996}
[log] [2026-03-26T17:47:58.409Z] [Updates] [Event] download-progress {"total":224552935,"delta":1146916,"transferred":67050762,"percent":29.859668500881543,"bytesPerSecond":1005153}
[log] [2026-03-26T17:47:59.416Z] [Updates] [Event] download-progress {"total":224552935,"delta":1687570,"transferred":68738332,"percent":30.611192857488145,"bytesPerSecond":1015127}
[log] [2026-03-26T17:48:00.429Z] [Updates] [Event] download-progress {"total":224552935,"delta":1474524,"transferred":70212856,"percent":31.267841589333933,"bytesPerSecond":1021620}
[log] [2026-03-26T17:48:01.558Z] [Updates] [Event] download-progress {"total":224552935,"delta":1294354,"transferred":71507210,"percent":31.84425534228711,"bytesPerSecond":1023637}
[log] [2026-03-26T17:48:02.563Z] [Updates] [Event] download-progress {"total":224552935,"delta":1572711,"transferred":73079921,"percent":32.54462962151886,"bytesPerSecond":1031314}
[log] [2026-03-26T17:48:03.564Z] [Updates] [Event] download-progress {"total":224552935,"delta":1434312,"transferred":74514233,"percent":33.183370771795964,"bytesPerSecond":1036907}
[log] [2026-03-26T17:48:04.567Z] [Updates] [Event] download-progress {"total":224552935,"delta":1487808,"transferred":76002041,"percent":33.84593525798271,"bytesPerSecond":1043067}
[log] [2026-03-26T17:48:05.568Z] [Updates] [Event] download-progress {"total":224552935,"delta":1458311,"transferred":77460352,"percent":34.49536386598554,"bytesPerSecond":1048660}
[log] [2026-03-26T17:48:06.581Z] [Updates] [Event] download-progress {"total":224552935,"delta":1458158,"transferred":78918510,"percent":35.144724338606395,"bytesPerSecond":1053947}
[log] [2026-03-26T17:48:07.584Z] [Updates] [Event] download-progress {"total":224552935,"delta":1441792,"transferred":80360302,"percent":35.786796552002315,"bytesPerSecond":1059017}
[log] [2026-03-26T17:48:08.601Z] [Updates] [Event] download-progress {"total":224552935,"delta":1474524,"transferred":81834826,"percent":36.4434452838481,"bytesPerSecond":1064186}
[log] [2026-03-26T17:48:09.608Z] [Updates] [Event] download-progress {"total":224552935,"delta":1409060,"transferred":83243886,"percent":37.070940978794155,"bytesPerSecond":1068517}
[log] [2026-03-26T17:48:10.618Z] [Updates] [Event] download-progress {"total":224552935,"delta":1474524,"transferred":84718410,"percent":37.72758971063994,"bytesPerSecond":1073526}
[log] [2026-03-26T17:48:11.620Z] [Updates] [Event] download-progress {"total":224552935,"delta":1368000,"transferred":86086410,"percent":38.33680018477603,"bytesPerSecond":1077184}
[log] [2026-03-26T17:48:12.620Z] [Updates] [Event] download-progress {"total":224552935,"delta":1424175,"transferred":87510585,"percent":38.97102703200027,"bytesPerSecond":1081472}
[log] [2026-03-26T17:48:13.621Z] [Updates] [Event] download-progress {"total":224552935,"delta":1458311,"transferred":88968896,"percent":39.62045564000311,"bytesPerSecond":1086059}
[log] [2026-03-26T17:48:14.653Z] [Updates] [Event] download-progress {"total":224552935,"delta":1507256,"transferred":90476152,"percent":40.291680890298764,"bytesPerSecond":1090718}
[log] [2026-03-26T17:48:15.654Z] [Updates] [Event] download-progress {"total":224552935,"delta":1441792,"transferred":91917944,"percent":40.933753103694684,"bytesPerSecond":1094887}
[log] [2026-03-26T17:48:16.673Z] [Updates] [Event] download-progress {"total":224552935,"delta":1387502,"transferred":93305446,"percent":41.55164838972156,"bytesPerSecond":1098086}
[log] [2026-03-26T17:48:17.688Z] [Updates] [Event] download-progress {"total":224552935,"delta":1571720,"transferred":94877166,"percent":42.251581347623,"bytesPerSecond":1103402}
[log] [2026-03-26T17:48:18.689Z] [Updates] [Event] download-progress {"total":224552935,"delta":1277835,"transferred":96155001,"percent":42.82063870596926,"bytesPerSecond":1105395}
[log] [2026-03-26T17:48:19.699Z] [Updates] [Event] download-progress {"total":224552935,"delta":1589383,"transferred":97744384,"percent":43.52843751518991,"bytesPerSecond":1110770}
[log] [2026-03-26T17:48:20.780Z] [Updates] [Event] download-progress {"total":224552935,"delta":1359665,"transferred":99104049,"percent":44.13393616966084,"bytesPerSecond":1112566}
[log] [2026-03-26T17:48:21.798Z] [Updates] [Event] download-progress {"total":224552935,"delta":1556651,"transferred":100660700,"percent":44.82715846043162,"bytesPerSecond":1117260}
[log] [2026-03-26T17:48:22.811Z] [Updates] [Event] download-progress {"total":224552935,"delta":1589230,"transferred":102249930,"percent":45.53488913427028,"bytesPerSecond":1122281}
[log] [2026-03-26T17:48:23.824Z] [Updates] [Event] download-progress {"total":224552935,"delta":1474524,"transferred":103724454,"percent":46.191537866116064,"bytesPerSecond":1125947}
[log] [2026-03-26T17:48:24.832Z] [Updates] [Event] download-progress {"total":224552935,"delta":1474515,"transferred":105198969,"percent":46.84818258999821,"bytesPerSecond":1129593}
[log] [2026-03-26T17:48:25.837Z] [Updates] [Event] download-progress {"total":224552935,"delta":1458158,"transferred":106657127,"percent":47.497543062619066,"bytesPerSecond":1133023}
[log] [2026-03-26T17:48:26.840Z] [Updates] [Event] download-progress {"total":224552935,"delta":947629,"transferred":107604756,"percent":47.91955001612426,"bytesPerSecond":1131039}
[log] [2026-03-26T17:48:28.026Z] [Updates] [Event] download-progress {"total":224552935,"delta":655351,"transferred":108260107,"percent":48.21139701424967,"bytesPerSecond":1123916}
[log] [2026-03-26T17:48:29.037Z] [Updates] [Event] download-progress {"total":224552935,"delta":999487,"transferred":109259594,"percent":48.65649785428099,"bytesPerSecond":1122511}
[log] [2026-03-26T17:48:30.040Z] [Updates] [Event] download-progress {"total":224552935,"delta":802798,"transferred":110062392,"percent":49.014007320812794,"bytesPerSecond":1119225}
[log] [2026-03-26T17:48:31.058Z] [Updates] [Event] download-progress {"total":224552935,"delta":786432,"transferred":110848824,"percent":49.36422852811966,"bytesPerSecond":1115673}
[log] [2026-03-26T17:48:32.070Z] [Updates] [Event] download-progress {"total":224552935,"delta":720968,"transferred":111569792,"percent":49.685296698526784,"bytesPerSecond":1111607}
[log] [2026-03-26T17:48:33.085Z] [Updates] [Event] download-progress {"total":224552935,"delta":636536,"transferred":112206328,"percent":49.968764825986355,"bytesPerSecond":1106757}
[log] [2026-03-26T17:48:34.093Z] [Updates] [Event] download-progress {"total":224552935,"delta":901138,"transferred":113107466,"percent":50.37006797528609,"bytesPerSecond":1104662}
[log] [2026-03-26T17:48:35.094Z] [Updates] [Event] download-progress {"total":224552935,"delta":1667228,"transferred":114774694,"percent":51.11253344339498,"bytesPerSecond":1110093}
[log] [2026-03-26T17:48:36.139Z] [Updates] [Event] download-progress {"total":224552935,"delta":1376184,"transferred":116150878,"percent":51.72538849247283,"bytesPerSecond":1112162}
[log] [2026-03-26T17:48:37.144Z] [Updates] [Event] download-progress {"total":224552935,"delta":1585398,"transferred":117736276,"percent":52.43141266445704,"bytesPerSecond":1116598}
[log] [2026-03-26T17:48:38.145Z] [Updates] [Event] download-progress {"total":224552935,"delta":1450934,"transferred":119187210,"percent":53.07755607825834,"bytesPerSecond":1119728}
[log] [2026-03-26T17:48:39.151Z] [Updates] [Event] download-progress {"total":224552935,"delta":1458158,"transferred":120645368,"percent":53.7269165508792,"bytesPerSecond":1122815}
[log] [2026-03-26T17:48:40.158Z] [Updates] [Event] download-progress {"total":224552935,"delta":1458158,"transferred":122103526,"percent":54.37627702350005,"bytesPerSecond":1125835}
[log] [2026-03-26T17:48:41.160Z] [Updates] [Event] download-progress {"total":224552935,"delta":906120,"transferred":123009646,"percent":54.779798803342295,"bytesPerSecond":1123807}
[log] [2026-03-26T17:48:42.167Z] [Updates] [Event] download-progress {"total":224552935,"delta":1277844,"transferred":124287490,"percent":55.348860169652205,"bytesPerSecond":1125130}
[log] [2026-03-26T17:48:43.178Z] [Updates] [Event] download-progress {"total":224552935,"delta":1638472,"transferred":125925962,"percent":56.078519748584,"bytesPerSecond":1129624}
[log] [2026-03-26T17:48:44.348Z] [Updates] [Event] download-progress {"total":224552935,"delta":1577327,"transferred":127503289,"percent":56.78094966783668,"bytesPerSecond":1131894}
[log] [2026-03-26T17:48:45.414Z] [Updates] [Event] download-progress {"total":224552935,"delta":1645230,"transferred":129148519,"percent":57.51361878213706,"bytesPerSecond":1135751}
[log] [2026-03-26T17:48:46.415Z] [Updates] [Event] download-progress {"total":224552935,"delta":1400868,"transferred":130549387,"percent":58.137466339506986,"bytesPerSecond":1138052}
[log] [2026-03-26T17:48:47.420Z] [Updates] [Event] download-progress {"total":224552935,"delta":851896,"transferred":131401283,"percent":58.516840583713595,"bytesPerSecond":1135530}
[log] [2026-03-26T17:48:48.424Z] [Updates] [Event] download-progress {"total":224552935,"delta":1041608,"transferred":132442891,"percent":58.98069913893577,"bytesPerSecond":1134687}
[log] [2026-03-26T17:48:49.491Z] [Updates] [Event] download-progress {"total":224552935,"delta":868415,"transferred":133311306,"percent":59.367429777749294,"bytesPerSecond":1131781}
[log] [2026-03-26T17:48:50.496Z] [Updates] [Event] download-progress {"total":224552935,"delta":1589230,"transferred":134900536,"percent":60.07516045158795,"bytesPerSecond":1135584}
[log] [2026-03-26T17:48:51.510Z] [Updates] [Event] download-progress {"total":224552935,"delta":1474524,"transferred":136375060,"percent":60.73180918343374,"bytesPerSecond":1138290}
[log] [2026-03-26T17:48:52.521Z] [Updates] [Event] download-progress {"total":224552935,"delta":1474668,"transferred":137849728,"percent":61.38852204269786,"bytesPerSecond":1140961}
[log] [2026-03-26T17:48:53.526Z] [Updates] [Event] download-progress {"total":224552935,"delta":1458158,"transferred":139307886,"percent":62.03788251531872,"bytesPerSecond":1143518}
[log] [2026-03-26T17:48:54.535Z] [Updates] [Event] download-progress {"total":224552935,"delta":1472210,"transferred":140780096,"percent":62.69350075517829,"bytesPerSecond":1146110}
[log] [2026-03-26T17:48:55.624Z] [Updates] [Event] download-progress {"total":224552935,"delta":1032066,"transferred":141812162,"percent":63.1531099782775,"bytesPerSecond":1144366}
[log] [2026-03-26T17:48:56.632Z] [Updates] [Event] download-progress {"total":224552935,"delta":1303240,"transferred":143115402,"percent":63.73348092733679,"bytesPerSecond":1145565}
[log] [2026-03-26T17:48:57.641Z] [Updates] [Event] download-progress {"total":224552935,"delta":1458158,"transferred":144573560,"percent":64.38284139995766,"bytesPerSecond":1147965}
[log] [2026-03-26T17:48:58.641Z] [Updates] [Event] download-progress {"total":224552935,"delta":1409060,"transferred":145982620,"percent":65.0103370949037,"bytesPerSecond":1150022}
[log] [2026-03-26T17:48:59.652Z] [Updates] [Event] download-progress {"total":224552935,"delta":1453156,"transferred":147435776,"percent":65.65747003039617,"bytesPerSecond":1152292}
[log] [2026-03-26T17:49:00.654Z] [Updates] [Event] download-progress {"total":224552935,"delta":1392550,"transferred":148828326,"percent":66.27761333869896,"bytesPerSecond":1154137}
[log] [2026-03-26T17:49:01.657Z] [Updates] [Event] download-progress {"total":224552935,"delta":1146916,"transferred":149975242,"percent":66.78836863120938,"bytesPerSecond":1154055}
[log] [2026-03-26T17:49:02.664Z] [Updates] [Event] download-progress {"total":224552935,"delta":720824,"transferred":150696066,"percent":67.10937267419817,"bytesPerSecond":1150685}
[log] [2026-03-26T17:49:03.670Z] [Updates] [Event] download-progress {"total":224552935,"delta":1261622,"transferred":151957688,"percent":67.67120990870148,"bytesPerSecond":1151474}
[log] [2026-03-26T17:49:04.683Z] [Updates] [Event] download-progress {"total":224552935,"delta":1409060,"transferred":153366748,"percent":68.29870560364753,"bytesPerSecond":1153298}
[log] [2026-03-26T17:49:05.738Z] [Updates] [Event] download-progress {"total":224552935,"delta":1261469,"transferred":154628217,"percent":68.86047470276885,"bytesPerSecond":1153632}
[log] [2026-03-26T17:49:06.752Z] [Updates] [Event] download-progress {"total":224552935,"delta":1184639,"transferred":155812856,"percent":69.3880291522353,"bytesPerSecond":1153742}
[log] [2026-03-26T17:49:07.754Z] [Updates] [Event] download-progress {"total":224552935,"delta":1425426,"transferred":157238282,"percent":70.02281310640629,"bytesPerSecond":1155722}
[log] [2026-03-26T17:49:08.791Z] [Updates] [Event] download-progress {"total":224552935,"delta":1245112,"transferred":158483394,"percent":70.57729795426633,"bytesPerSecond":1156062}
[log] [2026-03-26T17:49:09.803Z] [Updates] [Event] download-progress {"total":224552935,"delta":1622106,"transferred":160105500,"percent":71.2996692739732,"bytesPerSecond":1159336}
[log] [2026-03-26T17:49:10.812Z] [Updates] [Event] download-progress {"total":224552935,"delta":1458158,"transferred":161563658,"percent":71.94902974659405,"bytesPerSecond":1161409}
[log] [2026-03-26T17:49:11.821Z] [Updates] [Event] download-progress {"total":224552935,"delta":1438072,"transferred":163001730,"percent":72.58944533501645,"bytesPerSecond":1163309}
[log] [2026-03-26T17:49:12.823Z] [Updates] [Event] download-progress {"total":224552935,"delta":1272940,"transferred":164274670,"percent":73.15632280646878,"bytesPerSecond":1164070}
[log] [2026-03-26T17:49:13.844Z] [Updates] [Event] download-progress {"total":224552935,"delta":835530,"transferred":165110200,"percent":73.52840879145045,"bytesPerSecond":1161586}
[log] [2026-03-26T17:49:14.848Z] [Updates] [Event] download-progress {"total":224552935,"delta":1359809,"transferred":166470009,"percent":74.13397157333971,"bytesPerSecond":1162939}
[log] [2026-03-26T17:49:15.858Z] [Updates] [Event] download-progress {"total":224552935,"delta":1343605,"transferred":167813614,"percent":74.73231823934967,"bytesPerSecond":1164111}
[log] [2026-03-26T17:49:16.867Z] [Updates] [Event] download-progress {"total":224552935,"delta":1392550,"transferred":169206164,"percent":75.35246154765245,"bytesPerSecond":1165613}
[log] [2026-03-26T17:49:17.889Z] [Updates] [Event] download-progress {"total":224552935,"delta":1277844,"transferred":170484008,"percent":75.92152291396236,"bytesPerSecond":1166205}
[log] [2026-03-26T17:49:18.903Z] [Updates] [Event] download-progress {"total":224552935,"delta":1507544,"transferred":171991552,"percent":76.59287641909468,"bytesPerSecond":1168413}
[log] [2026-03-26T17:49:19.908Z] [Updates] [Event] download-progress {"total":224552935,"delta":1359818,"transferred":173351370,"percent":77.19844320894758,"bytesPerSecond":1169665}
[log] [2026-03-26T17:49:21.001Z] [Updates] [Event] download-progress {"total":224552935,"delta":1425282,"transferred":174776652,"percent":77.83316303570025,"bytesPerSecond":1170649}
[log] [2026-03-26T17:49:22.010Z] [Updates] [Event] download-progress {"total":224552935,"delta":1573008,"transferred":176349660,"percent":78.5336695777323,"bytesPerSecond":1173255}
[log] [2026-03-26T17:49:23.010Z] [Updates] [Event] download-progress {"total":224552935,"delta":1425426,"transferred":177775086,"percent":79.1684535319033,"bytesPerSecond":1174922}
[log] [2026-03-26T17:49:24.011Z] [Updates] [Event] download-progress {"total":224552935,"delta":1456861,"transferred":179231947,"percent":79.81723641242988,"bytesPerSecond":1176765}
[log] [2026-03-26T17:49:26.574Z] [Updates] [Event] download-progress {"total":224552935,"delta":1123125,"transferred":180355072,"percent":80.31739687570773,"bytesPerSecond":1164543}
[log] [2026-03-26T17:49:27.579Z] [Updates] [Event] download-progress {"total":224552935,"delta":1154350,"transferred":181509422,"percent":80.83146274618944,"bytesPerSecond":1164440}
[log] [2026-03-26T17:49:28.581Z] [Updates] [Event] download-progress {"total":224552935,"delta":999334,"transferred":182508756,"percent":81.2764954508388,"bytesPerSecond":1163373}
[log] [2026-03-26T17:49:29.582Z] [Updates] [Event] download-progress {"total":224552935,"delta":1598107,"transferred":184106863,"percent":81.98817931281994,"bytesPerSecond":1166119}
[log] [2026-03-26T17:49:30.632Z] [Updates] [Event] download-progress {"total":224552935,"delta":1310585,"transferred":185417448,"percent":82.57182120554336,"bytesPerSecond":1166661}
[log] [2026-03-26T17:49:31.661Z] [Updates] [Event] download-progress {"total":224552935,"delta":1676177,"transferred":187093625,"percent":83.3182719255039,"bytesPerSecond":1169635}
[log] [2026-03-26T17:49:32.663Z] [Updates] [Event] download-progress {"total":224552935,"delta":1474677,"transferred":188568302,"percent":83.97498879273165,"bytesPerSecond":1171515}
[log] [2026-03-26T17:49:33.713Z] [Updates] [Event] download-progress {"total":224552935,"delta":1358530,"transferred":189926832,"percent":84.57998199845395,"bytesPerSecond":1172308}
[log] [2026-03-26T17:49:34.714Z] [Updates] [Event] download-progress {"total":224552935,"delta":1392685,"transferred":191319517,"percent":85.20018542621142,"bytesPerSecond":1173653}
[log] [2026-03-26T17:49:35.714Z] [Updates] [Event] download-progress {"total":224552935,"delta":1417839,"transferred":192737356,"percent":85.83159066702913,"bytesPerSecond":1175142}
[log] [2026-03-26T17:49:36.714Z] [Updates] [Event] download-progress {"total":224552935,"delta":1353716,"transferred":194091072,"percent":86.43444005753031,"bytesPerSecond":1176224}
[log] [2026-03-26T17:49:37.749Z] [Updates] [Event] download-progress {"total":224552935,"delta":1303096,"transferred":195394168,"percent":87.01474687917128,"bytesPerSecond":1176740}
[log] [2026-03-26T17:49:38.754Z] [Updates] [Event] download-progress {"total":224552935,"delta":1145628,"transferred":196539796,"percent":87.52492858755109,"bytesPerSecond":1176519}
[log] [2026-03-26T17:49:39.837Z] [Updates] [Event] download-progress {"total":224552935,"delta":1491034,"transferred":198030830,"percent":88.18892970604014,"bytesPerSecond":1177808}
[log] [2026-03-26T17:49:40.858Z] [Updates] [Event] download-progress {"total":224552935,"delta":1277844,"transferred":199308674,"percent":88.75799107235004,"bytesPerSecond":1178254}
[log] [2026-03-26T17:49:41.926Z] [Updates] [Event] download-progress {"total":224552935,"delta":1196158,"transferred":200504832,"percent":89.29067526995361,"bytesPerSecond":1177888}
[log] [2026-03-26T17:49:42.941Z] [Updates] [Event] download-progress {"total":224552935,"delta":1441792,"transferred":201946624,"percent":89.93274748334953,"bytesPerSecond":1179326}
[log] [2026-03-26T17:49:44.029Z] [Updates] [Event] download-progress {"total":224552935,"delta":1408916,"transferred":203355540,"percent":90.56017905087724,"bytesPerSecond":1180056}
[log] [2026-03-26T17:49:45.029Z] [Updates] [Event] download-progress {"total":224552935,"delta":1474668,"transferred":204830208,"percent":91.21689191014136,"bytesPerSecond":1181756}
[log] [2026-03-26T17:49:46.036Z] [Updates] [Event] download-progress {"total":224552935,"delta":1474524,"transferred":206304732,"percent":91.87354064198715,"bytesPerSecond":1183388}
[log] [2026-03-26T17:49:47.054Z] [Updates] [Event] download-progress {"total":224552935,"delta":1376175,"transferred":207680907,"percent":92.48639168310136,"bytesPerSecond":1184366}
[log] [2026-03-26T17:49:48.062Z] [Updates] [Event] download-progress {"total":224552935,"delta":1130559,"transferred":208811466,"percent":92.98986272435049,"bytesPerSecond":1184007}
[log] [2026-03-26T17:49:49.127Z] [Updates] [Event] download-progress {"total":224552935,"delta":1015844,"transferred":209827310,"percent":93.44224781564311,"bytesPerSecond":1182625}
[log] [2026-03-26T17:49:50.136Z] [Updates] [Event] download-progress {"total":224552935,"delta":1474524,"transferred":211301834,"percent":94.0988965474889,"bytesPerSecond":1184202}
[log] [2026-03-26T17:49:51.247Z] [Updates] [Event] download-progress {"total":224552935,"delta":835530,"transferred":212137364,"percent":94.47098253247057,"bytesPerSecond":1181528}
[log] [2026-03-26T17:49:52.248Z] [Updates] [Event] download-progress {"total":224552935,"delta":1715254,"transferred":213852618,"percent":95.23483538525115,"bytesPerSecond":1184477}
[log] [2026-03-26T17:49:53.251Z] [Updates] [Event] download-progress {"total":224552935,"delta":1359809,"transferred":215212427,"percent":95.84039816714042,"bytesPerSecond":1185423}
[log] [2026-03-26T17:49:54.254Z] [Updates] [Event] download-progress {"total":224552935,"delta":1458167,"transferred":216670594,"percent":96.4897626477249,"bytesPerSecond":1186898}
[log] [2026-03-26T17:49:55.269Z] [Updates] [Event] download-progress {"total":224552935,"delta":1423066,"transferred":218093660,"percent":97.12349562476216,"bytesPerSecond":1188088}
[log] [2026-03-26T17:49:56.328Z] [Updates] [Event] download-progress {"total":224552935,"delta":1253142,"transferred":219346802,"percent":97.68155646685268,"bytesPerSecond":1188060}
[log] [2026-03-26T17:49:57.406Z] [Updates] [Event] download-progress {"total":224552935,"delta":991295,"transferred":220338097,"percent":98.12300916930789,"bytesPerSecond":1186502}
[log] [2026-03-26T17:49:58.407Z] [Updates] [Event] download-progress {"total":224552935,"delta":923901,"transferred":221261998,"percent":98.53444934932602,"bytesPerSecond":1185089}
[log] [2026-03-26T17:49:59.518Z] [Updates] [Event] download-progress {"total":224552935,"delta":540501,"transferred":221802499,"percent":98.77515027804023,"bytesPerSecond":1180956}
[log] [2026-03-26T17:50:00.534Z] [Updates] [Event] download-progress {"total":224552935,"delta":688245,"transferred":222490744,"percent":99.08164593796113,"bytesPerSecond":1178247}
[log] [2026-03-26T17:50:01.565Z] [Updates] [Event] download-progress {"total":224552935,"delta":1260334,"transferred":223751078,"percent":99.64290958833382,"bytesPerSecond":1178487}
[log] [2026-03-26T17:50:02.037Z] [Updates] [Event] download-progress {"total":224552935,"delta":801857,"transferred":224552935,"percent":100,"bytesPerSecond":1179777}
[log] [2026-03-26T17:50:02.043Z] [electron-updater] New version 4.2.670 has been downloaded to /home/beeb/.cache/beepertexts-updater/pending/Beeper-4.2.670-x86_64.AppImage
[debug] [2026-03-26T17:50:02.046Z] Time: Update — Download time — 191
[log] [2026-03-26T17:50:02.046Z] [Updates] [Event] update-downloaded: {"version":"4.2.670","files":[{"url":"https://beeper-desktop.download.beeper.com/builds/Beeper-4.2.670-x86_64.AppImage","size":224552935,"sha512":"1kHCBsbpiSaqGfLr27U8KtOBYh+vdYyivQXRAsTEp47jVJYqafIf8ipaqMgmi323N17+oTkgyQH+krkjYuHjKQ=="}],"path":"https://beeper-desktop.download.beeper.com/builds/Beeper-4.2.670-x86_64.AppImage","sha512":"1kHCBsbpiSaqGfLr27U8KtOBYh+vdYyivQXRAsTEp47jVJYqafIf8ipaqMgmi323N17+oTkgyQH+krkjYuHjKQ==","releaseDate":"2026-03-26T09:48:48+00:00","downloadedFile":"/home/beeb/.cache/beepertexts-updater/pending/Beeper-4.2.670-x86_64.AppImage"} in 191 seconds
[log] [2026-03-26T17:50:03.553Z] [AutoUpdater] fetchUpdateFeedJSON URL=https://api.beeper.com/desktop/update-feed.json?bundleID=com.automattic.beeper.desktop&version=4.2.653&platform=linux&arch=x64&channel=stable response={"version":"4.2.670","url":"https://beeper-desktop.download.beeper.com/builds/Beeper-4.2.670-x86_64.AppImage","name":"4.2.670","notes":[],"sha512":"1kHCBsbpiSaqGfLr27U8KtOBYh+vdYyivQXRAsTEp47jVJYqafIf8ipaqMgmi323N17+oTkgyQH+krkjYuHjKQ==","download_size":"224552935","pub_date":"2026-03-26T09:48:48+00:00"}
[log] [2026-03-26T17:50:03.554Z] [Updates] [onUpdateDownloaded] update to 4.2.670 is now prompting for user relaunch
[info] [2026-03-26T17:50:07.046Z] skipped sending events to legacy /metrics endpoint [{"deviceId":"5677ff8472f062013f755511263576fa5a922b9d87ed2e71c8da0b5da48560b5","type":"timing","eventData":{"category":"Update","value":"Download time","time":"191"},"metadata":{"os":{"name":"linux","version":"6.19.9-arch1-1"},"appVersion":"4.2.653","arch":"x64","isWKWV":false}}]
[log] [2026-03-26T17:51:00.877Z] [BrowserAuth] bridge-instagramgo_14a49b2b-fc6c-45fa-bc40-80c1e8d8b464 Navigated to webviewSessionId:23014cc7-8f91-44cc-ba2b-547ca03dab90 bridgeID:instagramgo loginProcessID:d72n1ucop80s73bcidqg url:https://www.instagram.com/accounts/onetap/
[error] [2026-03-26T17:51:02.504Z] [BrowserAuth] bridge-instagramgo_14a49b2b-fc6c-45fa-bc40-80c1e8d8b464 Error from host page: ErrorUtils caught an error:

successfulLogin is not defined

Subsequent non-fatal errors won't be logged; see https://fburl.com/debugjs. [object Object]
[error] [2026-03-26T17:51:02.504Z] [BrowserAuth] bridge-instagramgo_14a49b2b-fc6c-45fa-bc40-80c1e8d8b464 Error from host page: Uncaught ReferenceError: successfulLogin is not defined
[error] [2026-03-26T17:51:02.504Z] [BrowserAuth] bridge-instagramgo_14a49b2b-fc6c-45fa-bc40-80c1e8d8b464 Error: Script failed to execute, this normally means an error was thrown. Check the renderer console for the error.
[error] [2026-03-26T17:51:02.519Z] [BrowserAuth] bridge-instagramgo_14a49b2b-fc6c-45fa-bc40-80c1e8d8b464 Error from host page: ErrorUtils caught an error:

Identifier 'successfulLogin' has already been declared

Subsequent non-fatal errors won't be logged; see https://fburl.com/debugjs. [object Object]
[error] [2026-03-26T17:51:02.519Z] [BrowserAuth] bridge-instagramgo_14a49b2b-fc6c-45fa-bc40-80c1e8d8b464 Error from host page: Uncaught SyntaxError: Identifier 'successfulLogin' has already been declared
[error] [2026-03-26T17:51:02.520Z] [BrowserAuth] bridge-instagramgo_14a49b2b-fc6c-45fa-bc40-80c1e8d8b464 Error: Script failed to execute, this normally means an error was thrown. Check the renderer console for the error.
[error] [2026-03-26T17:51:02.520Z] [BrowserAuth] bridge-instagramgo_14a49b2b-fc6c-45fa-bc40-80c1e8d8b464 Error from host page: ErrorUtils caught an error:

Identifier 'successfulLogin' has already been declared

Subsequent non-fatal errors won't be logged; see https://fburl.com/debugjs. [object Object]
[error] [2026-03-26T17:51:02.521Z] [BrowserAuth] bridge-instagramgo_14a49b2b-fc6c-45fa-bc40-80c1e8d8b464 Error from host page: Uncaught SyntaxError: Identifier 'successfulLogin' has already been declared
[error] [2026-03-26T17:51:02.521Z] [BrowserAuth] bridge-instagramgo_14a49b2b-fc6c-45fa-bc40-80c1e8d8b464 Error: Script failed to execute, this normally means an error was thrown. Check the renderer console for the error.
[error] [2026-03-26T17:51:03.205Z] [BrowserAuth] bridge-instagramgo_14a49b2b-fc6c-45fa-bc40-80c1e8d8b464 Error from host page: Chrome currently does not support the Push API in incognito mode (https://crbug.com/401439). There is deliberately no way to feature-detect this, since incognito mode needs to be undetectable by websites.
[log] [2026-03-26T17:51:04.373Z] [windowStateKeeper] main Saving state: {"x":0,"y":0,"width":943,"height":1026,"isMinimized":false,"isMaximized":false,"isFullScreen":false,"isVisible":true,"displayBounds":{"x":0,"y":0,"width":1920,"height":1080}}
[log] [2026-03-26T17:51:07.615Z] [windowStateKeeper] main Saving state: {"x":0,"y":0,"width":1898,"height":1026,"isMinimized":false,"isMaximized":false,"isFullScreen":false,"isVisible":true,"displayBounds":{"x":0,"y":0,"width":1920,"height":1080}}
[info] [2026-03-26T17:51:27.754Z] [NotificationStore] newNotification: Created with id=1 accountID=instagramgo threadID=!2WLowAb3ZM3FILyTNkkA:beeper.local
[log] [2026-03-26T17:51:35.160Z] [Updates] [quitAndUpdate] called
[log] [2026-03-26T17:51:35.160Z] [electron-updater] Install on explicit quitAndInstall
[log] [2026-03-26T17:51:35.160Z] [electron-updater] Install: isSilent: false, isForceRunAfter: true
[log] [2026-03-26T17:51:35.175Z] [electron-updater] Executing: /home/beeb/Downloads/Beeper-4.2.670-x86_64.AppImage with args: 
[log] [2026-03-26T17:51:35.187Z] [App] before-quit fired
[log] [2026-03-26T17:51:35.409Z] [App] before-quit cleanup complete, calling app.exit()
[log] [2026-03-26T17:51:35.415Z] [exit handler] disposing worker platform_worker
[warn] [2026-03-26T17:51:35.415Z] Worker already disposed
[log] [2026-03-26T17:51:35.415Z] [electron-updater] Update installer has already been triggered. Quitting application.
[log] [2026-03-26T17:51:38.050Z] [AppStart] main()
[log] [2026-03-26T17:51:38.055Z] [AppStart] You're running Beeper v4.2.670 (production) on linux 6.19.9-arch1-1 x64 (server env: production)
[log] [2026-03-26T17:51:38.176Z] [AppStart] running with electron
[log] [2026-03-26T17:51:38.177Z] [AppStart] runWorker(platform_worker)
[log] [2026-03-26T17:51:38.179Z] platform_worker starting worker
[log] [2026-03-26T17:51:38.188Z] [AppStart] Waiting for PASInitComplete
[log] [2026-03-26T17:51:38.465Z] platform_worker took 285 ms to be online
[log] [2026-03-26T17:51:40.379Z] [AppStart] Received PASInitComplete, proceeding with app startup
[log] [2026-03-26T17:51:40.380Z] [AppStart] launchApp()
[log] [2026-03-26T17:51:40.380Z] [AppStart] Waiting for app to be ready
[log] [2026-03-26T17:51:40.380Z] [AppStart] onReady() app is ready
[log] [2026-03-26T17:51:40.380Z] [AppStart] Using process.resourcePath = /home/beeb/.config/BeeperTexts/sdk-tmp/.mount_BeeperSZZnyO/resources
[log] [2026-03-26T17:51:40.381Z] [AppStart] createMainWindow()
[log] [2026-03-26T17:51:40.382Z] [windowStateKeeper] main initialized with saved store. Loaded window state: {"x":0,"y":0,"width":1898,"height":1026,"isMinimized":false,"isMaximized":false,"isFullScreen":false,"isVisible":true,"displayBounds":{"x":0,"y":0,"width":1920,"height":1080}}
[log] [2026-03-26T17:51:40.636Z] [AppStart] TextsSwift.addPreferredScrollerStyleChangeListener()
[log] [2026-03-26T17:51:40.636Z] [AppStart] [PowerMonitor] Registering power events
[info] [2026-03-26T17:51:40.638Z] [PowerMonitor] Idle monitoring enabled with threshold: 300s
[info] [2026-03-26T17:51:40.640Z] [PowerMonitor] Starting idle monitor with threshold: 300s, initial state: active
[log] [2026-03-26T17:51:42.688Z] shown window in 6252 ms
[log] [2026-03-26T17:51:43.696Z] [windowStateKeeper] main Saving state: {"x":0,"y":0,"width":942,"height":1026,"isMinimized":false,"isMaximized":false,"isFullScreen":false,"isVisible":true,"displayBounds":{"x":0,"y":0,"width":1920,"height":1080}}
[log] [2026-03-26T17:51:44.969Z] [windowStateKeeper] main Saving state: {"x":0,"y":0,"width":942,"height":1026,"isMinimized":false,"isMaximized":false,"isFullScreen":false,"isVisible":false,"displayBounds":{"x":0,"y":0,"width":1920,"height":1080}}
[log] [2026-03-26T17:51:48.736Z] [windowStateKeeper] main Saving state: {"x":0,"y":0,"width":1898,"height":1026,"isMinimized":false,"isMaximized":false,"isFullScreen":false,"isVisible":true,"displayBounds":{"x":0,"y":0,"width":1920,"height":1080}}
[info] [2026-03-26T17:51:54.538Z] [NotificationStore] newNotification: Created with id=1 accountID=instagramgo threadID=!q6JFMOx72XgitYsVbRrq:beeper.local
[info] [2026-03-26T17:52:23.548Z] [NotificationStore] newNotification: Created with id=2 accountID=instagramgo threadID=!kvFNTYOat6AKFoVfUz87:beeper.local
[info] [2026-03-26T17:52:28.878Z] [NotificationStore] closeNotification:  2
[debug] [2026-03-26T17:52:40.675Z] Event: memory — {"hwAccel":true,"processType":"browser","uptimeMinutes":1,"privateMb":273,"sharedMb":4}
[debug] [2026-03-26T17:52:40.678Z] Event: system-stats — {"processType":"browser","arch":"x64","memoryUsage":{"rss":635269120,"heapTotal":18853888,"heapUsed":17435400,"external":4171305,"arrayBuffers":0},"cpuUsage":{"user":14936584,"system":3018678}}
[log] [2026-03-26T17:52:42.249Z] [Updates] [checkForUpdates] checking for updates (automatic? true)
[log] [2026-03-26T17:52:42.266Z] [electron-updater] Checking for update
[log] [2026-03-26T17:52:42.267Z] [Updates] [Event] checking-for-update
[log] [2026-03-26T17:52:43.046Z] [electron-updater] Update for version 4.2.670 is not available (latest version: 4.2.670, downgrade is disallowed).
[log] [2026-03-26T17:52:43.046Z] [Updates] update-not-available
[info] [2026-03-26T17:52:45.678Z] skipped sending events to legacy /metrics endpoint [{"deviceId":"5677ff8472f062013f755511263576fa5a922b9d87ed2e71c8da0b5da48560b5","type":"memory","eventData":{"hwAccel":true,"processType":"browser","uptimeMinutes":1,"privateMb":273,"sharedMb":4},"metadata":{"os":{"name":"linux","version":"6.19.9-arch1-1"},"appVersion":"4.2.670","arch":"x64","isWKWV":false}},{"deviceId":"5677ff8472f062013f755511263576fa5a922b9d87ed2e71c8da0b5da48560b5","type":"system-stats","eventData":{"processType":"browser","arch":"x64","memoryUsage":{"rss":635269120,"heapTotal":18853888,"heapUsed":17435400,"external":4171305,"arrayBuffers":0},"cpuUsage":{"user":14936584,"system":3018678}},"metadata":{"os":{"name":"linux","version":"6.19.9-arch1-1"},"appVersion":"4.2.670","arch":"x64","isWKWV":false}}]
[log] [2026-03-26T17:53:03.979Z] [windowStateKeeper] main Saving state: {"x":0,"y":0,"width":943,"height":1026,"isMinimized":false,"isMaximized":false,"isFullScreen":false,"isVisible":true,"displayBounds":{"x":0,"y":0,"width":1920,"height":1080}}
[info] [2026-03-26T17:53:08.724Z] [NotificationStore] newNotification: Created with id=3 accountID=instagramgo threadID=!kvFNTYOat6AKFoVfUz87:beeper.local
[info] [2026-03-26T17:53:11.696Z] [NotificationStore] closeNotification:  3
[log] [2026-03-26T17:53:14.692Z] [windowStateKeeper] main Saving state: {"x":0,"y":0,"width":1898,"height":1026,"isMinimized":false,"isMaximized":false,"isFullScreen":false,"isVisible":true,"displayBounds":{"x":0,"y":0,"width":1920,"height":1080}}
[info] [2026-03-26T17:53:33.148Z] [NotificationStore] newNotification: Created with id=4 accountID=instagramgo threadID=!kvFNTYOat6AKFoVfUz87:beeper.local
[info] [2026-03-26T17:53:36.790Z] [NotificationStore] closeNotification:  4
[info] [2026-03-26T17:53:43.654Z] [NotificationStore] newNotification: Created with id=5 accountID=instagramgo threadID=!kvFNTYOat6AKFoVfUz87:beeper.local
[info] [2026-03-26T17:53:44.602Z] [NotificationStore] newNotification: Created with id=6 accountID=instagramgo threadID=!kvFNTYOat6AKFoVfUz87:beeper.local
[info] [2026-03-26T17:53:47.458Z] [NotificationStore] closeNotification:  5,6
[log] [2026-03-26T17:54:09.592Z] [windowStateKeeper] main Saving state: {"x":0,"y":0,"width":943,"height":1026,"isMinimized":false,"isMaximized":false,"isFullScreen":false,"isVisible":true,"displayBounds":{"x":0,"y":0,"width":1920,"height":1080}}
[info] [2026-03-26T17:55:02.434Z] [NotificationStore] newNotification: Created with id=7 accountID=instagramgo threadID=!kvFNTYOat6AKFoVfUz87:beeper.local
[info] [2026-03-26T17:55:04.448Z] [NotificationStore] closeNotification:  7
[info] [2026-03-26T17:55:27.949Z] [NotificationStore] newNotification: Created with id=8 accountID=instagramgo threadID=!kvFNTYOat6AKFoVfUz87:beeper.local
[info] [2026-03-26T17:55:47.682Z] [NotificationStore] newNotification: Created with id=9 accountID=instagramgo threadID=!kvFNTYOat6AKFoVfUz87:beeper.local
[info] [2026-03-26T17:56:22.991Z] [NotificationStore] closeNotification:  8,9
[log] [2026-03-26T17:56:24.807Z] [windowStateKeeper] main Saving state: {"x":0,"y":0,"width":1898,"height":1026,"isMinimized":false,"isMaximized":false,"isFullScreen":false,"isVisible":true,"displayBounds":{"x":0,"y":0,"width":1920,"height":1080}}
[log] [2026-03-26T17:57:11.595Z] [windowStateKeeper] main Saving state: {"x":0,"y":0,"width":942,"height":1026,"isMinimized":false,"isMaximized":false,"isFullScreen":false,"isVisible":true,"displayBounds":{"x":0,"y":0,"width":1920,"height":1080}}
[info] [2026-03-26T18:01:06.898Z] [NotificationStore] newNotification: Created with id=10 accountID=instagramgo threadID=!kvFNTYOat6AKFoVfUz87:beeper.local
[info] [2026-03-26T18:01:10.236Z] [NotificationStore] newNotification: Created with id=11 accountID=instagramgo threadID=!kvFNTYOat6AKFoVfUz87:beeper.local
[info] [2026-03-26T18:01:12.849Z] [NotificationStore] closeNotification:  10
[info] [2026-03-26T18:01:12.925Z] [NotificationStore] closeNotification:  11
[debug] [2026-03-26T18:01:40.641Z] Event: performance — {"arch":"x64","idleWakeupsPerSecond":23,"isWKWV":false,"percentCPUUsage":0.3441669087307258,"processType":"browser"}
[info] [2026-03-26T18:01:45.642Z] skipped sending events to legacy /metrics endpoint [{"deviceId":"5677ff8472f062013f755511263576fa5a922b9d87ed2e71c8da0b5da48560b5","type":"performance","eventData":{"arch":"x64","idleWakeupsPerSecond":23,"isWKWV":false,"percentCPUUsage":0.3441669087307258,"processType":"browser"},"metadata":{"os":{"name":"linux","version":"6.19.9-arch1-1"},"appVersion":"4.2.670","arch":"x64","isWKWV":false}}]
[info] [2026-03-26T18:02:08.564Z] [NotificationStore] newNotification: Created with id=12 accountID=instagramgo threadID=!kvFNTYOat6AKFoVfUz87:beeper.local
[info] [2026-03-26T18:02:10.882Z] [NotificationStore] closeNotification:  12
[info] [2026-03-26T18:02:34.452Z] [NotificationStore] newNotification: Created with id=13 accountID=instagramgo threadID=!kvFNTYOat6AKFoVfUz87:beeper.local
[debug] [2026-03-26T18:02:40.698Z] Event: memory — {"hwAccel":true,"processType":"browser","uptimeMinutes":11,"privateMb":252,"sharedMb":5}
[debug] [2026-03-26T18:02:40.699Z] Event: system-stats — {"processType":"browser","arch":"x64","memoryUsage":{"rss":627073024,"heapTotal":19116032,"heapUsed":17792164,"external":4265264,"arrayBuffers":0},"cpuUsage":{"user":32306728,"system":7185958}}
[info] [2026-03-26T18:02:45.699Z] skipped sending events to legacy /metrics endpoint [{"deviceId":"5677ff8472f062013f755511263576fa5a922b9d87ed2e71c8da0b5da48560b5","type":"memory","eventData":{"hwAccel":true,"processType":"browser","uptimeMinutes":11,"privateMb":252,"sharedMb":5},"metadata":{"os":{"name":"linux","version":"6.19.9-arch1-1"},"appVersion":"4.2.670","arch":"x64","isWKWV":false}},{"deviceId":"5677ff8472f062013f755511263576fa5a922b9d87ed2e71c8da0b5da48560b5","type":"system-stats","eventData":{"processType":"browser","arch":"x64","memoryUsage":{"rss":627073024,"heapTotal":19116032,"heapUsed":17792164,"external":4265264,"arrayBuffers":0},"cpuUsage":{"user":32306728,"system":7185958}},"metadata":{"os":{"name":"linux","version":"6.19.9-arch1-1"},"appVersion":"4.2.670","arch":"x64","isWKWV":false}}]
[debug] [2026-03-26T18:06:40.642Z] Event: performance — {"arch":"x64","idleWakeupsPerSecond":9,"isWKWV":false,"percentCPUUsage":0.16083314783910282,"processType":"browser"}
[info] [2026-03-26T18:06:45.643Z] skipped sending events to legacy /metrics endpoint [{"deviceId":"5677ff8472f062013f755511263576fa5a922b9d87ed2e71c8da0b5da48560b5","type":"performance","eventData":{"arch":"x64","idleWakeupsPerSecond":9,"isWKWV":false,"percentCPUUsage":0.16083314783910282,"processType":"browser"},"metadata":{"os":{"name":"linux","version":"6.19.9-arch1-1"},"appVersion":"4.2.670","arch":"x64","isWKWV":false}}]
[log] [2026-03-26T18:07:11.657Z] [windowStateKeeper] main Saving state: {"x":0,"y":0,"width":942,"height":1026,"isMinimized":false,"isMaximized":false,"isFullScreen":false,"isVisible":true,"displayBounds":{"x":0,"y":0,"width":1920,"height":1080}}
[info] [2026-03-26T18:10:14.826Z] [NotificationStore] closeNotification:  13
[debug] [2026-03-26T18:11:40.641Z] Event: performance — {"arch":"x64","idleWakeupsPerSecond":16,"isWKWV":false,"percentCPUUsage":0.16333349721127555,"processType":"browser"}
[info] [2026-03-26T18:11:45.642Z] skipped sending events to legacy /metrics endpoint [{"deviceId":"5677ff8472f062013f755511263576fa5a922b9d87ed2e71c8da0b5da48560b5","type":"performance","eventData":{"arch":"x64","idleWakeupsPerSecond":16,"isWKWV":false,"percentCPUUsage":0.16333349721127555,"processType":"browser"},"metadata":{"os":{"name":"linux","version":"6.19.9-arch1-1"},"appVersion":"4.2.670","arch":"x64","isWKWV":false}}]
[debug] [2026-03-26T18:16:40.641Z] Event: performance — {"arch":"x64","idleWakeupsPerSecond":18,"isWKWV":false,"percentCPUUsage":0.3216663139059424,"processType":"browser"}
[info] [2026-03-26T18:16:45.642Z] skipped sending events to legacy /metrics endpoint [{"deviceId":"5677ff8472f062013f755511263576fa5a922b9d87ed2e71c8da0b5da48560b5","type":"performance","eventData":{"arch":"x64","idleWakeupsPerSecond":18,"isWKWV":false,"percentCPUUsage":0.3216663139059424,"processType":"browser"},"metadata":{"os":{"name":"linux","version":"6.19.9-arch1-1"},"appVersion":"4.2.670","arch":"x64","isWKWV":false}}]
[info] [2026-03-26T18:17:52.099Z] [NotificationStore] newNotification: Created with id=14 accountID=instagramgo threadID=!a2rOLntNtI4O3u7GpKdh:beeper.local
[info] [2026-03-26T18:17:58.758Z] [NotificationStore] closeNotification:  14
[log] [2026-03-26T18:20:23.636Z] [windowStateKeeper] main Saving state: {"x":0,"y":0,"width":942,"height":1026,"isMinimized":false,"isMaximized":false,"isFullScreen":false,"isVisible":false,"displayBounds":{"x":0,"y":0,"width":1920,"height":1080}}
[log] [2026-03-26T18:20:28.118Z] [windowStateKeeper] main Saving state: {"x":0,"y":0,"width":1898,"height":1026,"isMinimized":false,"isMaximized":false,"isFullScreen":false,"isVisible":true,"displayBounds":{"x":0,"y":0,"width":1920,"height":1080}}
[log] [2026-03-26T18:20:28.946Z] [App] before-quit fired
[log] [2026-03-26T18:20:29.123Z] [App] before-quit cleanup complete, calling app.exit()
[log] [2026-03-26T18:20:29.130Z] [exit handler] disposing worker platform_worker
[warn] [2026-03-26T18:20:29.130Z] Worker already disposed
[log] [2026-03-26T18:21:10.458Z] [AppStart] main()
[log] [2026-03-26T18:21:10.466Z] [AppStart] You're running Beeper v4.2.670 (production) on linux 6.19.9-arch1-1 x64 (server env: production)
[log] [2026-03-26T18:21:10.602Z] [AppStart] running with electron
[log] [2026-03-26T18:21:10.602Z] [AppStart] runWorker(platform_worker)
[log] [2026-03-26T18:21:10.603Z] platform_worker starting worker
[log] [2026-03-26T18:21:10.610Z] [AppStart] Waiting for PASInitComplete
[log] [2026-03-26T18:21:10.888Z] platform_worker took 285 ms to be online
[log] [2026-03-26T18:21:12.272Z] [exit handler] disposing worker platform_worker
[log] [2026-03-26T20:01:08.746Z] [AppStart] main()
[log] [2026-03-26T20:01:08.756Z] [AppStart] You're running Beeper v4.2.670 (production) on linux 6.19.9-arch1-1 x64 (server env: production)
[log] [2026-03-26T20:01:09.406Z] [AppStart] running with electron
[log] [2026-03-26T20:01:09.406Z] [AppStart] runWorker(platform_worker)
[log] [2026-03-26T20:01:09.407Z] platform_worker starting worker
[log] [2026-03-26T20:01:09.413Z] [AppStart] Waiting for PASInitComplete
[log] [2026-03-26T20:01:10.128Z] platform_worker took 721 ms to be online
[log] [2026-03-26T20:01:12.199Z] [AppStart] Received PASInitComplete, proceeding with app startup
[log] [2026-03-26T20:01:12.202Z] [AppStart] launchApp()
[log] [2026-03-26T20:01:12.202Z] [AppStart] Waiting for app to be ready
[log] [2026-03-26T20:01:12.203Z] [AppStart] onReady() app is ready
[log] [2026-03-26T20:01:12.203Z] [AppStart] Using process.resourcePath = /tmp/.mount_Beeper6Rvb69/resources
[log] [2026-03-26T20:01:12.204Z] [AppStart] createMainWindow()
[log] [2026-03-26T20:01:12.207Z] [windowStateKeeper] main initialized with saved store. Loaded window state: {"x":0,"y":0,"width":1898,"height":1026,"isMinimized":false,"isMaximized":false,"isFullScreen":false,"isVisible":true,"displayBounds":{"x":0,"y":0,"width":1920,"height":1080}}
[log] [2026-03-26T20:01:12.503Z] [AppStart] TextsSwift.addPreferredScrollerStyleChangeListener()
[log] [2026-03-26T20:01:12.504Z] [AppStart] [PowerMonitor] Registering power events
[info] [2026-03-26T20:01:12.505Z] [PowerMonitor] Idle monitoring enabled with threshold: 300s
[info] [2026-03-26T20:01:12.507Z] [PowerMonitor] Starting idle monitor with threshold: 300s, initial state: active
[log] [2026-03-26T20:01:15.115Z] shown window in 8445 ms
[log] [2026-03-26T20:01:16.123Z] [windowStateKeeper] main Saving state: {"x":0,"y":0,"width":942,"height":1026,"isMinimized":false,"isMaximized":false,"isFullScreen":false,"isVisible":true,"displayBounds":{"x":0,"y":0,"width":1920,"height":1080}}
[log] [2026-03-26T20:01:19.825Z] [windowStateKeeper] main Saving state: {"x":0,"y":0,"width":1898,"height":1026,"isMinimized":false,"isMaximized":false,"isFullScreen":false,"isVisible":true,"displayBounds":{"x":0,"y":0,"width":1920,"height":1080}}
[log] [2026-03-26T20:01:44.216Z] [windowStateKeeper] main Saving state: {"x":0,"y":0,"width":1898,"height":1026,"isMinimized":false,"isMaximized":false,"isFullScreen":false,"isVisible":false,"displayBounds":{"x":0,"y":0,"width":1920,"height":1080}}
[log] [2026-03-26T20:01:47.329Z] [windowStateKeeper] main Saving state: {"x":0,"y":0,"width":1898,"height":1026,"isMinimized":false,"isMaximized":false,"isFullScreen":false,"isVisible":true,"displayBounds":{"x":0,"y":0,"width":1920,"height":1080}}
[log] [2026-03-26T20:01:52.492Z] [windowStateKeeper] main Saving state: {"x":0,"y":0,"width":943,"height":1026,"isMinimized":false,"isMaximized":false,"isFullScreen":false,"isVisible":true,"displayBounds":{"x":0,"y":0,"width":1920,"height":1080}}
[debug] [2026-03-26T20:02:10.465Z] Event: app-relaunched — {"reason":"pref change"}
[log] [2026-03-26T20:02:10.530Z] [App] before-quit fired
[info] [2026-03-26T20:02:10.533Z] skipped sending events to legacy /metrics endpoint [{"deviceId":"5677ff8472f062013f755511263576fa5a922b9d87ed2e71c8da0b5da48560b5","type":"app-relaunched","eventData":{"reason":"pref change"},"metadata":{"os":{"name":"linux","version":"6.19.9-arch1-1"},"appVersion":"4.2.670","arch":"x64","isWKWV":false}}]
[log] [2026-03-26T20:02:11.049Z] [App] before-quit cleanup complete, calling app.exit()
[log] [2026-03-26T20:02:11.054Z] [exit handler] disposing worker platform_worker
[warn] [2026-03-26T20:02:11.055Z] Worker already disposed
[log] [2026-03-26T20:02:57.214Z] [AppStart] main()
[log] [2026-03-26T20:02:57.220Z] [AppStart] You're running Beeper v4.2.670 (production) on linux 6.19.9-arch1-1 x64 (server env: production)
[log] [2026-03-26T20:02:57.333Z] [AppStart] running with electron
[log] [2026-03-26T20:02:57.333Z] [AppStart] runWorker(platform_worker)
[log] [2026-03-26T20:02:57.334Z] platform_worker starting worker
[log] [2026-03-26T20:02:57.340Z] [AppStart] Waiting for PASInitComplete
[log] [2026-03-26T20:02:57.606Z] platform_worker took 272 ms to be online
[log] [2026-03-26T20:02:58.881Z] [AppStart] Received PASInitComplete, proceeding with app startup
[log] [2026-03-26T20:02:58.882Z] [AppStart] launchApp()
[log] [2026-03-26T20:02:58.882Z] [AppStart] Waiting for app to be ready
[log] [2026-03-26T20:02:58.882Z] [AppStart] onReady() app is ready
[log] [2026-03-26T20:02:58.882Z] [AppStart] Using process.resourcePath = /tmp/.mount_BeeperwaN1VR/resources
[log] [2026-03-26T20:02:58.883Z] [AppStart] createMainWindow()
[log] [2026-03-26T20:02:58.885Z] [windowStateKeeper] main initialized with saved store. Loaded window state: {"x":0,"y":0,"width":943,"height":1026,"isMinimized":false,"isMaximized":false,"isFullScreen":false,"isVisible":true,"displayBounds":{"x":0,"y":0,"width":1920,"height":1080}}
[log] [2026-03-26T20:02:59.139Z] [AppStart] TextsSwift.addPreferredScrollerStyleChangeListener()
[log] [2026-03-26T20:02:59.140Z] [AppStart] [PowerMonitor] Registering power events
[info] [2026-03-26T20:02:59.141Z] [PowerMonitor] Idle monitoring enabled with threshold: 300s
[info] [2026-03-26T20:02:59.144Z] [PowerMonitor] Starting idle monitor with threshold: 300s, initial state: active
[log] [2026-03-26T20:03:01.281Z] shown window in 5481 ms
[log] [2026-03-26T20:03:02.296Z] [windowStateKeeper] main Saving state: {"x":0,"y":0,"width":942,"height":1026,"isMinimized":false,"isMaximized":false,"isFullScreen":false,"isVisible":true,"displayBounds":{"x":0,"y":0,"width":1920,"height":1080}}
[debug] [2026-03-26T20:03:59.153Z] Event: memory — {"hwAccel":true,"processType":"browser","uptimeMinutes":1,"privateMb":237,"sharedMb":5}
[debug] [2026-03-26T20:03:59.154Z] Event: system-stats — {"processType":"browser","arch":"x64","memoryUsage":{"rss":493199360,"heapTotal":26193920,"heapUsed":20025108,"external":4318716,"arrayBuffers":0},"cpuUsage":{"user":5197165,"system":870592}}
[log] [2026-03-26T20:04:00.860Z] [Updates] [checkForUpdates] checking for updates (automatic? true)
[log] [2026-03-26T20:04:00.863Z] [electron-updater] Checking for update
[log] [2026-03-26T20:04:00.863Z] [Updates] [Event] checking-for-update
[log] [2026-03-26T20:04:01.587Z] [electron-updater] Update for version 4.2.670 is not available (latest version: 4.2.670, downgrade is disallowed).
[log] [2026-03-26T20:04:01.588Z] [Updates] update-not-available
[info] [2026-03-26T20:04:04.155Z] skipped sending events to legacy /metrics endpoint [{"deviceId":"5677ff8472f062013f755511263576fa5a922b9d87ed2e71c8da0b5da48560b5","type":"memory","eventData":{"hwAccel":true,"processType":"browser","uptimeMinutes":1,"privateMb":237,"sharedMb":5},"metadata":{"os":{"name":"linux","version":"6.19.9-arch1-1"},"appVersion":"4.2.670","arch":"x64","isWKWV":false}},{"deviceId":"5677ff8472f062013f755511263576fa5a922b9d87ed2e71c8da0b5da48560b5","type":"system-stats","eventData":{"processType":"browser","arch":"x64","memoryUsage":{"rss":493199360,"heapTotal":26193920,"heapUsed":20025108,"external":4318716,"arrayBuffers":0},"cpuUsage":{"user":5197165,"system":870592}},"metadata":{"os":{"name":"linux","version":"6.19.9-arch1-1"},"appVersion":"4.2.670","arch":"x64","isWKWV":false}}]
[log] [2026-03-26T20:04:12.930Z] [App] before-quit fired
[info] [2026-03-26T20:04:12.938Z] [NotificationStore] closeAllNotifications
[log] [2026-03-26T20:04:13.254Z] [exit handler] disposing worker platform_worker
[warn] [2026-03-26T20:04:13.254Z] Worker already disposed
[log] [2026-04-05T20:19:10.231Z] [AppStart] main()
[log] [2026-04-05T20:19:10.239Z] [AppStart] You're running Beeper v4.2.670 (production) on linux 6.19.10-arch1-1 x64 (server env: production)
[log] [2026-04-05T20:19:10.393Z] [AppStart] running with electron
[log] [2026-04-05T20:19:10.393Z] [AppStart] runWorker(platform_worker)
[log] [2026-04-05T20:19:10.394Z] platform_worker starting worker
[log] [2026-04-05T20:19:10.406Z] [AppStart] Waiting for PASInitComplete
[log] [2026-04-05T20:19:10.594Z] platform_worker took 199 ms to be online
[log] [2026-04-05T20:19:12.196Z] [AppStart] Received PASInitComplete, proceeding with app startup
[log] [2026-04-05T20:19:12.196Z] [AppStart] launchApp()
[log] [2026-04-05T20:19:12.196Z] [AppStart] Waiting for app to be ready
[log] [2026-04-05T20:19:12.197Z] [AppStart] onReady() app is ready
[log] [2026-04-05T20:19:12.197Z] [AppStart] Using process.resourcePath = /tmp/.mount_BeeperhUGgpA/resources
[log] [2026-04-05T20:19:12.398Z] [AppStart] createMainWindow()
[log] [2026-04-05T20:19:12.401Z] [windowStateKeeper] main initialized with saved store. Loaded window state: {"x":0,"y":0,"width":942,"height":1026,"isMinimized":false,"isMaximized":false,"isFullScreen":false,"isVisible":true,"displayBounds":{"x":0,"y":0,"width":1920,"height":1080}}
[log] [2026-04-05T20:19:12.624Z] [AppStart] TextsSwift.addPreferredScrollerStyleChangeListener()
[log] [2026-04-05T20:19:12.624Z] [AppStart] [PowerMonitor] Registering power events
[info] [2026-04-05T20:19:12.625Z] [PowerMonitor] Idle monitoring enabled with threshold: 300s
[info] [2026-04-05T20:19:12.629Z] [PowerMonitor] Starting idle monitor with threshold: 300s, initial state: active
[log] [2026-04-05T20:19:15.226Z] shown window in 6729 ms
[log] [2026-04-05T20:19:16.230Z] [windowStateKeeper] main Saving state: {"x":0,"y":0,"width":942,"height":1026,"isMinimized":false,"isMaximized":false,"isFullScreen":false,"isVisible":true,"displayBounds":{"x":0,"y":0,"width":1920,"height":1080}}
[log] [2026-04-05T20:19:18.148Z] [windowStateKeeper] main Saving state: {"x":0,"y":0,"width":1898,"height":1026,"isMinimized":false,"isMaximized":false,"isFullScreen":false,"isVisible":true,"displayBounds":{"x":0,"y":0,"width":1920,"height":1080}}
[debug] [2026-04-05T20:20:12.660Z] Event: memory — {"hwAccel":true,"processType":"browser","uptimeMinutes":1,"privateMb":310,"sharedMb":5}
[debug] [2026-04-05T20:20:12.662Z] Event: system-stats — {"processType":"browser","arch":"x64","memoryUsage":{"rss":558116864,"heapTotal":19640320,"heapUsed":18659784,"external":4302436,"arrayBuffers":0},"cpuUsage":{"user":31542548,"system":6109282}}
[log] [2026-04-05T20:20:14.813Z] [Updates] [checkForUpdates] checking for updates (automatic? true)
[log] [2026-04-05T20:20:14.820Z] [electron-updater] Checking for update
[log] [2026-04-05T20:20:14.821Z] [Updates] [Event] checking-for-update
[info] [2026-04-05T20:20:17.662Z] skipped sending events to legacy /metrics endpoint [{"deviceId":"5677ff8472f062013f755511263576fa5a922b9d87ed2e71c8da0b5da48560b5","type":"memory","eventData":{"hwAccel":true,"processType":"browser","uptimeMinutes":1,"privateMb":310,"sharedMb":5},"metadata":{"os":{"name":"linux","version":"6.19.10-arch1-1"},"appVersion":"4.2.670","arch":"x64","isWKWV":false}},{"deviceId":"5677ff8472f062013f755511263576fa5a922b9d87ed2e71c8da0b5da48560b5","type":"system-stats","eventData":{"processType":"browser","arch":"x64","memoryUsage":{"rss":558116864,"heapTotal":19640320,"heapUsed":18659784,"external":4302436,"arrayBuffers":0},"cpuUsage":{"user":31542548,"system":6109282}},"metadata":{"os":{"name":"linux","version":"6.19.10-arch1-1"},"appVersion":"4.2.670","arch":"x64","isWKWV":false}}]
[log] [2026-04-05T20:20:20.002Z] [electron-updater] Found version 4.2.692 (url: https://beeper-desktop.download.beeper.com/builds/Beeper-4.2.692-x86_64.AppImage)
[log] [2026-04-05T20:20:20.003Z] [Updates] [Event] update-available
[log] [2026-04-05T20:20:20.003Z] [electron-updater] Downloading update from https://beeper-desktop.download.beeper.com/builds/Beeper-4.2.692-x86_64.AppImage
[log] [2026-04-05T20:20:20.008Z] [electron-updater] [debug] updater cache dir: /home/beeb/.cache/beepertexts-updater
[log] [2026-04-05T20:20:20.015Z] [electron-updater] Cached update sha512 checksum doesn't match the latest available update. New update must be downloaded. Cached: 1kHCBsbpiSaqGfLr27U8KtOBYh+vdYyivQXRAsTEp47jVJYqafIf8ipaqMgmi323N17+oTkgyQH+krkjYuHjKQ==, expected: NWKWX121wyRHXPlBdPVR+2iiGxxb3h48BADUPq80YKKJpqfzDJD9JfdD6PSlVVAUdtgbxzljIjo8aa6r2u5oDw==. Directory for cached update will be cleaned
[error] [2026-04-05T20:20:20.019Z] [electron-updater] Cannot download differentially, fallback to full download: RangeError [ERR_OUT_OF_RANGE]: The value of "size" is out of range. It must be >= 0 && <= 34359738367. Received NaN
    at Buffer.allocUnsafe (node:buffer:408:3)
    at LT.readRemoteBytes (file:///tmp/.mount_BeeperhUGgpA/resources/app/build/main/main-entry-CikvyLMT.mjs:148:11017)
    at LT.download (file:///tmp/.mount_BeeperhUGgpA/resources/app/build/main/main-entry-CikvyLMT.mjs:148:28075)
    at $T.downloadDifferential (file:///tmp/.mount_BeeperhUGgpA/resources/app/build/main/main-entry-CikvyLMT.mjs:148:30099)
    at Object.task (file:///tmp/.mount_BeeperhUGgpA/resources/app/build/main/main-entry-CikvyLMT.mjs:148:29573)
    at $T.executeDownload (file:///tmp/.mount_BeeperhUGgpA/resources/app/build/main/main-entry-CikvyLMT.mjs:148:23254)
[log] [2026-04-05T20:20:22.262Z] [Updates] [Event] download-progress {"total":224724457,"delta":490688,"transferred":490688,"percent":0.21835095589973993,"bytesPerSecond":460308}
[log] [2026-04-05T20:20:23.408Z] [Updates] [Event] download-progress {"total":224724457,"delta":1228890,"transferred":1719578,"percent":0.7651939726346741,"bytesPerSecond":777035}
[log] [2026-04-05T20:20:24.418Z] [Updates] [Event] download-progress {"total":224724457,"delta":1146772,"transferred":2866350,"percent":1.2754953502902444,"bytesPerSecond":889342}
[log] [2026-04-05T20:20:25.436Z] [Updates] [Event] download-progress {"total":224724457,"delta":1366740,"transferred":4233090,"percent":1.883680155026473,"bytesPerSecond":998135}
[log] [2026-04-05T20:20:26.465Z] [Updates] [Event] download-progress {"total":224724457,"delta":1146772,"transferred":5379862,"percent":2.3939815326820435,"bytesPerSecond":1020847}
[log] [2026-04-05T20:20:27.465Z] [Updates] [Event] download-progress {"total":224724457,"delta":1147060,"transferred":6526922,"percent":2.9044110672831662,"bytesPerSecond":1040976}
[log] [2026-04-05T20:20:28.550Z] [Updates] [Event] download-progress {"total":224724457,"delta":1310567,"transferred":7837489,"percent":3.4875994827745873,"bytesPerSecond":1065600}
[log] [2026-04-05T20:20:29.612Z] [Updates] [Event] download-progress {"total":224724457,"delta":868559,"transferred":8706048,"percent":3.874099026079747,"bytesPerSecond":1034341}
[log] [2026-04-05T20:20:30.632Z] [Updates] [Event] download-progress {"total":224724457,"delta":1097674,"transferred":9803722,"percent":4.362552314455031,"bytesPerSecond":1038860}
[log] [2026-04-05T20:20:31.635Z] [Updates] [Event] download-progress {"total":224724457,"delta":1032057,"transferred":10835779,"percent":4.82180673374594,"bytesPerSecond":1037910}
[log] [2026-04-05T20:20:32.645Z] [Updates] [Event] download-progress {"total":224724457,"delta":966755,"transferred":11802534,"percent":5.252002455611674,"bytesPerSecond":1030789}
[log] [2026-04-05T20:20:33.672Z] [Updates] [Event] download-progress {"total":224724457,"delta":1048567,"transferred":12851101,"percent":5.718603649802121,"bytesPerSecond":1029983}
[log] [2026-04-05T20:20:34.672Z] [Updates] [Event] download-progress {"total":224724457,"delta":1163291,"transferred":14014392,"percent":6.236255807261779,"bytesPerSecond":1039875}
[log] [2026-04-05T20:20:35.672Z] [Updates] [Event] download-progress {"total":224724457,"delta":1007004,"transferred":15021396,"percent":6.68436190725783,"bytesPerSecond":1037604}
[log] [2026-04-05T20:20:36.689Z] [Updates] [Event] download-progress {"total":224724457,"delta":1228890,"transferred":16250286,"percent":7.231204923992764,"bytesPerSecond":1048812}
[log] [2026-04-05T20:20:37.698Z] [Updates] [Event] download-progress {"total":224724457,"delta":769922,"transferred":17020208,"percent":7.573812048414472,"bytesPerSecond":1031340}
[log] [2026-04-05T20:20:38.790Z] [Updates] [Event] download-progress {"total":224724457,"delta":1163282,"transferred":18183490,"percent":8.091460200969582,"bytesPerSecond":1033446}
[log] [2026-04-05T20:20:39.897Z] [Updates] [Event] download-progress {"total":224724457,"delta":966593,"transferred":19150083,"percent":8.521583834553443,"bytesPerSecond":1024014}
[log] [2026-04-05T20:20:40.920Z] [Updates] [Event] download-progress {"total":224724457,"delta":1130559,"transferred":20280642,"percent":9.024670599159574,"bytesPerSecond":1028169}
[log] [2026-04-05T20:20:41.967Z] [Updates] [Event] download-progress {"total":224724457,"delta":866046,"transferred":21146688,"percent":9.410051884116912,"bytesPerSecond":1018038}
[log] [2026-04-05T20:20:42.971Z] [Updates] [Event] download-progress {"total":224724457,"delta":933870,"transferred":22080558,"percent":9.825614129751797,"bytesPerSecond":1013986}
[log] [2026-04-05T20:20:44.040Z] [Updates] [Event] download-progress {"total":224724457,"delta":1212380,"transferred":23292938,"percent":10.365110371587193,"bytesPerSecond":1019608}
[log] [2026-04-05T20:20:45.040Z] [Updates] [Event] download-progress {"total":224724457,"delta":688092,"transferred":23981030,"percent":10.671304013875089,"bytesPerSecond":1005705}
[log] [2026-04-05T20:20:46.082Z] [Updates] [Event] download-progress {"total":224724457,"delta":1327086,"transferred":25308116,"percent":11.261843209170598,"bytesPerSecond":1016921}
[log] [2026-04-05T20:20:47.282Z] [Updates] [Event] download-progress {"total":224724457,"delta":1419018,"transferred":26727134,"percent":11.89329116946092,"bytesPerSecond":1024538}
[log] [2026-04-05T20:20:48.298Z] [Updates] [Event] download-progress {"total":224724457,"delta":1245256,"transferred":27972390,"percent":12.447416882622615,"bytesPerSecond":1032077}
[log] [2026-04-05T20:20:49.315Z] [Updates] [Event] download-progress {"total":224724457,"delta":1032210,"transferred":29004600,"percent":12.90673938529085,"bytesPerSecond":1031495}
[log] [2026-04-05T20:20:50.390Z] [Updates] [Event] download-progress {"total":224724457,"delta":1297976,"transferred":30302576,"percent":13.48432493931891,"bytesPerSecond":1037937}
[log] [2026-04-05T20:20:51.396Z] [Updates] [Event] download-progress {"total":224724457,"delta":1425417,"transferred":31727993,"percent":14.118620386743219,"bytesPerSecond":1050561}
[log] [2026-04-05T20:20:52.399Z] [Updates] [Event] download-progress {"total":224724457,"delta":671879,"transferred":32399872,"percent":14.41759941598168,"bytesPerSecond":1038324}
[log] [2026-04-05T20:20:53.407Z] [Updates] [Event] download-progress {"total":224724457,"delta":1376184,"transferred":33776056,"percent":15.029986700557474,"bytesPerSecond":1048555}
[log] [2026-04-05T20:20:54.472Z] [Updates] [Event] download-progress {"total":224724457,"delta":999478,"transferred":34775534,"percent":15.474743810372185,"bytesPerSecond":1045032}
[log] [2026-04-05T20:20:55.543Z] [Updates] [Event] download-progress {"total":224724457,"delta":1192038,"transferred":35967572,"percent":16.005188077949168,"bytesPerSecond":1047152}
[log] [2026-04-05T20:20:56.545Z] [Updates] [Event] download-progress {"total":224724457,"delta":1338660,"transferred":37306232,"percent":16.600877580494053,"bytesPerSecond":1055339}
[log] [2026-04-05T20:20:57.556Z] [Updates] [Event] download-progress {"total":224724457,"delta":1276691,"transferred":38582923,"percent":17.168991535264897,"bytesPerSecond":1061107}
[log] [2026-04-05T20:20:58.558Z] [Updates] [Event] download-progress {"total":224724457,"delta":1425426,"transferred":40008349,"percent":17.803290987593755,"bytesPerSecond":1070801}
[log] [2026-04-05T20:20:59.562Z] [Updates] [Event] download-progress {"total":224724457,"delta":1458158,"transferred":41466507,"percent":18.452155832776135,"bytesPerSecond":1080786}
[log] [2026-04-05T20:21:00.567Z] [Updates] [Event] download-progress {"total":224724457,"delta":1441801,"transferred":42908308,"percent":19.093741986436306,"bytesPerSecond":1089818}
[log] [2026-04-05T20:21:01.567Z] [Updates] [Event] download-progress {"total":224724457,"delta":1163282,"transferred":44071590,"percent":19.611390138991414,"bytesPerSecond":1091638}
[log] [2026-04-05T20:21:02.570Z] [Updates] [Event] download-progress {"total":224724457,"delta":1196005,"transferred":45267595,"percent":20.143599679495498,"bytesPerSecond":1094081}
[log] [2026-04-05T20:21:03.575Z] [Updates] [Event] download-progress {"total":224724457,"delta":1441792,"transferred":46709387,"percent":20.78518182825112,"bytesPerSecond":1102156}
[log] [2026-04-05T20:21:04.586Z] [Updates] [Event] download-progress {"total":224724457,"delta":1474677,"transferred":48184064,"percent":21.441397453237588,"bytesPerSecond":1110462}
[log] [2026-04-05T20:21:05.586Z] [Updates] [Event] download-progress {"total":224724457,"delta":1392550,"transferred":49576614,"percent":22.061067434240144,"bytesPerSecond":1116817}
[log] [2026-04-05T20:21:06.590Z] [Updates] [Event] download-progress {"total":224724457,"delta":1376328,"transferred":50952942,"percent":22.673518797288715,"bytesPerSecond":1122435}
[log] [2026-04-05T20:21:07.598Z] [Updates] [Event] download-progress {"total":224724457,"delta":1475858,"transferred":52428800,"percent":23.33025995474983,"bytesPerSecond":1129858}
[log] [2026-04-05T20:21:08.600Z] [Updates] [Event] download-progress {"total":224724457,"delta":1459374,"transferred":53888174,"percent":23.979665907035656,"bytesPerSecond":1136761}
[log] [2026-04-05T20:21:09.606Z] [Updates] [Event] download-progress {"total":224724457,"delta":1441792,"transferred":55329966,"percent":24.621248055791277,"bytesPerSecond":1142921}
[log] [2026-04-05T20:21:10.611Z] [Updates] [Event] download-progress {"total":224724457,"delta":1474524,"transferred":56804490,"percent":25.27739559740042,"bytesPerSecond":1149516}
[log] [2026-04-05T20:21:11.613Z] [Updates] [Event] download-progress {"total":224724457,"delta":1441792,"transferred":58246282,"percent":25.91897774615604,"bytesPerSecond":1155268}
[log] [2026-04-05T20:21:12.646Z] [Updates] [Event] download-progress {"total":224724457,"delta":1425273,"transferred":59671555,"percent":26.553209115107574,"bytesPerSecond":1159774}
[log] [2026-04-05T20:21:13.649Z] [Updates] [Event] download-progress {"total":224724457,"delta":1487257,"transferred":61158812,"percent":27.21502270667407,"bytesPerSecond":1165951}
[log] [2026-04-05T20:21:14.651Z] [Updates] [Event] download-progress {"total":224724457,"delta":1441792,"transferred":62600604,"percent":27.85660485542969,"bytesPerSecond":1171068}
[log] [2026-04-05T20:21:15.695Z] [Updates] [Event] download-progress {"total":224724457,"delta":1445158,"transferred":64045762,"percent":28.49968483848645,"bytesPerSecond":1175152}
[log] [2026-04-05T20:21:16.699Z] [Updates] [Event] download-progress {"total":224724457,"delta":999478,"transferred":65045240,"percent":28.944441948301158,"bytesPerSecond":1171902}
[log] [2026-04-05T20:21:17.705Z] [Updates] [Event] download-progress {"total":224724457,"delta":1474524,"transferred":66519764,"percent":29.600589489910305,"bytesPerSecond":1177133}
[log] [2026-04-05T20:21:18.710Z] [Updates] [Event] download-progress {"total":224724457,"delta":1441783,"transferred":67961547,"percent":30.242167633761376,"bytesPerSecond":1181652}
[log] [2026-04-05T20:21:19.716Z] [Updates] [Event] download-progress {"total":224724457,"delta":1474677,"transferred":69436224,"percent":30.898383258747845,"bytesPerSecond":1186518}
[log] [2026-04-05T20:21:20.726Z] [Updates] [Event] download-progress {"total":224724457,"delta":1474524,"transferred":70910748,"percent":31.55453080035699,"bytesPerSecond":1191157}
[log] [2026-04-05T20:21:21.737Z] [Updates] [Event] download-progress {"total":224724457,"delta":1458005,"transferred":72368753,"percent":32.20332756216205,"bytesPerSecond":1195348}
[log] [2026-04-05T20:21:22.749Z] [Updates] [Event] download-progress {"total":224724457,"delta":1471357,"transferred":73840110,"percent":32.858065822359514,"bytesPerSecond":1199599}
[log] [2026-04-05T20:21:23.750Z] [Updates] [Event] download-progress {"total":224724457,"delta":1458158,"transferred":75298268,"percent":33.506930667541894,"bytesPerSecond":1203713}
[log] [2026-04-05T20:21:24.767Z] [Updates] [Event] download-progress {"total":224724457,"delta":1451750,"transferred":76750018,"percent":34.152944020685744,"bytesPerSecond":1207293}
[log] [2026-04-05T20:21:25.810Z] [Updates] [Event] download-progress {"total":224724457,"delta":1320822,"transferred":78070840,"percent":34.74069580241549,"bytesPerSecond":1208246}
[log] [2026-04-05T20:21:26.812Z] [Updates] [Event] download-progress {"total":224724457,"delta":737334,"transferred":78808174,"percent":35.068801612456454,"bytesPerSecond":1201033}
[log] [2026-04-05T20:21:27.830Z] [Updates] [Event] download-progress {"total":224724457,"delta":1703936,"transferred":80512110,"percent":35.82703506098582,"bytesPerSecond":1208256}
[log] [2026-04-05T20:21:28.887Z] [Updates] [Event] download-progress {"total":224724457,"delta":917360,"transferred":81429470,"percent":36.235250531721164,"bytesPerSecond":1202941}
[log] [2026-04-05T20:21:29.893Z] [Updates] [Event] download-progress {"total":224724457,"delta":1409051,"transferred":82838521,"percent":36.86226328271871,"bytesPerSecond":1205836}
[log] [2026-04-05T20:21:30.894Z] [Updates] [Event] download-progress {"total":224724457,"delta":1261631,"transferred":84100152,"percent":37.42367569721171,"bytesPerSecond":1206619}
[log] [2026-04-05T20:21:32.080Z] [Updates] [Event] download-progress {"total":224724457,"delta":852040,"transferred":84952192,"percent":37.80282446071279,"bytesPerSecond":1198451}
[log] [2026-04-05T20:21:33.308Z] [Updates] [Event] download-progress {"total":224724457,"delta":982959,"transferred":85935151,"percent":38.240230790723416,"bytesPerSecond":1191673}
[log] [2026-04-05T20:21:34.308Z] [Updates] [Event] download-progress {"total":224724457,"delta":1245265,"transferred":87180416,"percent":38.79436050878966,"bytesPerSecond":1192406}
[log] [2026-04-05T20:21:35.318Z] [Updates] [Event] download-progress {"total":224724457,"delta":1490890,"transferred":88671306,"percent":39.457790746825566,"bytesPerSecond":1196272}
[log] [2026-04-05T20:21:36.464Z] [Updates] [Event] download-progress {"total":224724457,"delta":917504,"transferred":89588810,"percent":39.86607029603369,"bytesPerSecond":1190248}
[log] [2026-04-05T20:21:37.472Z] [Updates] [Event] download-progress {"total":224724457,"delta":933870,"transferred":90522680,"percent":40.28163254166857,"bytesPerSecond":1186762}
[log] [2026-04-05T20:21:38.493Z] [Updates] [Event] download-progress {"total":224724457,"delta":770066,"transferred":91292746,"percent":40.62430374456306,"bytesPerSecond":1181049}
[log] [2026-04-05T20:21:39.500Z] [Updates] [Event] download-progress {"total":224724457,"delta":901138,"transferred":92193884,"percent":41.02530059734442,"bytesPerSecond":1177369}
[log] [2026-04-05T20:21:40.501Z] [Updates] [Event] download-progress {"total":224724457,"delta":1409060,"transferred":93602944,"percent":41.65231735324652,"bytesPerSecond":1180276}
[log] [2026-04-05T20:21:41.515Z] [Updates] [Event] download-progress {"total":224724457,"delta":1539988,"transferred":95142932,"percent":42.33759568056271,"bytesPerSecond":1184548}
[log] [2026-04-05T20:21:42.525Z] [Updates] [Event] download-progress {"total":224724457,"delta":1294345,"transferred":96437277,"percent":42.91356547810014,"bytesPerSecond":1185767}
[log] [2026-04-05T20:21:43.525Z] [Updates] [Event] download-progress {"total":224724457,"delta":933879,"transferred":97371156,"percent":43.329131728639574,"bytesPerSecond":1182694}
[log] [2026-04-05T20:21:44.529Z] [Updates] [Event] download-progress {"total":224724457,"delta":917495,"transferred":98288651,"percent":43.73740727294315,"bytesPerSecond":1179454}
[log] [2026-04-05T20:21:45.536Z] [Updates] [Event] download-progress {"total":224724457,"delta":1671213,"transferred":99959864,"percent":44.481079333523546,"bytesPerSecond":1185187}
[log] [2026-04-05T20:21:46.564Z] [Updates] [Event] download-progress {"total":224724457,"delta":1379950,"transferred":101339814,"percent":45.09514244815819,"bytesPerSecond":1187080}
[log] [2026-04-05T20:21:47.566Z] [Updates] [Event] download-progress {"total":224724457,"delta":1359962,"transferred":102699776,"percent":45.70031111478,"bytesPerSecond":1189054}
[log] [2026-04-05T20:21:48.567Z] [Updates] [Event] download-progress {"total":224724457,"delta":1015700,"transferred":103715476,"percent":46.1522868425487,"bytesPerSecond":1187056}
[log] [2026-04-05T20:21:49.569Z] [Updates] [Event] download-progress {"total":224724457,"delta":901129,"transferred":104616605,"percent":46.55327969042551,"bytesPerSecond":1183794}
[log] [2026-04-05T20:21:50.711Z] [Updates] [Event] download-progress {"total":224724457,"delta":606271,"transferred":105222876,"percent":46.82306385548414,"bytesPerSecond":1175464}
[log] [2026-04-05T20:21:51.757Z] [Updates] [Event] download-progress {"total":224724457,"delta":530589,"transferred":105753465,"percent":47.05917033320499,"bytesPerSecond":1167747}
[log] [2026-04-05T20:21:52.761Z] [Updates] [Event] download-progress {"total":224724457,"delta":1245265,"transferred":106998730,"percent":47.61330005127123,"bytesPerSecond":1168542}
[log] [2026-04-05T20:21:53.788Z] [Updates] [Event] download-progress {"total":224724457,"delta":1572864,"transferred":108571594,"percent":48.313207849913724,"bytesPerSecond":1172568}
[log] [2026-04-05T20:21:54.972Z] [Updates] [Event] download-progress {"total":224724457,"delta":1212380,"transferred":109783974,"percent":48.852704091749125,"bytesPerSecond":1170692}
[log] [2026-04-05T20:21:56.044Z] [Updates] [Event] download-progress {"total":224724457,"delta":901138,"transferred":110685112,"percent":49.25370094453048,"bytesPerSecond":1166961}
[log] [2026-04-05T20:21:57.053Z] [Updates] [Event] download-progress {"total":224724457,"delta":1343443,"transferred":112028555,"percent":49.85151883134821,"bytesPerSecond":1168693}
[log] [2026-04-05T20:21:58.065Z] [Updates] [Event] download-progress {"total":224724457,"delta":1441801,"transferred":113470356,"percent":50.49310498500837,"bytesPerSecond":1171367}
[log] [2026-04-05T20:21:59.080Z] [Updates] [Event] download-progress {"total":224724457,"delta":1451894,"transferred":114922250,"percent":51.139182416625,"bytesPerSecond":1174054}
[log] [2026-04-05T20:22:00.095Z] [Updates] [Event] download-progress {"total":224724457,"delta":1310720,"transferred":116232970,"percent":51.72243891549374,"bytesPerSecond":1175258}
[log] [2026-04-05T20:22:01.114Z] [Updates] [Event] download-progress {"total":224724457,"delta":1457014,"transferred":117689984,"percent":52.37079469280908,"bytesPerSecond":1177854}
[log] [2026-04-05T20:22:02.126Z] [Updates] [Event] download-progress {"total":224724457,"delta":1425282,"transferred":119115266,"percent":53.00503006666515,"bytesPerSecond":1180165}
[log] [2026-04-05T20:22:03.129Z] [Updates] [Event] download-progress {"total":224724457,"delta":1184676,"transferred":120299942,"percent":53.532198322321456,"bytesPerSecond":1180175}
[log] [2026-04-05T20:22:04.136Z] [Updates] [Event] download-progress {"total":224724457,"delta":1654838,"transferred":121954780,"percent":54.26858368157054,"bytesPerSecond":1184706}
[log] [2026-04-05T20:22:05.155Z] [Updates] [Event] download-progress {"total":224724457,"delta":1474524,"transferred":123429304,"percent":54.92473122317968,"bytesPerSecond":1187288}
[log] [2026-04-05T20:22:06.155Z] [Updates] [Event] download-progress {"total":224724457,"delta":1163282,"transferred":124592586,"percent":55.442379375734795,"bytesPerSecond":1187048}
[log] [2026-04-05T20:22:07.188Z] [Updates] [Event] download-progress {"total":224724457,"delta":1196005,"transferred":125788591,"percent":55.97458891623888,"bytesPerSecond":1186763}
[log] [2026-04-05T20:22:08.196Z] [Updates] [Event] download-progress {"total":224724457,"delta":1537637,"transferred":127326228,"percent":56.65882107348912,"bytesPerSecond":1189954}
[log] [2026-04-05T20:22:09.199Z] [Updates] [Event] download-progress {"total":224724457,"delta":1458158,"transferred":128784386,"percent":57.3076859186715,"bytesPerSecond":1192404}
[log] [2026-04-05T20:22:10.207Z] [Updates] [Event] download-progress {"total":224724457,"delta":1458302,"transferred":130242688,"percent":57.95661484232666,"bytesPerSecond":1194756}
[log] [2026-04-05T20:22:11.207Z] [Updates] [Event] download-progress {"total":224724457,"delta":1458158,"transferred":131700846,"percent":58.605479687509046,"bytesPerSecond":1197150}
[log] [2026-04-05T20:22:12.213Z] [Updates] [Event] download-progress {"total":224724457,"delta":1454173,"transferred":133155019,"percent":59.25257124995523,"bytesPerSecond":1199400}
[log] [2026-04-05T20:22:13.216Z] [Updates] [Event] download-progress {"total":224724457,"delta":1376337,"transferred":134531356,"percent":59.86502661790835,"bytesPerSecond":1200948}
[log] [2026-04-05T20:22:14.229Z] [Updates] [Event] download-progress {"total":224724457,"delta":770066,"transferred":135301422,"percent":60.20769782080283,"bytesPerSecond":1196998}
[log] [2026-04-05T20:22:15.265Z] [Updates] [Event] download-progress {"total":224724457,"delta":1179648,"transferred":136481070,"percent":60.7326286697847,"bytesPerSecond":1196468}
[log] [2026-04-05T20:22:16.267Z] [Updates] [Event] download-progress {"total":224724457,"delta":819164,"transferred":137300234,"percent":61.09714796195947,"bytesPerSecond":1193168}
[log] [2026-04-05T20:22:17.376Z] [Updates] [Event] download-progress {"total":224724457,"delta":907439,"transferred":138207673,"percent":61.50094869291418,"bytesPerSecond":1189589}
[log] [2026-04-05T20:22:18.414Z] [Updates] [Event] download-progress {"total":224724457,"delta":999487,"transferred":139207160,"percent":61.94570980763344,"bytesPerSecond":1187582}
[log] [2026-04-05T20:22:19.498Z] [Updates] [Event] download-progress {"total":224724457,"delta":947620,"transferred":140154780,"percent":62.36739065743966,"bytesPerSecond":1184710}
[log] [2026-04-05T20:22:20.512Z] [Updates] [Event] download-progress {"total":224724457,"delta":1212371,"transferred":141367151,"percent":62.90688289437051,"bytesPerSecond":1184813}
[log] [2026-04-05T20:22:21.527Z] [Updates] [Event] download-progress {"total":224724457,"delta":1387758,"transferred":142754909,"percent":63.52442048619567,"bytesPerSecond":1186352}
[log] [2026-04-05T20:22:22.533Z] [Updates] [Event] download-progress {"total":224724457,"delta":1327095,"transferred":144082004,"percent":64.11496368639573,"bytesPerSecond":1187443}
[log] [2026-04-05T20:22:23.560Z] [Updates] [Event] download-progress {"total":224724457,"delta":1179639,"transferred":145261643,"percent":64.63989053047305,"bytesPerSecond":1187118}
[log] [2026-04-05T20:22:24.605Z] [Updates] [Event] download-progress {"total":224724457,"delta":917513,"transferred":146179156,"percent":65.04817408458572,"bytesPerSecond":1184500}
[log] [2026-04-05T20:22:25.633Z] [Updates] [Event] download-progress {"total":224724457,"delta":684306,"transferred":146863462,"percent":65.35268299702689,"bytesPerSecond":1180214}
[log] [2026-04-05T20:22:26.640Z] [Updates] [Event] download-progress {"total":224724457,"delta":671726,"transferred":147535188,"percent":65.65159394288801,"bytesPerSecond":1176095}
[log] [2026-04-05T20:22:27.662Z] [Updates] [Event] download-progress {"total":224724457,"delta":1605740,"transferred":149140928,"percent":66.36613121285681,"bytesPerSecond":1179287}
[log] [2026-04-05T20:22:28.667Z] [Updates] [Event] download-progress {"total":224724457,"delta":1523622,"transferred":150664550,"percent":67.04412684374626,"bytesPerSecond":1181942}
[log] [2026-04-05T20:22:29.724Z] [Updates] [Event] download-progress {"total":224724457,"delta":1540132,"transferred":152204682,"percent":67.72946924953523,"bytesPerSecond":1184205}
[log] [2026-04-05T20:22:30.727Z] [Updates] [Event] download-progress {"total":224724457,"delta":1392694,"transferred":153597376,"percent":68.34920330901055,"bytesPerSecond":1185787}
[log] [2026-04-05T20:22:31.742Z] [Updates] [Event] download-progress {"total":224724457,"delta":1474524,"transferred":155071900,"percent":69.00535085061969,"bytesPerSecond":1187863}
[log] [2026-04-05T20:22:32.747Z] [Updates] [Event] download-progress {"total":224724457,"delta":1458158,"transferred":156530058,"percent":69.65421569580208,"bytesPerSecond":1189872}
[log] [2026-04-05T20:22:33.749Z] [Updates] [Event] download-progress {"total":224724457,"delta":1458149,"transferred":157988207,"percent":70.30307653607991,"bytesPerSecond":1191878}
[log] [2026-04-05T20:22:34.749Z] [Updates] [Event] download-progress {"total":224724457,"delta":1457023,"transferred":159445230,"percent":70.95143631829978,"bytesPerSecond":1193863}
[log] [2026-04-05T20:22:35.756Z] [Updates] [Event] download-progress {"total":224724457,"delta":1146763,"transferred":160591993,"percent":71.46173369105081,"bytesPerSecond":1193451}
[log] [2026-04-05T20:22:36.774Z] [Updates] [Event] download-progress {"total":224724457,"delta":1703936,"transferred":162295929,"percent":72.21996713958019,"bytesPerSecond":1197058}
[log] [2026-04-05T20:22:37.776Z] [Updates] [Event] download-progress {"total":224724457,"delta":1425435,"transferred":163721364,"percent":72.85427059681359,"bytesPerSecond":1198713}
[log] [2026-04-05T20:22:38.776Z] [Updates] [Event] download-progress {"total":224724457,"delta":1439176,"transferred":165160540,"percent":73.49468865331377,"bytesPerSecond":1200460}
[log] [2026-04-05T20:22:39.789Z] [Updates] [Event] download-progress {"total":224724457,"delta":1458158,"transferred":166618698,"percent":74.14355349849616,"bytesPerSecond":1202207}
[log] [2026-04-05T20:22:40.853Z] [Updates] [Event] download-progress {"total":224724457,"delta":1245112,"transferred":167863810,"percent":74.69761513318508,"bytesPerSecond":1201963}
[log] [2026-04-05T20:22:41.863Z] [Updates] [Event] download-progress {"total":224724457,"delta":1015844,"transferred":168879654,"percent":75.14965493942655,"bytesPerSecond":1200555}
[log] [2026-04-05T20:22:42.874Z] [Updates] [Event] download-progress {"total":224724457,"delta":1458158,"transferred":170337812,"percent":75.79851978460893,"bytesPerSecond":1202280}
[log] [2026-04-05T20:22:43.885Z] [Updates] [Event] download-progress {"total":224724457,"delta":1409051,"transferred":171746863,"percent":76.42553253560648,"bytesPerSecond":1203636}
[log] [2026-04-05T20:22:44.922Z] [Updates] [Event] download-progress {"total":224724457,"delta":1376337,"transferred":173123200,"percent":77.0379879035596,"bytesPerSecond":1204528}
[log] [2026-04-05T20:22:45.965Z] [Updates] [Event] download-progress {"total":224724457,"delta":1507112,"transferred":174630312,"percent":77.70863675954949,"bytesPerSecond":1206260}
[log] [2026-04-05T20:22:46.979Z] [Updates] [Event] download-progress {"total":224724457,"delta":1430808,"transferred":176061120,"percent":78.34533114479837,"bytesPerSecond":1207685}
[log] [2026-04-05T20:22:47.993Z] [Updates] [Event] download-progress {"total":224724457,"delta":1408916,"transferred":177470036,"percent":78.97228382222768,"bytesPerSecond":1208940}
[log] [2026-04-05T20:22:49.001Z] [Updates] [Event] download-progress {"total":224724457,"delta":1458158,"transferred":178928194,"percent":79.62114866741005,"bytesPerSecond":1210561}
[log] [2026-04-05T20:22:50.016Z] [Updates] [Event] download-progress {"total":224724457,"delta":1458302,"transferred":180386496,"percent":80.27007759106523,"bytesPerSecond":1212112}
[log] [2026-04-05T20:22:51.085Z] [Updates] [Event] download-progress {"total":224724457,"delta":1420280,"transferred":181806776,"percent":80.90208712797113,"bytesPerSecond":1212935}
[log] [2026-04-05T20:22:52.102Z] [Updates] [Event] download-progress {"total":224724457,"delta":1146916,"transferred":182953692,"percent":81.41245258409947,"bytesPerSecond":1212361}
[log] [2026-04-05T20:22:53.104Z] [Updates] [Event] download-progress {"total":224724457,"delta":1409060,"transferred":184362752,"percent":82.03946934000157,"bytesPerSecond":1213639}
[log] [2026-04-05T20:22:54.104Z] [Updates] [Event] download-progress {"total":224724457,"delta":1425273,"transferred":185788025,"percent":82.6737007089531,"bytesPerSecond":1215023}
[log] [2026-04-05T20:22:55.182Z] [Updates] [Event] download-progress {"total":224724457,"delta":1210029,"transferred":186998054,"percent":83.21215078072255,"bytesPerSecond":1214376}
[log] [2026-04-05T20:22:56.268Z] [Updates] [Event] download-progress {"total":224724457,"delta":1354807,"transferred":188352861,"percent":83.81502552701686,"bytesPerSecond":1214608}
[log] [2026-04-05T20:22:57.308Z] [Updates] [Event] download-progress {"total":224724457,"delta":1277853,"transferred":189630714,"percent":84.38365655946384,"bytesPerSecond":1214702}
[log] [2026-04-05T20:22:58.309Z] [Updates] [Event] download-progress {"total":224724457,"delta":1460852,"transferred":191091566,"percent":85.03372020607442,"bytesPerSecond":1216261}
[log] [2026-04-05T20:22:59.318Z] [Updates] [Event] download-progress {"total":224724457,"delta":1458158,"transferred":192549724,"percent":85.6825850512568,"bytesPerSecond":1217721}
[log] [2026-04-05T20:23:00.332Z] [Updates] [Event] download-progress {"total":224724457,"delta":1474524,"transferred":194024248,"percent":86.33873259286594,"bytesPerSecond":1219228}
[log] [2026-04-05T20:23:01.346Z] [Updates] [Event] download-progress {"total":224724457,"delta":1248869,"transferred":195273117,"percent":86.89446605270916,"bytesPerSecond":1219306}
[log] [2026-04-05T20:23:02.346Z] [Updates] [Event] download-progress {"total":224724457,"delta":1671213,"transferred":196944330,"percent":87.63813811328956,"bytesPerSecond":1222111}
[log] [2026-04-05T20:23:03.350Z] [Updates] [Event] download-progress {"total":224724457,"delta":1343452,"transferred":198287782,"percent":88.23596000501183,"bytesPerSecond":1222829}
[log] [2026-04-05T20:23:04.359Z] [Updates] [Event] download-progress {"total":224724457,"delta":1458158,"transferred":199745940,"percent":88.8848248501942,"bytesPerSecond":1224204}
[log] [2026-04-05T20:23:05.364Z] [Updates] [Event] download-progress {"total":224724457,"delta":966746,"transferred":200712686,"percent":89.3150165671554,"bytesPerSecond":1222598}
[log] [2026-04-05T20:23:06.385Z] [Updates] [Event] download-progress {"total":224724457,"delta":1589230,"transferred":202301916,"percent":90.02220706222465,"bytesPerSecond":1224662}
[log] [2026-04-05T20:23:07.386Z] [Updates] [Event] download-progress {"total":224724457,"delta":1556498,"transferred":203858414,"percent":90.71483216444038,"bytesPerSecond":1226651}
[log] [2026-04-05T20:23:08.386Z] [Updates] [Event] download-progress {"total":224724457,"delta":1245103,"transferred":205103517,"percent":91.26888979422476,"bytesPerSecond":1226762}
[log] [2026-04-05T20:23:09.386Z] [Updates] [Event] download-progress {"total":224724457,"delta":1392703,"transferred":206496220,"percent":91.88862785860464,"bytesPerSecond":1227748}
[log] [2026-04-05T20:23:10.393Z] [Updates] [Event] download-progress {"total":224724457,"delta":1441792,"transferred":207938012,"percent":92.53021000736025,"bytesPerSecond":1228963}
[log] [2026-04-05T20:23:11.397Z] [Updates] [Event] download-progress {"total":224724457,"delta":1507256,"transferred":209445268,"percent":93.20092294182292,"bytesPerSecond":1230569}
[log] [2026-04-05T20:23:12.401Z] [Updates] [Event] download-progress {"total":224724457,"delta":1441792,"transferred":210887060,"percent":93.84250509057854,"bytesPerSecond":1231774}
[log] [2026-04-05T20:23:13.404Z] [Updates] [Event] download-progress {"total":224724457,"delta":819308,"transferred":211706368,"percent":94.20708846122609,"bytesPerSecond":1229357}
[log] [2026-04-05T20:23:14.417Z] [Updates] [Event] download-progress {"total":224724457,"delta":1114040,"transferred":212820408,"percent":94.70282444602815,"bytesPerSecond":1228599}
[log] [2026-04-05T20:23:15.429Z] [Updates] [Event] download-progress {"total":224724457,"delta":1064933,"transferred":213885341,"percent":95.17670833664536,"bytesPerSecond":1227575}
[log] [2026-04-05T20:23:16.438Z] [Updates] [Event] download-progress {"total":224724457,"delta":1613275,"transferred":215498616,"percent":95.89459860170003,"bytesPerSecond":1229713}
[log] [2026-04-05T20:23:17.553Z] [Updates] [Event] download-progress {"total":224724457,"delta":1392694,"transferred":216891310,"percent":96.51433266117537,"bytesPerSecond":1229835}
[log] [2026-04-05T20:23:18.567Z] [Updates] [Event] download-progress {"total":224724457,"delta":1506112,"transferred":218397422,"percent":97.18453652777099,"bytesPerSecond":1231296}
[log] [2026-04-05T20:23:19.589Z] [Updates] [Event] download-progress {"total":224724457,"delta":1294354,"transferred":219691776,"percent":97.76051033021297,"bytesPerSecond":1231498}
[log] [2026-04-05T20:23:20.612Z] [Updates] [Event] download-progress {"total":224724457,"delta":475037,"transferred":220166813,"percent":97.97189675710285,"bytesPerSecond":1227123}
[log] [2026-04-05T20:23:21.615Z] [Updates] [Event] download-progress {"total":224724457,"delta":1032210,"transferred":221199023,"percent":98.43121925977108,"bytesPerSecond":1226023}
[log] [2026-04-05T20:23:22.619Z] [Updates] [Event] download-progress {"total":224724457,"delta":1523775,"transferred":222722798,"percent":99.10928297403785,"bytesPerSecond":1227637}
[log] [2026-04-05T20:23:23.621Z] [Updates] [Event] download-progress {"total":224724457,"delta":1556498,"transferred":224279296,"percent":99.80190807625358,"bytesPerSecond":1229426}
[log] [2026-04-05T20:23:24.148Z] [Updates] [Event] download-progress {"total":224724457,"delta":445161,"transferred":224724457,"percent":100,"bytesPerSecond":1228318}
[log] [2026-04-05T20:23:24.155Z] [electron-updater] New version 4.2.692 has been downloaded to /home/beeb/.cache/beepertexts-updater/pending/Beeper-4.2.692-x86_64.AppImage
[debug] [2026-04-05T20:23:24.156Z] Time: Update — Download time — 184
[log] [2026-04-05T20:23:24.157Z] [Updates] [Event] update-downloaded: {"version":"4.2.692","files":[{"url":"https://beeper-desktop.download.beeper.com/builds/Beeper-4.2.692-x86_64.AppImage","size":224724457,"sha512":"NWKWX121wyRHXPlBdPVR+2iiGxxb3h48BADUPq80YKKJpqfzDJD9JfdD6PSlVVAUdtgbxzljIjo8aa6r2u5oDw=="}],"path":"https://beeper-desktop.download.beeper.com/builds/Beeper-4.2.692-x86_64.AppImage","sha512":"NWKWX121wyRHXPlBdPVR+2iiGxxb3h48BADUPq80YKKJpqfzDJD9JfdD6PSlVVAUdtgbxzljIjo8aa6r2u5oDw==","releaseDate":"2026-04-01T00:21:49+00:00","downloadedFile":"/home/beeb/.cache/beepertexts-updater/pending/Beeper-4.2.692-x86_64.AppImage"} in 184 seconds
[log] [2026-04-05T20:23:24.681Z] [AutoUpdater] fetchUpdateFeedJSON URL=https://api.beeper.com/desktop/update-feed.json?bundleID=com.automattic.beeper.desktop&version=4.2.670&platform=linux&arch=x64&channel=stable response={"version":"4.2.692","url":"https://beeper-desktop.download.beeper.com/builds/Beeper-4.2.692-x86_64.AppImage","name":"4.2.692","notes":[],"sha512":"NWKWX121wyRHXPlBdPVR+2iiGxxb3h48BADUPq80YKKJpqfzDJD9JfdD6PSlVVAUdtgbxzljIjo8aa6r2u5oDw==","download_size":"224724457","pub_date":"2026-04-01T00:21:49+00:00"}
[log] [2026-04-05T20:23:24.681Z] [Updates] [onUpdateDownloaded] update to 4.2.692 is now prompting for user relaunch
[info] [2026-04-05T20:23:29.157Z] skipped sending events to legacy /metrics endpoint [{"deviceId":"5677ff8472f062013f755511263576fa5a922b9d87ed2e71c8da0b5da48560b5","type":"timing","eventData":{"category":"Update","value":"Download time","time":"184"},"metadata":{"os":{"name":"linux","version":"6.19.10-arch1-1"},"appVersion":"4.2.670","arch":"x64","isWKWV":false}}]
[info] [2026-04-05T20:26:12.632Z] [PowerMonitor] Idle state changed from active to locked
[info] [2026-04-05T20:27:12.632Z] [PowerMonitor] Idle state changed from locked to active
[debug] [2026-04-05T20:29:12.630Z] Event: performance — {"arch":"x64","idleWakeupsPerSecond":103,"isWKWV":false,"percentCPUUsage":4.019192778022415,"processType":"browser"}
[info] [2026-04-05T20:29:17.632Z] skipped sending events to legacy /metrics endpoint [{"deviceId":"5677ff8472f062013f755511263576fa5a922b9d87ed2e71c8da0b5da48560b5","type":"performance","eventData":{"arch":"x64","idleWakeupsPerSecond":103,"isWKWV":false,"percentCPUUsage":4.019192778022415,"processType":"browser"},"metadata":{"os":{"name":"linux","version":"6.19.10-arch1-1"},"appVersion":"4.2.670","arch":"x64","isWKWV":false}}]
[debug] [2026-04-05T20:30:12.677Z] Event: memory — {"hwAccel":true,"processType":"browser","uptimeMinutes":11,"privateMb":246,"sharedMb":6}
[debug] [2026-04-05T20:30:12.678Z] Event: system-stats — {"processType":"browser","arch":"x64","memoryUsage":{"rss":486465536,"heapTotal":19378176,"heapUsed":15583788,"external":4176311,"arrayBuffers":0},"cpuUsage":{"user":179633615,"system":36712670}}
[info] [2026-04-05T20:30:17.678Z] skipped sending events to legacy /metrics endpoint [{"deviceId":"5677ff8472f062013f755511263576fa5a922b9d87ed2e71c8da0b5da48560b5","type":"memory","eventData":{"hwAccel":true,"processType":"browser","uptimeMinutes":11,"privateMb":246,"sharedMb":6},"metadata":{"os":{"name":"linux","version":"6.19.10-arch1-1"},"appVersion":"4.2.670","arch":"x64","isWKWV":false}},{"deviceId":"5677ff8472f062013f755511263576fa5a922b9d87ed2e71c8da0b5da48560b5","type":"system-stats","eventData":{"processType":"browser","arch":"x64","memoryUsage":{"rss":486465536,"heapTotal":19378176,"heapUsed":15583788,"external":4176311,"arrayBuffers":0},"cpuUsage":{"user":179633615,"system":36712670}},"metadata":{"os":{"name":"linux","version":"6.19.10-arch1-1"},"appVersion":"4.2.670","arch":"x64","isWKWV":false}}]
[debug] [2026-04-05T20:34:12.632Z] Event: performance — {"arch":"x64","idleWakeupsPerSecond":1,"isWKWV":false,"percentCPUUsage":0.05583309083160882,"processType":"browser"}
[info] [2026-04-05T20:34:17.634Z] skipped sending events to legacy /metrics endpoint [{"deviceId":"5677ff8472f062013f755511263576fa5a922b9d87ed2e71c8da0b5da48560b5","type":"performance","eventData":{"arch":"x64","idleWakeupsPerSecond":1,"isWKWV":false,"percentCPUUsage":0.05583309083160882,"processType":"browser"},"metadata":{"os":{"name":"linux","version":"6.19.10-arch1-1"},"appVersion":"4.2.670","arch":"x64","isWKWV":false}}]
[info] [2026-04-05T20:39:05.836Z] [NotificationStore] newNotification: Created with id=1 accountID=instagramgo threadID=!kvFNTYOat6AKFoVfUz87:beeper.local
[info] [2026-04-05T20:39:08.744Z] [NotificationStore] closeNotification:  1
[debug] [2026-04-05T20:39:12.632Z] Event: performance — {"arch":"x64","idleWakeupsPerSecond":110,"isWKWV":false,"percentCPUUsage":1.4433293882330056,"processType":"browser"}
[info] [2026-04-05T20:39:17.633Z] skipped sending events to legacy /metrics endpoint [{"deviceId":"5677ff8472f062013f755511263576fa5a922b9d87ed2e71c8da0b5da48560b5","type":"performance","eventData":{"arch":"x64","idleWakeupsPerSecond":110,"isWKWV":false,"percentCPUUsage":1.4433293882330056,"processType":"browser"},"metadata":{"os":{"name":"linux","version":"6.19.10-arch1-1"},"appVersion":"4.2.670","arch":"x64","isWKWV":false}}]
[info] [2026-04-05T20:39:51.201Z] [NotificationStore] newNotification: Created with id=2 accountID=instagramgo threadID=!kvFNTYOat6AKFoVfUz87:beeper.local
[info] [2026-04-05T20:41:08.111Z] [NotificationStore] newNotification: Created with id=3 accountID=instagramgo threadID=!2WLowAb3ZM3FILyTNkkA:beeper.local
[info] [2026-04-05T20:41:08.293Z] [NotificationStore] newNotification: Created with id=4 accountID=instagramgo threadID=!2WLowAb3ZM3FILyTNkkA:beeper.local
[debug] [2026-04-05T20:44:12.633Z] Event: performance — {"arch":"x64","idleWakeupsPerSecond":3,"isWKWV":false,"percentCPUUsage":0.11166623935719072,"processType":"browser"}
[info] [2026-04-05T20:44:17.634Z] skipped sending events to legacy /metrics endpoint [{"deviceId":"5677ff8472f062013f755511263576fa5a922b9d87ed2e71c8da0b5da48560b5","type":"performance","eventData":{"arch":"x64","idleWakeupsPerSecond":3,"isWKWV":false,"percentCPUUsage":0.11166623935719072,"processType":"browser"},"metadata":{"os":{"name":"linux","version":"6.19.10-arch1-1"},"appVersion":"4.2.670","arch":"x64","isWKWV":false}}]
[info] [2026-04-05T20:48:46.624Z] [NotificationStore] closeNotification:  2
[info] [2026-04-05T20:48:57.581Z] [NotificationStore] closeNotification:  3,4
[debug] [2026-04-05T20:49:12.634Z] Event: performance — {"arch":"x64","idleWakeupsPerSecond":8,"isWKWV":false,"percentCPUUsage":0.1574996115009583,"processType":"browser"}
[info] [2026-04-05T20:49:17.635Z] skipped sending events to legacy /metrics endpoint [{"deviceId":"5677ff8472f062013f755511263576fa5a922b9d87ed2e71c8da0b5da48560b5","type":"performance","eventData":{"arch":"x64","idleWakeupsPerSecond":8,"isWKWV":false,"percentCPUUsage":0.1574996115009583,"processType":"browser"},"metadata":{"os":{"name":"linux","version":"6.19.10-arch1-1"},"appVersion":"4.2.670","arch":"x64","isWKWV":false}}]
[debug] [2026-04-05T20:54:12.635Z] Event: performance — {"arch":"x64","idleWakeupsPerSecond":4,"isWKWV":false,"percentCPUUsage":0.07666637073447563,"processType":"browser"}
[info] [2026-04-05T20:54:17.636Z] skipped sending events to legacy /metrics endpoint [{"deviceId":"5677ff8472f062013f755511263576fa5a922b9d87ed2e71c8da0b5da48560b5","type":"performance","eventData":{"arch":"x64","idleWakeupsPerSecond":4,"isWKWV":false,"percentCPUUsage":0.07666637073447563,"processType":"browser"},"metadata":{"os":{"name":"linux","version":"6.19.10-arch1-1"},"appVersion":"4.2.670","arch":"x64","isWKWV":false}}]
[debug] [2026-04-05T20:59:12.635Z] Event: performance — {"arch":"x64","idleWakeupsPerSecond":1,"isWKWV":false,"percentCPUUsage":0.04249995650837784,"processType":"browser"}
[info] [2026-04-05T20:59:17.636Z] skipped sending events to legacy /metrics endpoint [{"deviceId":"5677ff8472f062013f755511263576fa5a922b9d87ed2e71c8da0b5da48560b5","type":"performance","eventData":{"arch":"x64","idleWakeupsPerSecond":1,"isWKWV":false,"percentCPUUsage":0.04249995650837784,"processType":"browser"},"metadata":{"os":{"name":"linux","version":"6.19.10-arch1-1"},"appVersion":"4.2.670","arch":"x64","isWKWV":false}}]
[info] [2026-04-05T21:00:49.953Z] [NotificationStore] newNotification: Created with id=5 accountID=instagramgo threadID=!a2rOLntNtI4O3u7GpKdh:beeper.local
[debug] [2026-04-05T21:04:12.636Z] Event: performance — {"arch":"x64","idleWakeupsPerSecond":1,"isWKWV":false,"percentCPUUsage":0.04833329353892165,"processType":"browser"}
[info] [2026-04-05T21:04:17.637Z] skipped sending events to legacy /metrics endpoint [{"deviceId":"5677ff8472f062013f755511263576fa5a922b9d87ed2e71c8da0b5da48560b5","type":"performance","eventData":{"arch":"x64","idleWakeupsPerSecond":1,"isWKWV":false,"percentCPUUsage":0.04833329353892165,"processType":"browser"},"metadata":{"os":{"name":"linux","version":"6.19.10-arch1-1"},"appVersion":"4.2.670","arch":"x64","isWKWV":false}}]
[info] [2026-04-05T21:06:17.676Z] [NotificationStore] closeNotification:  5
[debug] [2026-04-05T21:09:12.636Z] Event: performance — {"arch":"x64","idleWakeupsPerSecond":4,"isWKWV":false,"percentCPUUsage":0.09166668561111503,"processType":"browser"}
[info] [2026-04-05T21:09:17.636Z] skipped sending events to legacy /metrics endpoint [{"deviceId":"5677ff8472f062013f755511263576fa5a922b9d87ed2e71c8da0b5da48560b5","type":"performance","eventData":{"arch":"x64","idleWakeupsPerSecond":4,"isWKWV":false,"percentCPUUsage":0.09166668561111503,"processType":"browser"},"metadata":{"os":{"name":"linux","version":"6.19.10-arch1-1"},"appVersion":"4.2.670","arch":"x64","isWKWV":false}}]
[info] [2026-04-05T21:09:55.884Z] [NotificationStore] newNotification: Created with id=6 accountID=instagramgo threadID=!2WLowAb3ZM3FILyTNkkA:beeper.local
[debug] [2026-04-05T21:14:12.636Z] Event: performance — {"arch":"x64","idleWakeupsPerSecond":1,"isWKWV":false,"percentCPUUsage":0.03916662018894404,"processType":"browser"}
[info] [2026-04-05T21:14:17.636Z] skipped sending events to legacy /metrics endpoint [{"deviceId":"5677ff8472f062013f755511263576fa5a922b9d87ed2e71c8da0b5da48560b5","type":"performance","eventData":{"arch":"x64","idleWakeupsPerSecond":1,"isWKWV":false,"percentCPUUsage":0.03916662018894404,"processType":"browser"},"metadata":{"os":{"name":"linux","version":"6.19.10-arch1-1"},"appVersion":"4.2.670","arch":"x64","isWKWV":false}}]
[debug] [2026-04-05T21:19:12.636Z] Event: performance — {"arch":"x64","idleWakeupsPerSecond":1,"isWKWV":false,"percentCPUUsage":0.03916662985003461,"processType":"browser"}
[info] [2026-04-05T21:19:17.637Z] skipped sending events to legacy /metrics endpoint [{"deviceId":"5677ff8472f062013f755511263576fa5a922b9d87ed2e71c8da0b5da48560b5","type":"performance","eventData":{"arch":"x64","idleWakeupsPerSecond":1,"isWKWV":false,"percentCPUUsage":0.03916662985003461,"processType":"browser"},"metadata":{"os":{"name":"linux","version":"6.19.10-arch1-1"},"appVersion":"4.2.670","arch":"x64","isWKWV":false}}]
[log] [2026-04-05T21:20:20.006Z] [Updates] [checkForUpdates] checking for updates (automatic? true)
[log] [2026-04-05T21:20:20.009Z] [electron-updater] Checking for update
[log] [2026-04-05T21:20:20.009Z] [Updates] [Event] checking-for-update
[log] [2026-04-05T21:20:20.911Z] [electron-updater] Found version 4.2.692 (url: https://beeper-desktop.download.beeper.com/builds/Beeper-4.2.692-x86_64.AppImage)
[log] [2026-04-05T21:20:20.911Z] [Updates] [Event] update-available
[log] [2026-04-05T21:20:20.911Z] [electron-updater] Downloading update from https://beeper-desktop.download.beeper.com/builds/Beeper-4.2.692-x86_64.AppImage
[debug] [2026-04-05T21:20:20.915Z] Time: Update — Download time — 0
[log] [2026-04-05T21:20:20.915Z] [Updates] [Event] update-downloaded: {"version":"4.2.692","files":[{"url":"https://beeper-desktop.download.beeper.com/builds/Beeper-4.2.692-x86_64.AppImage","size":224724457,"sha512":"NWKWX121wyRHXPlBdPVR+2iiGxxb3h48BADUPq80YKKJpqfzDJD9JfdD6PSlVVAUdtgbxzljIjo8aa6r2u5oDw=="}],"path":"https://beeper-desktop.download.beeper.com/builds/Beeper-4.2.692-x86_64.AppImage","sha512":"NWKWX121wyRHXPlBdPVR+2iiGxxb3h48BADUPq80YKKJpqfzDJD9JfdD6PSlVVAUdtgbxzljIjo8aa6r2u5oDw==","releaseDate":"2026-04-01T00:21:49+00:00","downloadedFile":"/home/beeb/.cache/beepertexts-updater/pending/Beeper-4.2.692-x86_64.AppImage"} in 0 seconds
[log] [2026-04-05T21:20:21.506Z] [AutoUpdater] fetchUpdateFeedJSON URL=https://api.beeper.com/desktop/update-feed.json?bundleID=com.automattic.beeper.desktop&version=4.2.670&platform=linux&arch=x64&channel=stable response={"version":"4.2.692","url":"https://beeper-desktop.download.beeper.com/builds/Beeper-4.2.692-x86_64.AppImage","name":"4.2.692","notes":[],"sha512":"NWKWX121wyRHXPlBdPVR+2iiGxxb3h48BADUPq80YKKJpqfzDJD9JfdD6PSlVVAUdtgbxzljIjo8aa6r2u5oDw==","download_size":"224724457","pub_date":"2026-04-01T00:21:49+00:00"}
[log] [2026-04-05T21:20:21.507Z] [Updates] [onUpdateDownloaded] update to 4.2.692 is now prompting for user relaunch
[info] [2026-04-05T21:20:25.916Z] skipped sending events to legacy /metrics endpoint [{"deviceId":"5677ff8472f062013f755511263576fa5a922b9d87ed2e71c8da0b5da48560b5","type":"timing","eventData":{"category":"Update","value":"Download time","time":"0"},"metadata":{"os":{"name":"linux","version":"6.19.10-arch1-1"},"appVersion":"4.2.670","arch":"x64","isWKWV":false}}]
[debug] [2026-04-05T21:24:12.636Z] Event: performance — {"arch":"x64","idleWakeupsPerSecond":1,"isWKWV":false,"percentCPUUsage":0.046666657022224216,"processType":"browser"}
[info] [2026-04-05T21:24:14.886Z] [PowerMonitor] System shutting down
[log] [2026-04-06T16:46:07.528Z] [AppStart] main()
[log] [2026-04-06T16:46:07.536Z] [AppStart] You're running Beeper v4.2.670 (production) on linux 6.19.11-arch1-1 x64 (server env: production)
[log] [2026-04-06T16:46:07.662Z] [AppStart] running with electron
[log] [2026-04-06T16:46:07.662Z] [AppStart] runWorker(platform_worker)
[log] [2026-04-06T16:46:07.663Z] platform_worker starting worker
[log] [2026-04-06T16:46:07.668Z] [AppStart] Waiting for PASInitComplete
[log] [2026-04-06T16:46:07.939Z] platform_worker took 276 ms to be online
[log] [2026-04-06T16:46:09.330Z] [AppStart] Received PASInitComplete, proceeding with app startup
[log] [2026-04-06T16:46:09.331Z] [AppStart] launchApp()
[log] [2026-04-06T16:46:09.331Z] [AppStart] Waiting for app to be ready
[log] [2026-04-06T16:46:09.331Z] [AppStart] onReady() app is ready
[log] [2026-04-06T16:46:09.331Z] [AppStart] Using process.resourcePath = /tmp/.mount_BeeperHdVz6G/resources
[log] [2026-04-06T16:46:09.332Z] [AppStart] createMainWindow()
[log] [2026-04-06T16:46:09.334Z] [windowStateKeeper] main initialized with saved store. Loaded window state: {"x":0,"y":0,"width":1898,"height":1026,"isMinimized":false,"isMaximized":false,"isFullScreen":false,"isVisible":true,"displayBounds":{"x":0,"y":0,"width":1920,"height":1080}}
[log] [2026-04-06T16:46:09.576Z] [AppStart] TextsSwift.addPreferredScrollerStyleChangeListener()
[log] [2026-04-06T16:46:09.577Z] [AppStart] [PowerMonitor] Registering power events
[info] [2026-04-06T16:46:09.577Z] [PowerMonitor] Idle monitoring enabled with threshold: 300s
[info] [2026-04-06T16:46:09.581Z] [PowerMonitor] Starting idle monitor with threshold: 300s, initial state: active
[log] [2026-04-06T16:46:11.565Z] shown window in 7413 ms
[log] [2026-04-06T16:46:12.572Z] [windowStateKeeper] main Saving state: {"x":0,"y":0,"width":942,"height":1026,"isMinimized":false,"isMaximized":false,"isFullScreen":false,"isVisible":true,"displayBounds":{"x":0,"y":0,"width":1920,"height":1080}}
[log] [2026-04-06T16:46:14.627Z] [windowStateKeeper] main Saving state: {"x":0,"y":0,"width":1898,"height":1026,"isMinimized":false,"isMaximized":false,"isFullScreen":false,"isVisible":true,"displayBounds":{"x":0,"y":0,"width":1920,"height":1080}}
[debug] [2026-04-06T19:07:43.523Z] Event: memory — {"hwAccel":true,"processType":"browser","uptimeMinutes":1,"privateMb":301,"sharedMb":5}
[debug] [2026-04-06T19:07:43.524Z] Event: system-stats — {"processType":"browser","arch":"x64","memoryUsage":{"rss":536367104,"heapTotal":20164608,"heapUsed":18481288,"external":4122300,"arrayBuffers":0},"cpuUsage":{"user":24120914,"system":5032643}}
[log] [2026-04-06T19:07:45.101Z] [Updates] [checkForUpdates] checking for updates (automatic? true)
[log] [2026-04-06T19:07:45.103Z] [electron-updater] Checking for update
[log] [2026-04-06T19:07:45.104Z] [Updates] [Event] checking-for-update
[log] [2026-04-06T19:07:46.285Z] [electron-updater] Found version 4.2.692 (url: https://beeper-desktop.download.beeper.com/builds/Beeper-4.2.692-x86_64.AppImage)
[log] [2026-04-06T19:07:46.285Z] [Updates] [Event] update-available
[log] [2026-04-06T19:07:46.286Z] [electron-updater] Downloading update from https://beeper-desktop.download.beeper.com/builds/Beeper-4.2.692-x86_64.AppImage
[log] [2026-04-06T19:07:46.295Z] [electron-updater] [debug] updater cache dir: /home/beeb/.cache/beepertexts-updater
[log] [2026-04-06T19:07:47.539Z] [electron-updater] Update has already been downloaded to /home/beeb/.cache/beepertexts-updater/pending/Beeper-4.2.692-x86_64.AppImage).
[debug] [2026-04-06T19:07:47.539Z] Time: Update — Download time — 1
[log] [2026-04-06T19:07:47.539Z] [Updates] [Event] update-downloaded: {"version":"4.2.692","files":[{"url":"https://beeper-desktop.download.beeper.com/builds/Beeper-4.2.692-x86_64.AppImage","size":224724457,"sha512":"NWKWX121wyRHXPlBdPVR+2iiGxxb3h48BADUPq80YKKJpqfzDJD9JfdD6PSlVVAUdtgbxzljIjo8aa6r2u5oDw=="}],"path":"https://beeper-desktop.download.beeper.com/builds/Beeper-4.2.692-x86_64.AppImage","sha512":"NWKWX121wyRHXPlBdPVR+2iiGxxb3h48BADUPq80YKKJpqfzDJD9JfdD6PSlVVAUdtgbxzljIjo8aa6r2u5oDw==","releaseDate":"2026-04-01T00:21:49+00:00","downloadedFile":"/home/beeb/.cache/beepertexts-updater/pending/Beeper-4.2.692-x86_64.AppImage"} in 1 seconds
[log] [2026-04-06T19:07:48.389Z] [AutoUpdater] fetchUpdateFeedJSON URL=https://api.beeper.com/desktop/update-feed.json?bundleID=com.automattic.beeper.desktop&version=4.2.670&platform=linux&arch=x64&channel=stable response={"version":"4.2.692","url":"https://beeper-desktop.download.beeper.com/builds/Beeper-4.2.692-x86_64.AppImage","name":"4.2.692","notes":[],"sha512":"NWKWX121wyRHXPlBdPVR+2iiGxxb3h48BADUPq80YKKJpqfzDJD9JfdD6PSlVVAUdtgbxzljIjo8aa6r2u5oDw==","download_size":"224724457","pub_date":"2026-04-01T00:21:49+00:00"}
[log] [2026-04-06T19:07:48.389Z] [Updates] [onUpdateDownloaded] update to 4.2.692 is now prompting for user relaunch
[info] [2026-04-06T19:07:48.524Z] skipped sending events to legacy /metrics endpoint [{"deviceId":"5677ff8472f062013f755511263576fa5a922b9d87ed2e71c8da0b5da48560b5","type":"memory","eventData":{"hwAccel":true,"processType":"browser","uptimeMinutes":1,"privateMb":301,"sharedMb":5},"metadata":{"os":{"name":"linux","version":"6.19.11-arch1-1"},"appVersion":"4.2.670","arch":"x64","isWKWV":false}},{"deviceId":"5677ff8472f062013f755511263576fa5a922b9d87ed2e71c8da0b5da48560b5","type":"system-stats","eventData":{"processType":"browser","arch":"x64","memoryUsage":{"rss":536367104,"heapTotal":20164608,"heapUsed":18481288,"external":4122300,"arrayBuffers":0},"cpuUsage":{"user":24120914,"system":5032643}},"metadata":{"os":{"name":"linux","version":"6.19.11-arch1-1"},"appVersion":"4.2.670","arch":"x64","isWKWV":false}},{"deviceId":"5677ff8472f062013f755511263576fa5a922b9d87ed2e71c8da0b5da48560b5","type":"timing","eventData":{"category":"Update","value":"Download time","time":"1"},"metadata":{"os":{"name":"linux","version":"6.19.11-arch1-1"},"appVersion":"4.2.670","arch":"x64","isWKWV":false}}]
[info] [2026-04-06T19:08:15.161Z] [NotificationStore] newNotification: Created with id=1 accountID=instagramgo threadID=!kvFNTYOat6AKFoVfUz87:beeper.local
[info] [2026-04-06T19:08:47.783Z] [NotificationStore] closeNotification:  1
[log] [2026-04-06T19:09:06.920Z] [windowStateKeeper] main Saving state: {"x":0,"y":0,"width":943,"height":1026,"isMinimized":false,"isMaximized":false,"isFullScreen":false,"isVisible":true,"displayBounds":{"x":0,"y":0,"width":1920,"height":1080}}
[log] [2026-04-06T19:10:03.473Z] [windowStateKeeper] main Saving state: {"x":0,"y":0,"width":1898,"height":1026,"isMinimized":false,"isMaximized":false,"isFullScreen":false,"isVisible":true,"displayBounds":{"x":0,"y":0,"width":1920,"height":1080}}
[info] [2026-04-06T19:11:59.286Z] [NotificationStore] newNotification: Created with id=2 accountID=instagramgo threadID=!2WLowAb3ZM3FILyTNkkA:beeper.local
[info] [2026-04-06T19:12:15.974Z] [NotificationStore] closeNotification:  2
[info] [2026-04-06T19:13:27.849Z] [NotificationStore] newNotification: Created with id=3 accountID=instagramgo threadID=!2WLowAb3ZM3FILyTNkkA:beeper.local
[info] [2026-04-06T19:14:08.517Z] [NotificationStore] closeNotification:  3
[info] [2026-04-06T19:14:56.582Z] [NotificationStore] newNotification: Created with id=4 accountID=instagramgo threadID=!kvFNTYOat6AKFoVfUz87:beeper.local
[info] [2026-04-06T19:15:01.517Z] [NotificationStore] closeNotification:  4
[info] [2026-04-06T19:16:06.931Z] [NotificationStore] newNotification: Created with id=5 accountID=instagramgo threadID=!kvFNTYOat6AKFoVfUz87:beeper.local
[debug] [2026-04-06T19:16:43.509Z] Event: performance — {"arch":"x64","idleWakeupsPerSecond":24,"isWKWV":false,"percentCPUUsage":0.35833321150004144,"processType":"browser"}
[info] [2026-04-06T19:16:48.510Z] skipped sending events to legacy /metrics endpoint [{"deviceId":"5677ff8472f062013f755511263576fa5a922b9d87ed2e71c8da0b5da48560b5","type":"performance","eventData":{"arch":"x64","idleWakeupsPerSecond":24,"isWKWV":false,"percentCPUUsage":0.35833321150004144,"processType":"browser"},"metadata":{"os":{"name":"linux","version":"6.19.11-arch1-1"},"appVersion":"4.2.670","arch":"x64","isWKWV":false}}]
[debug] [2026-04-06T19:17:43.545Z] Event: memory — {"hwAccel":true,"processType":"browser","uptimeMinutes":11,"privateMb":252,"sharedMb":5}
[debug] [2026-04-06T19:17:43.546Z] Event: system-stats — {"processType":"browser","arch":"x64","memoryUsage":{"rss":487366656,"heapTotal":16494592,"heapUsed":15433160,"external":4121813,"arrayBuffers":0},"cpuUsage":{"user":33224698,"system":7350112}}
[info] [2026-04-06T19:17:48.546Z] skipped sending events to legacy /metrics endpoint [{"deviceId":"5677ff8472f062013f755511263576fa5a922b9d87ed2e71c8da0b5da48560b5","type":"memory","eventData":{"hwAccel":true,"processType":"browser","uptimeMinutes":11,"privateMb":252,"sharedMb":5},"metadata":{"os":{"name":"linux","version":"6.19.11-arch1-1"},"appVersion":"4.2.670","arch":"x64","isWKWV":false}},{"deviceId":"5677ff8472f062013f755511263576fa5a922b9d87ed2e71c8da0b5da48560b5","type":"system-stats","eventData":{"processType":"browser","arch":"x64","memoryUsage":{"rss":487366656,"heapTotal":16494592,"heapUsed":15433160,"external":4121813,"arrayBuffers":0},"cpuUsage":{"user":33224698,"system":7350112}},"metadata":{"os":{"name":"linux","version":"6.19.11-arch1-1"},"appVersion":"4.2.670","arch":"x64","isWKWV":false}}]
[info] [2026-04-06T19:19:58.733Z] [NotificationStore] closeNotification:  5
[info] [2026-04-06T19:20:48.709Z] [NotificationStore] newNotification: Created with id=6 accountID=instagramgo threadID=!2WLowAb3ZM3FILyTNkkA:beeper.local
[debug] [2026-04-06T19:21:43.510Z] Event: performance — {"arch":"x64","idleWakeupsPerSecond":8,"isWKWV":false,"percentCPUUsage":0.14999943550212438,"processType":"browser"}
[info] [2026-04-06T19:21:48.512Z] skipped sending events to legacy /metrics endpoint [{"deviceId":"5677ff8472f062013f755511263576fa5a922b9d87ed2e71c8da0b5da48560b5","type":"performance","eventData":{"arch":"x64","idleWakeupsPerSecond":8,"isWKWV":false,"percentCPUUsage":0.14999943550212438,"processType":"browser"},"metadata":{"os":{"name":"linux","version":"6.19.11-arch1-1"},"appVersion":"4.2.670","arch":"x64","isWKWV":false}}]
[info] [2026-04-06T19:21:53.726Z] [NotificationStore] newNotification: Created with id=7 accountID=instagramgo threadID=!kvFNTYOat6AKFoVfUz87:beeper.local
[info] [2026-04-06T19:24:00.088Z] [NotificationStore] closeNotification:  7
[info] [2026-04-06T19:25:14.486Z] [NotificationStore] newNotification: Created with id=8 accountID=instagramgo threadID=!kvFNTYOat6AKFoVfUz87:beeper.local
[debug] [2026-04-06T19:26:43.511Z] Event: performance — {"arch":"x64","idleWakeupsPerSecond":10,"isWKWV":false,"percentCPUUsage":0.17249956127611582,"processType":"browser"}
[info] [2026-04-06T19:26:48.512Z] skipped sending events to legacy /metrics endpoint [{"deviceId":"5677ff8472f062013f755511263576fa5a922b9d87ed2e71c8da0b5da48560b5","type":"performance","eventData":{"arch":"x64","idleWakeupsPerSecond":10,"isWKWV":false,"percentCPUUsage":0.17249956127611582,"processType":"browser"},"metadata":{"os":{"name":"linux","version":"6.19.11-arch1-1"},"appVersion":"4.2.670","arch":"x64","isWKWV":false}}]
[debug] [2026-04-06T19:31:43.511Z] Event: performance — {"arch":"x64","idleWakeupsPerSecond":1,"isWKWV":false,"percentCPUUsage":0.0766666400888981,"processType":"browser"}
[info] [2026-04-06T19:31:48.512Z] skipped sending events to legacy /metrics endpoint [{"deviceId":"5677ff8472f062013f755511263576fa5a922b9d87ed2e71c8da0b5da48560b5","type":"performance","eventData":{"arch":"x64","idleWakeupsPerSecond":1,"isWKWV":false,"percentCPUUsage":0.0766666400888981,"processType":"browser"},"metadata":{"os":{"name":"linux","version":"6.19.11-arch1-1"},"appVersion":"4.2.670","arch":"x64","isWKWV":false}}]
[debug] [2026-04-06T19:36:43.512Z] Event: performance — {"arch":"x64","idleWakeupsPerSecond":1,"isWKWV":false,"percentCPUUsage":0.03833324031133684,"processType":"browser"}
[info] [2026-04-06T19:36:48.513Z] skipped sending events to legacy /metrics endpoint [{"deviceId":"5677ff8472f062013f755511263576fa5a922b9d87ed2e71c8da0b5da48560b5","type":"performance","eventData":{"arch":"x64","idleWakeupsPerSecond":1,"isWKWV":false,"percentCPUUsage":0.03833324031133684,"processType":"browser"},"metadata":{"os":{"name":"linux","version":"6.19.11-arch1-1"},"appVersion":"4.2.670","arch":"x64","isWKWV":false}}]
[info] [2026-04-06T19:38:12.876Z] [NotificationStore] closeNotification:  8
[info] [2026-04-06T19:41:02.558Z] [NotificationStore] newNotification: Created with id=9 accountID=instagramgo threadID=!kvFNTYOat6AKFoVfUz87:beeper.local
[info] [2026-04-06T19:41:13.609Z] [NotificationStore] newNotification: Created with id=10 accountID=instagramgo threadID=!kvFNTYOat6AKFoVfUz87:beeper.local
[debug] [2026-04-06T19:41:43.513Z] Event: performance — {"arch":"x64","idleWakeupsPerSecond":56,"isWKWV":false,"percentCPUUsage":0.7624973998838664,"processType":"browser"}
[info] [2026-04-06T19:41:48.513Z] skipped sending events to legacy /metrics endpoint [{"deviceId":"5677ff8472f062013f755511263576fa5a922b9d87ed2e71c8da0b5da48560b5","type":"performance","eventData":{"arch":"x64","idleWakeupsPerSecond":56,"isWKWV":false,"percentCPUUsage":0.7624973998838664,"processType":"browser"},"metadata":{"os":{"name":"linux","version":"6.19.11-arch1-1"},"appVersion":"4.2.670","arch":"x64","isWKWV":false}}]
[info] [2026-04-06T19:42:02.340Z] [NotificationStore] newNotification: Created with id=11 accountID=instagramgo threadID=!kvFNTYOat6AKFoVfUz87:beeper.local
[info] [2026-04-06T19:43:44.497Z] [NotificationStore] newNotification: Created with id=12 accountID=instagramgo threadID=!a2rOLntNtI4O3u7GpKdh:beeper.local
[info] [2026-04-06T19:45:05.073Z] [NotificationStore] closeNotification:  9,10,11
[info] [2026-04-06T19:46:06.689Z] [NotificationStore] newNotification: Created with id=13 accountID=instagramgo threadID=!kvFNTYOat6AKFoVfUz87:beeper.local
[info] [2026-04-06T19:46:23.867Z] [NotificationStore] newNotification: Created with id=14 accountID=instagramgo threadID=!kvFNTYOat6AKFoVfUz87:beeper.local
[debug] [2026-04-06T19:46:43.513Z] Event: performance — {"arch":"x64","idleWakeupsPerSecond":8,"isWKWV":false,"percentCPUUsage":0.1733335315113377,"processType":"browser"}
[info] [2026-04-06T19:46:48.514Z] skipped sending events to legacy /metrics endpoint [{"deviceId":"5677ff8472f062013f755511263576fa5a922b9d87ed2e71c8da0b5da48560b5","type":"performance","eventData":{"arch":"x64","idleWakeupsPerSecond":8,"isWKWV":false,"percentCPUUsage":0.1733335315113377,"processType":"browser"},"metadata":{"os":{"name":"linux","version":"6.19.11-arch1-1"},"appVersion":"4.2.670","arch":"x64","isWKWV":false}}]
[info] [2026-04-06T19:48:14.038Z] [NotificationStore] newNotification: Created with id=15 accountID=instagramgo threadID=!kvFNTYOat6AKFoVfUz87:beeper.local
[info] [2026-04-06T19:48:34.090Z] [NotificationStore] newNotification: Created with id=16 accountID=instagramgo threadID=!kvFNTYOat6AKFoVfUz87:beeper.local
[info] [2026-04-06T19:48:52.961Z] [NotificationStore] closeNotification:  13,14,15
[info] [2026-04-06T19:48:53.244Z] [NotificationStore] closeNotification:  16
[info] [2026-04-06T19:49:39.737Z] [NotificationStore] newNotification: Created with id=17 accountID=instagramgo threadID=!kvFNTYOat6AKFoVfUz87:beeper.local
[info] [2026-04-06T19:49:42.823Z] [NotificationStore] closeNotification:  17
[info] [2026-04-06T19:50:24.884Z] [NotificationStore] newNotification: Created with id=18 accountID=instagramgo threadID=!kvFNTYOat6AKFoVfUz87:beeper.local
[info] [2026-04-06T19:51:09.477Z] [NotificationStore] closeNotification:  18
[info] [2026-04-06T19:51:32.034Z] [NotificationStore] closeNotification:  12
[debug] [2026-04-06T19:51:43.512Z] Event: performance — {"arch":"x64","idleWakeupsPerSecond":33,"isWKWV":false,"percentCPUUsage":0.5266670090002226,"processType":"browser"}
[info] [2026-04-06T19:51:48.514Z] skipped sending events to legacy /metrics endpoint [{"deviceId":"5677ff8472f062013f755511263576fa5a922b9d87ed2e71c8da0b5da48560b5","type":"performance","eventData":{"arch":"x64","idleWakeupsPerSecond":33,"isWKWV":false,"percentCPUUsage":0.5266670090002226,"processType":"browser"},"metadata":{"os":{"name":"linux","version":"6.19.11-arch1-1"},"appVersion":"4.2.670","arch":"x64","isWKWV":false}}]
[info] [2026-04-06T19:53:53.801Z] [NotificationStore] newNotification: Created with id=19 accountID=instagramgo threadID=!kvFNTYOat6AKFoVfUz87:beeper.local
[info] [2026-04-06T19:54:47.281Z] [NotificationStore] newNotification: Created with id=20 accountID=instagramgo threadID=!kvFNTYOat6AKFoVfUz87:beeper.local
[debug] [2026-04-06T19:56:43.514Z] Event: performance — {"arch":"x64","idleWakeupsPerSecond":37,"isWKWV":false,"percentCPUUsage":0.4416648072578281,"processType":"browser"}
[info] [2026-04-06T19:56:48.515Z] skipped sending events to legacy /metrics endpoint [{"deviceId":"5677ff8472f062013f755511263576fa5a922b9d87ed2e71c8da0b5da48560b5","type":"performance","eventData":{"arch":"x64","idleWakeupsPerSecond":37,"isWKWV":false,"percentCPUUsage":0.4416648072578281,"processType":"browser"},"metadata":{"os":{"name":"linux","version":"6.19.11-arch1-1"},"appVersion":"4.2.670","arch":"x64","isWKWV":false}}]
[info] [2026-04-06T20:01:39.866Z] [NotificationStore] closeNotification:  19,20
[debug] [2026-04-06T20:01:43.514Z] Event: performance — {"arch":"x64","idleWakeupsPerSecond":3,"isWKWV":false,"percentCPUUsage":0.06499994431671437,"processType":"browser"}
[info] [2026-04-06T20:01:48.514Z] skipped sending events to legacy /metrics endpoint [{"deviceId":"5677ff8472f062013f755511263576fa5a922b9d87ed2e71c8da0b5da48560b5","type":"performance","eventData":{"arch":"x64","idleWakeupsPerSecond":3,"isWKWV":false,"percentCPUUsage":0.06499994431671437,"processType":"browser"},"metadata":{"os":{"name":"linux","version":"6.19.11-arch1-1"},"appVersion":"4.2.670","arch":"x64","isWKWV":false}}]
[info] [2026-04-06T20:02:27.878Z] [NotificationStore] newNotification: Created with id=21 accountID=instagramgo threadID=!kvFNTYOat6AKFoVfUz87:beeper.local
[info] [2026-04-06T20:02:49.488Z] [NotificationStore] newNotification: Created with id=22 accountID=instagramgo threadID=!kvFNTYOat6AKFoVfUz87:beeper.local
[info] [2026-04-06T20:02:56.887Z] [NotificationStore] closeNotification:  21,22
[info] [2026-04-06T20:03:42.729Z] [NotificationStore] newNotification: Created with id=23 accountID=instagramgo threadID=!kvFNTYOat6AKFoVfUz87:beeper.local
[info] [2026-04-06T20:04:50.584Z] [NotificationStore] closeNotification:  23
[info] [2026-04-06T20:05:57.714Z] [NotificationStore] newNotification: Created with id=24 accountID=instagramgo threadID=!kvFNTYOat6AKFoVfUz87:beeper.local
[debug] [2026-04-06T20:06:43.514Z] Event: performance — {"arch":"x64","idleWakeupsPerSecond":18,"isWKWV":false,"percentCPUUsage":0.28416654352783116,"processType":"browser"}
[info] [2026-04-06T20:06:48.514Z] skipped sending events to legacy /metrics endpoint [{"deviceId":"5677ff8472f062013f755511263576fa5a922b9d87ed2e71c8da0b5da48560b5","type":"performance","eventData":{"arch":"x64","idleWakeupsPerSecond":18,"isWKWV":false,"percentCPUUsage":0.28416654352783116,"processType":"browser"},"metadata":{"os":{"name":"linux","version":"6.19.11-arch1-1"},"appVersion":"4.2.670","arch":"x64","isWKWV":false}}]
[log] [2026-04-06T20:07:46.288Z] [Updates] [checkForUpdates] checking for updates (automatic? true)
[log] [2026-04-06T20:07:46.292Z] [electron-updater] Checking for update
[log] [2026-04-06T20:07:46.292Z] [Updates] [Event] checking-for-update
[log] [2026-04-06T20:07:48.500Z] [electron-updater] Found version 4.2.692 (url: https://beeper-desktop.download.beeper.com/builds/Beeper-4.2.692-x86_64.AppImage)
[log] [2026-04-06T20:07:48.500Z] [Updates] [Event] update-available
[log] [2026-04-06T20:07:48.500Z] [electron-updater] Downloading update from https://beeper-desktop.download.beeper.com/builds/Beeper-4.2.692-x86_64.AppImage
[debug] [2026-04-06T20:07:48.505Z] Time: Update — Download time — 0
[log] [2026-04-06T20:07:48.505Z] [Updates] [Event] update-downloaded: {"version":"4.2.692","files":[{"url":"https://beeper-desktop.download.beeper.com/builds/Beeper-4.2.692-x86_64.AppImage","size":224724457,"sha512":"NWKWX121wyRHXPlBdPVR+2iiGxxb3h48BADUPq80YKKJpqfzDJD9JfdD6PSlVVAUdtgbxzljIjo8aa6r2u5oDw=="}],"path":"https://beeper-desktop.download.beeper.com/builds/Beeper-4.2.692-x86_64.AppImage","sha512":"NWKWX121wyRHXPlBdPVR+2iiGxxb3h48BADUPq80YKKJpqfzDJD9JfdD6PSlVVAUdtgbxzljIjo8aa6r2u5oDw==","releaseDate":"2026-04-01T00:21:49+00:00","downloadedFile":"/home/beeb/.cache/beepertexts-updater/pending/Beeper-4.2.692-x86_64.AppImage"} in 0 seconds
[log] [2026-04-06T20:07:49.216Z] [AutoUpdater] fetchUpdateFeedJSON URL=https://api.beeper.com/desktop/update-feed.json?bundleID=com.automattic.beeper.desktop&version=4.2.670&platform=linux&arch=x64&channel=stable response={"version":"4.2.692","url":"https://beeper-desktop.download.beeper.com/builds/Beeper-4.2.692-x86_64.AppImage","name":"4.2.692","notes":[],"sha512":"NWKWX121wyRHXPlBdPVR+2iiGxxb3h48BADUPq80YKKJpqfzDJD9JfdD6PSlVVAUdtgbxzljIjo8aa6r2u5oDw==","download_size":"224724457","pub_date":"2026-04-01T00:21:49+00:00"}
[log] [2026-04-06T20:07:49.216Z] [Updates] [onUpdateDownloaded] update to 4.2.692 is now prompting for user relaunch
[info] [2026-04-06T20:07:53.506Z] skipped sending events to legacy /metrics endpoint [{"deviceId":"5677ff8472f062013f755511263576fa5a922b9d87ed2e71c8da0b5da48560b5","type":"timing","eventData":{"category":"Update","value":"Download time","time":"0"},"metadata":{"os":{"name":"linux","version":"6.19.11-arch1-1"},"appVersion":"4.2.670","arch":"x64","isWKWV":false}}]
[debug] [2026-04-06T20:11:43.514Z] Event: performance — {"arch":"x64","idleWakeupsPerSecond":1,"isWKWV":false,"percentCPUUsage":0.04500001920000819,"processType":"browser"}
[info] [2026-04-06T20:11:48.514Z] skipped sending events to legacy /metrics endpoint [{"deviceId":"5677ff8472f062013f755511263576fa5a922b9d87ed2e71c8da0b5da48560b5","type":"performance","eventData":{"arch":"x64","idleWakeupsPerSecond":1,"isWKWV":false,"percentCPUUsage":0.04500001920000819,"processType":"browser"},"metadata":{"os":{"name":"linux","version":"6.19.11-arch1-1"},"appVersion":"4.2.670","arch":"x64","isWKWV":false}}]
[info] [2026-04-06T20:13:09.238Z] [NotificationStore] closeNotification:  24
[info] [2026-04-06T20:14:31.391Z] [NotificationStore] newNotification: Created with id=25 accountID=instagramgo threadID=!kvFNTYOat6AKFoVfUz87:beeper.local
[info] [2026-04-06T20:14:47.164Z] [NotificationStore] newNotification: Created with id=26 accountID=instagramgo threadID=!kvFNTYOat6AKFoVfUz87:beeper.local
[info] [2026-04-06T20:14:57.128Z] [NotificationStore] closeNotification:  25,26
[info] [2026-04-06T20:15:53.505Z] [NotificationStore] newNotification: Created with id=27 accountID=instagramgo threadID=!kvFNTYOat6AKFoVfUz87:beeper.local
[info] [2026-04-06T20:16:14.620Z] [NotificationStore] closeNotification:  27
[debug] [2026-04-06T20:16:43.514Z] Event: performance — {"arch":"x64","idleWakeupsPerSecond":39,"isWKWV":false,"percentCPUUsage":0.4783337590503789,"processType":"browser"}
[info] [2026-04-06T20:16:48.515Z] skipped sending events to legacy /metrics endpoint [{"deviceId":"5677ff8472f062013f755511263576fa5a922b9d87ed2e71c8da0b5da48560b5","type":"performance","eventData":{"arch":"x64","idleWakeupsPerSecond":39,"isWKWV":false,"percentCPUUsage":0.4783337590503789,"processType":"browser"},"metadata":{"os":{"name":"linux","version":"6.19.11-arch1-1"},"appVersion":"4.2.670","arch":"x64","isWKWV":false}}]
[info] [2026-04-06T20:17:03.455Z] [NotificationStore] newNotification: Created with id=28 accountID=instagramgo threadID=!kvFNTYOat6AKFoVfUz87:beeper.local
[debug] [2026-04-06T20:17:43.557Z] Event: memory — {"hwAccel":true,"processType":"browser","uptimeMinutes":71,"privateMb":263,"sharedMb":5}
[debug] [2026-04-06T20:17:43.558Z] Event: system-stats — {"processType":"browser","arch":"x64","memoryUsage":{"rss":498987008,"heapTotal":19116032,"heapUsed":18325388,"external":4255011,"arrayBuffers":0},"cpuUsage":{"user":63338001,"system":15992364}}
[info] [2026-04-06T20:17:48.558Z] skipped sending events to legacy /metrics endpoint [{"deviceId":"5677ff8472f062013f755511263576fa5a922b9d87ed2e71c8da0b5da48560b5","type":"memory","eventData":{"hwAccel":true,"processType":"browser","uptimeMinutes":71,"privateMb":263,"sharedMb":5},"metadata":{"os":{"name":"linux","version":"6.19.11-arch1-1"},"appVersion":"4.2.670","arch":"x64","isWKWV":false}},{"deviceId":"5677ff8472f062013f755511263576fa5a922b9d87ed2e71c8da0b5da48560b5","type":"system-stats","eventData":{"processType":"browser","arch":"x64","memoryUsage":{"rss":498987008,"heapTotal":19116032,"heapUsed":18325388,"external":4255011,"arrayBuffers":0},"cpuUsage":{"user":63338001,"system":15992364}},"metadata":{"os":{"name":"linux","version":"6.19.11-arch1-1"},"appVersion":"4.2.670","arch":"x64","isWKWV":false}}]
[info] [2026-04-06T20:18:04.374Z] [NotificationStore] newNotification: Created with id=29 accountID=instagramgo threadID=!kvFNTYOat6AKFoVfUz87:beeper.local
[info] [2026-04-06T20:18:49.434Z] [NotificationStore] closeNotification:  28
[info] [2026-04-06T20:18:49.846Z] [NotificationStore] closeNotification:  29
[info] [2026-04-06T20:19:17.283Z] [NotificationStore] newNotification: Created with id=30 accountID=instagramgo threadID=!kvFNTYOat6AKFoVfUz87:beeper.local
[info] [2026-04-06T20:19:33.345Z] [NotificationStore] newNotification: Created with id=31 accountID=instagramgo threadID=!kvFNTYOat6AKFoVfUz87:beeper.local
[debug] [2026-04-06T20:21:43.514Z] Event: performance — {"arch":"x64","idleWakeupsPerSecond":9,"isWKWV":false,"percentCPUUsage":0.16083329151667755,"processType":"browser"}
[info] [2026-04-06T20:21:48.515Z] skipped sending events to legacy /metrics endpoint [{"deviceId":"5677ff8472f062013f755511263576fa5a922b9d87ed2e71c8da0b5da48560b5","type":"performance","eventData":{"arch":"x64","idleWakeupsPerSecond":9,"isWKWV":false,"percentCPUUsage":0.16083329151667755,"processType":"browser"},"metadata":{"os":{"name":"linux","version":"6.19.11-arch1-1"},"appVersion":"4.2.670","arch":"x64","isWKWV":false}}]
[info] [2026-04-06T20:25:02.022Z] [NotificationStore] closeNotification:  30,31
[info] [2026-04-06T20:25:52.061Z] [NotificationStore] newNotification: Created with id=32 accountID=instagramgo threadID=!kvFNTYOat6AKFoVfUz87:beeper.local
[debug] [2026-04-06T20:26:43.514Z] Event: performance — {"arch":"x64","idleWakeupsPerSecond":3,"isWKWV":false,"percentCPUUsage":0.0716666265333558,"processType":"browser"}
[info] [2026-04-06T20:26:48.515Z] skipped sending events to legacy /metrics endpoint [{"deviceId":"5677ff8472f062013f755511263576fa5a922b9d87ed2e71c8da0b5da48560b5","type":"performance","eventData":{"arch":"x64","idleWakeupsPerSecond":3,"isWKWV":false,"percentCPUUsage":0.0716666265333558,"processType":"browser"},"metadata":{"os":{"name":"linux","version":"6.19.11-arch1-1"},"appVersion":"4.2.670","arch":"x64","isWKWV":false}}]
[debug] [2026-04-06T20:31:43.514Z] Event: performance — {"arch":"x64","idleWakeupsPerSecond":1,"isWKWV":false,"percentCPUUsage":0.05249994330006123,"processType":"browser"}
[info] [2026-04-06T20:31:48.515Z] skipped sending events to legacy /metrics endpoint [{"deviceId":"5677ff8472f062013f755511263576fa5a922b9d87ed2e71c8da0b5da48560b5","type":"performance","eventData":{"arch":"x64","idleWakeupsPerSecond":1,"isWKWV":false,"percentCPUUsage":0.05249994330006123,"processType":"browser"},"metadata":{"os":{"name":"linux","version":"6.19.11-arch1-1"},"appVersion":"4.2.670","arch":"x64","isWKWV":false}}]
[info] [2026-04-06T20:34:45.865Z] [NotificationStore] closeNotification:  32
[info] [2026-04-06T20:35:52.951Z] [NotificationStore] newNotification: Created with id=33 accountID=instagramgo threadID=!kvFNTYOat6AKFoVfUz87:beeper.local
[debug] [2026-04-06T20:36:43.515Z] Event: performance — {"arch":"x64","idleWakeupsPerSecond":4,"isWKWV":false,"percentCPUUsage":0.12416648290027198,"processType":"browser"}
[info] [2026-04-06T20:36:48.515Z] skipped sending events to legacy /metrics endpoint [{"deviceId":"5677ff8472f062013f755511263576fa5a922b9d87ed2e71c8da0b5da48560b5","type":"performance","eventData":{"arch":"x64","idleWakeupsPerSecond":4,"isWKWV":false,"percentCPUUsage":0.12416648290027198,"processType":"browser"},"metadata":{"os":{"name":"linux","version":"6.19.11-arch1-1"},"appVersion":"4.2.670","arch":"x64","isWKWV":false}}]
[info] [2026-04-06T20:37:34.993Z] [NotificationStore] closeNotification:  33
[info] [2026-04-06T20:38:24.613Z] [NotificationStore] newNotification: Created with id=34 accountID=instagramgo threadID=!kvFNTYOat6AKFoVfUz87:beeper.local
[info] [2026-04-06T20:38:34.630Z] [NotificationStore] newNotification: Created with id=35 accountID=instagramgo threadID=!kvFNTYOat6AKFoVfUz87:beeper.local
[info] [2026-04-06T20:38:42.415Z] [NotificationStore] newNotification: Created with id=36 accountID=instagramgo threadID=!kvFNTYOat6AKFoVfUz87:beeper.local
[info] [2026-04-06T20:39:20.287Z] [NotificationStore] closeNotification:  34,35,36
[info] [2026-04-06T20:40:01.944Z] [NotificationStore] newNotification: Created with id=37 accountID=instagramgo threadID=!kvFNTYOat6AKFoVfUz87:beeper.local
[info] [2026-04-06T20:40:30.242Z] [NotificationStore] newNotification: Created with id=38 accountID=instagramgo threadID=!kvFNTYOat6AKFoVfUz87:beeper.local
[debug] [2026-04-06T20:41:43.515Z] Event: performance — {"arch":"x64","idleWakeupsPerSecond":8,"isWKWV":false,"percentCPUUsage":0.16166663541111714,"processType":"browser"}
[info] [2026-04-06T20:41:48.516Z] skipped sending events to legacy /metrics endpoint [{"deviceId":"5677ff8472f062013f755511263576fa5a922b9d87ed2e71c8da0b5da48560b5","type":"performance","eventData":{"arch":"x64","idleWakeupsPerSecond":8,"isWKWV":false,"percentCPUUsage":0.16166663541111714,"processType":"browser"},"metadata":{"os":{"name":"linux","version":"6.19.11-arch1-1"},"appVersion":"4.2.670","arch":"x64","isWKWV":false}}]
[debug] [2026-04-06T20:46:43.515Z] Event: performance — {"arch":"x64","idleWakeupsPerSecond":1,"isWKWV":false,"percentCPUUsage":0.029166610666774187,"processType":"browser"}
[info] [2026-04-06T20:46:48.517Z] skipped sending events to legacy /metrics endpoint [{"deviceId":"5677ff8472f062013f755511263576fa5a922b9d87ed2e71c8da0b5da48560b5","type":"performance","eventData":{"arch":"x64","idleWakeupsPerSecond":1,"isWKWV":false,"percentCPUUsage":0.029166610666774187,"processType":"browser"},"metadata":{"os":{"name":"linux","version":"6.19.11-arch1-1"},"appVersion":"4.2.670","arch":"x64","isWKWV":false}}]
[info] [2026-04-06T20:48:10.774Z] [NotificationStore] closeNotification:  37,38
[debug] [2026-04-06T20:51:43.516Z] Event: performance — {"arch":"x64","idleWakeupsPerSecond":11,"isWKWV":false,"percentCPUUsage":0.1883331048224995,"processType":"browser"}
[info] [2026-04-06T20:51:48.517Z] skipped sending events to legacy /metrics endpoint [{"deviceId":"5677ff8472f062013f755511263576fa5a922b9d87ed2e71c8da0b5da48560b5","type":"performance","eventData":{"arch":"x64","idleWakeupsPerSecond":11,"isWKWV":false,"percentCPUUsage":0.1883331048224995,"processType":"browser"},"metadata":{"os":{"name":"linux","version":"6.19.11-arch1-1"},"appVersion":"4.2.670","arch":"x64","isWKWV":false}}]
[info] [2026-04-06T20:54:08.185Z] [NotificationStore] newNotification: Created with id=39 accountID=instagramgo threadID=!kvFNTYOat6AKFoVfUz87:beeper.local
[info] [2026-04-06T20:55:14.298Z] [NotificationStore] newNotification: Created with id=40 accountID=instagramgo threadID=!kvFNTYOat6AKFoVfUz87:beeper.local
[info] [2026-04-06T20:55:39.921Z] [NotificationStore] closeNotification:  39,40
[info] [2026-04-06T20:56:03.532Z] [NotificationStore] newNotification: Created with id=41 accountID=instagramgo threadID=!kvFNTYOat6AKFoVfUz87:beeper.local
[info] [2026-04-06T20:56:23.966Z] [NotificationStore] newNotification: Created with id=42 accountID=instagramgo threadID=!kvFNTYOat6AKFoVfUz87:beeper.local
[debug] [2026-04-06T20:56:43.516Z] Event: performance — {"arch":"x64","idleWakeupsPerSecond":5,"isWKWV":false,"percentCPUUsage":0.10916647271423348,"processType":"browser"}
[info] [2026-04-06T20:56:48.517Z] skipped sending events to legacy /metrics endpoint [{"deviceId":"5677ff8472f062013f755511263576fa5a922b9d87ed2e71c8da0b5da48560b5","type":"performance","eventData":{"arch":"x64","idleWakeupsPerSecond":5,"isWKWV":false,"percentCPUUsage":0.10916647271423348,"processType":"browser"},"metadata":{"os":{"name":"linux","version":"6.19.11-arch1-1"},"appVersion":"4.2.670","arch":"x64","isWKWV":false}}]
[info] [2026-04-06T20:57:12.243Z] [NotificationStore] closeNotification:  41,42
[info] [2026-04-06T20:57:40.595Z] [NotificationStore] newNotification: Created with id=43 accountID=instagramgo threadID=!kvFNTYOat6AKFoVfUz87:beeper.local
[info] [2026-04-06T20:57:43.897Z] [NotificationStore] closeNotification:  43
[info] [2026-04-06T20:58:35.997Z] [NotificationStore] newNotification: Created with id=44 accountID=instagramgo threadID=!kvFNTYOat6AKFoVfUz87:beeper.local
[info] [2026-04-06T21:00:11.141Z] [NotificationStore] newNotification: Created with id=45 accountID=instagramgo threadID=!kvFNTYOat6AKFoVfUz87:beeper.local
[log] [2026-04-06T21:00:58.132Z] [windowStateKeeper] main Saving state: {"x":0,"y":0,"width":1898,"height":1058,"isMinimized":false,"isMaximized":false,"isFullScreen":false,"isVisible":true,"displayBounds":{"x":0,"y":0,"width":1920,"height":1080}}
[log] [2026-04-06T21:01:14.913Z] [windowStateKeeper] main Saving state: {"x":0,"y":0,"width":1898,"height":1026,"isMinimized":false,"isMaximized":false,"isFullScreen":false,"isVisible":true,"displayBounds":{"x":0,"y":0,"width":1920,"height":1080}}
[log] [2026-04-06T21:01:19.819Z] [windowStateKeeper] main Saving state: {"x":0,"y":0,"width":1898,"height":1026,"isMinimized":false,"isMaximized":false,"isFullScreen":false,"isVisible":true,"displayBounds":{"x":0,"y":0,"width":1920,"height":1080}}
[info] [2026-04-06T21:01:22.607Z] [NotificationStore] closeNotification:  44,45
[log] [2026-04-06T21:01:33.692Z] [App] before-quit fired
[info] [2026-04-06T21:01:33.704Z] [NotificationStore] closeAllNotifications
[log] [2026-04-06T21:01:33.774Z] [App] before-quit cleanup complete, calling app.exit()
[log] [2026-04-06T21:01:33.775Z] [exit handler] disposing worker platform_worker
[warn] [2026-04-06T21:01:33.775Z] Worker already disposed
[log] [2026-04-06T21:01:33.776Z] [electron-updater] Auto install update on quit
[log] [2026-04-06T21:01:33.776Z] [electron-updater] Install: isSilent: true, isForceRunAfter: false
[log] [2026-04-08T19:34:14.877Z] [AppStart] main()
[log] [2026-04-08T19:34:14.884Z] [AppStart] You're running Beeper v4.2.692 (production) on linux 6.19.11-arch1-1 x64 (server env: production)
[log] [2026-04-08T19:34:15.011Z] [AppStart] running with electron
[log] [2026-04-08T19:34:15.012Z] [AppStart] runWorker(platform_worker)
[log] [2026-04-08T19:34:15.012Z] platform_worker starting worker
[log] [2026-04-08T19:34:15.021Z] [AppStart] Waiting for PASInitComplete
[log] [2026-04-08T19:34:15.220Z] platform_worker took 208 ms to be online
[log] [2026-04-08T19:34:16.577Z] [AppStart] Received PASInitComplete, proceeding with app startup
[log] [2026-04-08T19:34:16.578Z] [AppStart] launchApp()
[log] [2026-04-08T19:34:16.578Z] [AppStart] Waiting for app to be ready
[log] [2026-04-08T19:34:16.579Z] [AppStart] onReady() app is ready
[log] [2026-04-08T19:34:16.579Z] [AppStart] Using process.resourcePath = /tmp/.mount_BeepercAYec0/resources
[log] [2026-04-08T19:34:16.775Z] [AppStart] createMainWindow()
[log] [2026-04-08T19:34:16.777Z] [windowStateKeeper] main initialized with saved store. Loaded window state: {"x":0,"y":0,"width":1898,"height":1026,"isMinimized":false,"isMaximized":false,"isFullScreen":false,"isVisible":true,"displayBounds":{"x":0,"y":0,"width":1920,"height":1080}}
[log] [2026-04-08T19:34:16.990Z] [AppStart] TextsSwift.addPreferredScrollerStyleChangeListener()
[log] [2026-04-08T19:34:16.990Z] [AppStart] [PowerMonitor] Registering power events
[info] [2026-04-08T19:34:16.991Z] [PowerMonitor] Idle monitoring enabled with threshold: 300s
[info] [2026-04-08T19:34:16.996Z] [PowerMonitor] Starting idle monitor with threshold: 300s, initial state: active
[log] [2026-04-08T19:34:19.080Z] shown window in 5862 ms
[log] [2026-04-08T19:34:20.093Z] [windowStateKeeper] main Saving state: {"x":0,"y":0,"width":942,"height":1026,"isMinimized":false,"isMaximized":false,"isFullScreen":false,"isVisible":true,"displayBounds":{"x":0,"y":0,"width":1920,"height":1080}}
[log] [2026-04-08T19:34:23.129Z] [windowStateKeeper] main Saving state: {"x":0,"y":0,"width":1898,"height":1026,"isMinimized":false,"isMaximized":false,"isFullScreen":false,"isVisible":true,"displayBounds":{"x":0,"y":0,"width":1920,"height":1080}}
[log] [2026-04-08T19:35:18.568Z] [Updates] [checkForUpdates] checking for updates (automatic? true)
[log] [2026-04-08T19:35:18.571Z] [electron-updater] Checking for update
[log] [2026-04-08T19:35:18.571Z] [Updates] [Event] checking-for-update
[log] [2026-04-08T19:35:24.242Z] [electron-updater] Found version 4.2.715 (url: https://beeper-desktop.download.beeper.com/builds/Beeper-4.2.715-x86_64.AppImage)
[log] [2026-04-08T19:35:24.243Z] [Updates] [Event] update-available
[log] [2026-04-08T19:35:24.243Z] [electron-updater] Downloading update from https://beeper-desktop.download.beeper.com/builds/Beeper-4.2.715-x86_64.AppImage
[log] [2026-04-08T19:35:24.250Z] [electron-updater] [debug] updater cache dir: /home/beeb/.cache/beepertexts-updater
[log] [2026-04-08T19:35:24.256Z] [electron-updater] Cached update sha512 checksum doesn't match the latest available update. New update must be downloaded. Cached: NWKWX121wyRHXPlBdPVR+2iiGxxb3h48BADUPq80YKKJpqfzDJD9JfdD6PSlVVAUdtgbxzljIjo8aa6r2u5oDw==, expected: u8fkT8LYyqTwDmEfcT4UwbJTIkUfNETnuoOAXMM27yE4cfTudho6VJp6QoOZtzxdNM5LWdBmRcRcZcvQTpcihA==. Directory for cached update will be cleaned
[error] [2026-04-08T19:35:24.260Z] [electron-updater] Cannot download differentially, fallback to full download: RangeError [ERR_OUT_OF_RANGE]: The value of "size" is out of range. It must be >= 0 && <= 34359738367. Received NaN
    at Buffer.allocUnsafe (node:buffer:408:3)
    at jT.readRemoteBytes (file:///tmp/.mount_BeepercAYec0/resources/app/build/main/main-entry-VVJeDz30.mjs:148:11017)
    at jT.download (file:///tmp/.mount_BeepercAYec0/resources/app/build/main/main-entry-VVJeDz30.mjs:148:28075)
    at YT.downloadDifferential (file:///tmp/.mount_BeepercAYec0/resources/app/build/main/main-entry-VVJeDz30.mjs:148:30099)
    at Object.task (file:///tmp/.mount_BeepercAYec0/resources/app/build/main/main-entry-VVJeDz30.mjs:148:29573)
    at YT.executeDownload (file:///tmp/.mount_BeepercAYec0/resources/app/build/main/main-entry-VVJeDz30.mjs:148:23254)
[log] [2026-04-08T19:35:26.061Z] [Updates] [Event] download-progress {"total":224728828,"delta":1408988,"transferred":1408988,"percent":0.6269725217451853,"bytesPerSecond":1403375}
[log] [2026-04-08T19:35:27.073Z] [Updates] [Event] download-progress {"total":224728828,"delta":802798,"transferred":2211786,"percent":0.9842021692027868,"bytesPerSecond":1096572}
[log] [2026-04-08T19:35:28.390Z] [Updates] [Event] download-progress {"total":224728828,"delta":982959,"transferred":3194745,"percent":1.4215999916130029,"bytesPerSecond":958232}
[log] [2026-04-08T19:35:29.391Z] [Updates] [Event] download-progress {"total":224728828,"delta":1671213,"transferred":4865958,"percent":2.16525758769142,"bytesPerSecond":1122482}
[log] [2026-04-08T19:35:30.391Z] [Updates] [Event] download-progress {"total":224728828,"delta":1458149,"transferred":6324107,"percent":2.8141058075557623,"bytesPerSecond":1185400}
[log] [2026-04-08T19:35:31.412Z] [Updates] [Event] download-progress {"total":224728828,"delta":540663,"transferred":6864770,"percent":3.0546904289466594,"bytesPerSecond":1080046}
[log] [2026-04-08T19:35:32.416Z] [Updates] [Event] download-progress {"total":224728828,"delta":1097818,"transferred":7962588,"percent":3.5431982940791205,"bytesPerSecond":1081873}
[log] [2026-04-08T19:35:33.427Z] [Updates] [Event] download-progress {"total":224728828,"delta":802798,"transferred":8765386,"percent":3.9004279415367216,"bytesPerSecond":1047113}
[log] [2026-04-08T19:35:34.482Z] [Updates] [Event] download-progress {"total":224728828,"delta":720815,"transferred":9486201,"percent":4.22117673305358,"bytesPerSecond":1006493}
[log] [2026-04-08T19:35:35.491Z] [Updates] [Event] download-progress {"total":224728828,"delta":901147,"transferred":10387348,"percent":4.622169791229455,"bytesPerSecond":995433}
[log] [2026-04-08T19:35:36.492Z] [Updates] [Event] download-progress {"total":224728828,"delta":1146907,"transferred":11534255,"percent":5.132521315867851,"bytesPerSecond":1008592}
[log] [2026-04-08T19:35:37.496Z] [Updates] [Event] download-progress {"total":224728828,"delta":1048657,"transferred":12582912,"percent":5.599153482881155,"bytesPerSecond":1011488}
[log] [2026-04-08T19:35:38.519Z] [Updates] [Event] download-progress {"total":224728828,"delta":1441720,"transferred":14024632,"percent":6.240691114181399,"bytesPerSecond":1041717}
[log] [2026-04-08T19:35:39.521Z] [Updates] [Event] download-progress {"total":224728828,"delta":950236,"transferred":14974868,"percent":6.663527831863209,"bytesPerSecond":1035248}
[log] [2026-04-08T19:35:40.533Z] [Updates] [Event] download-progress {"total":224728828,"delta":1432310,"transferred":16407178,"percent":7.300878194407706,"bytesPerSecond":1060101}
[log] [2026-04-08T19:35:41.545Z] [Updates] [Event] download-progress {"total":224728828,"delta":933870,"transferred":17341048,"percent":7.716432357311986,"bytesPerSecond":1051674}
[log] [2026-04-08T19:35:42.561Z] [Updates] [Event] download-progress {"total":224728828,"delta":1114184,"transferred":18455232,"percent":8.212222777221976,"bytesPerSecond":1054283}
[log] [2026-04-08T19:35:43.585Z] [Updates] [Event] download-progress {"total":224728828,"delta":606118,"transferred":19061350,"percent":8.48193361289634,"bytesPerSecond":1028731}
[log] [2026-04-08T19:35:44.618Z] [Updates] [Event] download-progress {"total":224728828,"delta":1261622,"transferred":20322972,"percent":9.043331103030537,"bytesPerSecond":1038901}
[log] [2026-04-08T19:35:45.636Z] [Updates] [Event] download-progress {"total":224728828,"delta":1359818,"transferred":21682790,"percent":9.648423921829913,"bytesPerSecond":1053586}
[log] [2026-04-08T19:35:46.638Z] [Updates] [Event] download-progress {"total":224728828,"delta":943204,"transferred":22625994,"percent":10.06813153495376,"bytesPerSecond":1048373}
[log] [2026-04-08T19:35:47.647Z] [Updates] [Event] download-progress {"total":224728828,"delta":1048576,"transferred":23674570,"percent":10.534727658527192,"bytesPerSecond":1047965}
[log] [2026-04-08T19:35:48.660Z] [Updates] [Event] download-progress {"total":224728828,"delta":1376175,"transferred":25050745,"percent":11.147099027277443,"bytesPerSecond":1061292}
[log] [2026-04-08T19:35:49.782Z] [Updates] [Event] download-progress {"total":224728828,"delta":1490890,"transferred":26541635,"percent":11.810516361523497,"bytesPerSecond":1073430}
[log] [2026-04-08T19:35:51.883Z] [Updates] [Event] download-progress {"total":224728828,"delta":299499,"transferred":26841134,"percent":11.943787647929174,"bytesPerSecond":1000527}
[log] [2026-04-08T19:35:52.938Z] [Updates] [Event] download-progress {"total":224728828,"delta":1217362,"transferred":28058496,"percent":12.48549029054697,"bytesPerSecond":1006330}
[log] [2026-04-08T19:35:53.949Z] [Updates] [Event] download-progress {"total":224728828,"delta":791270,"transferred":28849766,"percent":12.837590200043229,"bytesPerSecond":998504}
[log] [2026-04-08T19:35:54.958Z] [Updates] [Event] download-progress {"total":224728828,"delta":917504,"transferred":29767270,"percent":13.245861808169979,"bytesPerSecond":995494}
[log] [2026-04-08T19:35:56.150Z] [Updates] [Event] download-progress {"total":224728828,"delta":393216,"transferred":30160486,"percent":13.420835354510013,"bytesPerSecond":969978}
[log] [2026-04-08T19:35:57.201Z] [Updates] [Event] download-progress {"total":224728828,"delta":1163282,"transferred":31323768,"percent":13.938473438752593,"bytesPerSecond":974452}
[log] [2026-04-08T19:35:58.222Z] [Updates] [Event] download-progress {"total":224728828,"delta":857829,"transferred":32181597,"percent":14.320190821268378,"bytesPerSecond":970319}
[log] [2026-04-08T19:35:59.222Z] [Updates] [Event] download-progress {"total":224728828,"delta":573539,"transferred":32755136,"percent":14.575404629440778,"bytesPerSecond":958706}
[log] [2026-04-08T19:36:00.235Z] [Updates] [Event] download-progress {"total":224728828,"delta":1277844,"transferred":34032980,"percent":15.144020597126062,"bytesPerSecond":967423}
[log] [2026-04-08T19:36:01.246Z] [Updates] [Event] download-progress {"total":224728828,"delta":1203209,"transferred":35236189,"percent":15.679425427342148,"bytesPerSecond":973644}
[log] [2026-04-08T19:36:02.369Z] [Updates] [Event] download-progress {"total":224728828,"delta":1214755,"transferred":36450944,"percent":16.219968005172884,"bytesPerSecond":976897}
[log] [2026-04-08T19:36:03.443Z] [Updates] [Event] download-progress {"total":224728828,"delta":294732,"transferred":36745676,"percent":16.351118068394857,"bytesPerSecond":957243}
[log] [2026-04-08T19:36:04.460Z] [Updates] [Event] download-progress {"total":224728828,"delta":1278132,"transferred":38023808,"percent":16.919862190533028,"bytesPerSecond":964973}
[log] [2026-04-08T19:36:05.486Z] [Updates] [Event] download-progress {"total":224728828,"delta":1474524,"transferred":39498332,"percent":17.575996970001555,"bytesPerSecond":976956}
[log] [2026-04-08T19:36:06.512Z] [Updates] [Event] download-progress {"total":224728828,"delta":893002,"transferred":40391334,"percent":17.97336566005675,"bytesPerSecond":974318}
[log] [2026-04-08T19:36:08.050Z] [Updates] [Event] download-progress {"total":224728828,"delta":1146916,"transferred":41538250,"percent":18.483721189521802,"bytesPerSecond":966141}
[log] [2026-04-08T19:36:09.055Z] [Updates] [Event] download-progress {"total":224728828,"delta":1055828,"transferred":42594078,"percent":18.95354431341581,"bytesPerSecond":968069}
[log] [2026-04-08T19:36:10.069Z] [Updates] [Event] download-progress {"total":224728828,"delta":791423,"transferred":43385501,"percent":19.305712304965166,"bytesPerSecond":963844}
[log] [2026-04-08T19:36:11.190Z] [Updates] [Event] download-progress {"total":224728828,"delta":786441,"transferred":44171942,"percent":19.65566340247189,"bytesPerSecond":957470}
[log] [2026-04-08T19:36:12.247Z] [Updates] [Event] download-progress {"total":224728828,"delta":1277988,"transferred":45449930,"percent":20.224343447383617,"bytesPerSecond":963106}
[log] [2026-04-08T19:36:13.257Z] [Updates] [Event] download-progress {"total":224728828,"delta":557020,"transferred":46006950,"percent":20.47220661872539,"bytesPerSecond":954481}
[log] [2026-04-08T19:36:14.282Z] [Updates] [Event] download-progress {"total":224728828,"delta":786432,"transferred":46793382,"percent":20.822153711405463,"bytesPerSecond":950583}
[log] [2026-04-08T19:36:15.305Z] [Updates] [Event] download-progress {"total":224728828,"delta":917504,"transferred":47710886,"percent":21.230425319532216,"bytesPerSecond":949489}
[log] [2026-04-08T19:36:16.306Z] [Updates] [Event] download-progress {"total":224728828,"delta":720815,"transferred":48431701,"percent":21.55117411104907,"bytesPerSecond":945009}
[log] [2026-04-08T19:36:17.312Z] [Updates] [Event] download-progress {"total":224728828,"delta":564331,"transferred":48996032,"percent":21.802290536575043,"bytesPerSecond":937615}
[log] [2026-04-08T19:36:18.326Z] [Updates] [Event] download-progress {"total":224728828,"delta":835530,"transferred":49831562,"percent":22.1740852935877,"bytesPerSecond":935453}
[log] [2026-04-08T19:36:19.352Z] [Updates] [Event] download-progress {"total":224728828,"delta":629880,"transferred":50461442,"percent":22.45436976158662,"bytesPerSecond":929377}
[log] [2026-04-08T19:36:20.364Z] [Updates] [Event] download-progress {"total":224728828,"delta":742334,"transferred":51203776,"percent":22.784694093630034,"bytesPerSecond":925793}
[log] [2026-04-08T19:36:21.410Z] [Updates] [Event] download-progress {"total":224728828,"delta":1023114,"transferred":52226890,"percent":23.239960117622292,"bytesPerSecond":926765}
[log] [2026-04-08T19:36:22.482Z] [Updates] [Event] download-progress {"total":224728828,"delta":933870,"transferred":53160760,"percent":23.655514280526575,"bytesPerSecond":925726}
[log] [2026-04-08T19:36:23.555Z] [Updates] [Event] download-progress {"total":224728828,"delta":950227,"transferred":54110987,"percent":24.07834699338173,"bytesPerSecond":924990}
[log] [2026-04-08T19:36:24.564Z] [Updates] [Event] download-progress {"total":224728828,"delta":1228899,"transferred":55339886,"percent":24.625183378787522,"bytesPerSecond":929957}
[log] [2026-04-08T19:36:25.569Z] [Updates] [Event] download-progress {"total":224728828,"delta":1114031,"transferred":56453917,"percent":25.120905716644415,"bytesPerSecond":932922}
[log] [2026-04-08T19:36:26.671Z] [Updates] [Event] download-progress {"total":224728828,"delta":1176529,"transferred":57630446,"percent":25.644438460739,"bytesPerSecond":935331}
[log] [2026-04-08T19:36:27.678Z] [Updates] [Event] download-progress {"total":224728828,"delta":966602,"transferred":58597048,"percent":26.07455773319834,"bytesPerSecond":935726}
[log] [2026-04-08T19:36:28.695Z] [Updates] [Event] download-progress {"total":224728828,"delta":1114184,"transferred":59711232,"percent":26.57034815310833,"bytesPerSecond":938280}
[log] [2026-04-08T19:36:29.695Z] [Updates] [Event] download-progress {"total":224728828,"delta":1097521,"transferred":60808753,"percent":27.058723858961255,"bytesPerSecond":940744}
[log] [2026-04-08T19:36:30.797Z] [Updates] [Event] download-progress {"total":224728828,"delta":1079733,"transferred":61888486,"percent":27.539184247425524,"bytesPerSecond":941399}
[log] [2026-04-08T19:36:31.800Z] [Updates] [Event] download-progress {"total":224728828,"delta":1599004,"transferred":63487490,"percent":28.250710229308005,"bytesPerSecond":951209}
[log] [2026-04-08T19:36:32.834Z] [Updates] [Event] download-progress {"total":224728828,"delta":1081452,"transferred":64568942,"percent":28.73193553966294,"bytesPerSecond":952653}
[log] [2026-04-08T19:36:33.837Z] [Updates] [Event] download-progress {"total":224728828,"delta":1179648,"transferred":65748590,"percent":29.256856178683048,"bytesPerSecond":955912}
[log] [2026-04-08T19:36:34.994Z] [Updates] [Event] download-progress {"total":224728828,"delta":1220754,"transferred":66969344,"percent":29.800068195968166,"bytesPerSecond":957553}
[log] [2026-04-08T19:36:36.043Z] [Updates] [Event] download-progress {"total":224728828,"delta":753547,"transferred":67722891,"percent":30.135382097040083,"bytesPerSecond":954018}
[log] [2026-04-08T19:36:37.081Z] [Updates] [Event] download-progress {"total":224728828,"delta":655441,"transferred":68378332,"percent":30.42704071771335,"bytesPerSecond":949369}
[log] [2026-04-08T19:36:38.091Z] [Updates] [Event] download-progress {"total":224728828,"delta":688164,"transferred":69066496,"percent":30.733260443115025,"bytesPerSecond":945663}
[log] [2026-04-08T19:36:39.094Z] [Updates] [Event] download-progress {"total":224728828,"delta":753547,"transferred":69820043,"percent":31.06857434418694,"bytesPerSecond":943030}
[log] [2026-04-08T19:36:40.100Z] [Updates] [Event] download-progress {"total":224728828,"delta":950389,"transferred":70770432,"percent":31.491479143921847,"bytesPerSecond":943053}
[log] [2026-04-08T19:36:41.264Z] [Updates] [Event] download-progress {"total":224728828,"delta":1022282,"transferred":71792714,"percent":31.946374943939105,"bytesPerSecond":942063}
[log] [2026-04-08T19:36:42.301Z] [Updates] [Event] download-progress {"total":224728828,"delta":1392694,"transferred":73185408,"percent":32.56609694951998,"bytesPerSecond":947445}
[log] [2026-04-08T19:36:43.304Z] [Updates] [Event] download-progress {"total":224728828,"delta":1048576,"transferred":74233984,"percent":33.03269307309341,"bytesPerSecond":948701}
[log] [2026-04-08T19:36:44.320Z] [Updates] [Event] download-progress {"total":224728828,"delta":507769,"transferred":74741753,"percent":33.258640498049495,"bytesPerSecond":942947}
[log] [2026-04-08T19:36:45.320Z] [Updates] [Event] download-progress {"total":224728828,"delta":1261631,"transferred":76003384,"percent":33.82004199301035,"bytesPerSecond":946917}
[log] [2026-04-08T19:36:46.320Z] [Updates] [Event] download-progress {"total":224728828,"delta":1441792,"transferred":77445176,"percent":34.461611662923815,"bytesPerSecond":953007}
[log] [2026-04-08T19:36:47.349Z] [Updates] [Event] download-progress {"total":224728828,"delta":1359818,"transferred":78804994,"percent":35.066704481723185,"bytesPerSecond":957615}
[log] [2026-04-08T19:36:48.396Z] [Updates] [Event] download-progress {"total":224728828,"delta":1163282,"transferred":79968276,"percent":35.58434256596577,"bytesPerSecond":959554}
[log] [2026-04-08T19:36:49.417Z] [Updates] [Event] download-progress {"total":224728828,"delta":1104576,"transferred":81072852,"percent":36.07585761093365,"bytesPerSecond":961023}
[log] [2026-04-08T19:36:50.567Z] [Updates] [Event] download-progress {"total":224728828,"delta":791414,"transferred":81864266,"percent":36.428021597656354,"bytesPerSecond":957354}
[log] [2026-04-08T19:36:51.573Z] [Updates] [Event] download-progress {"total":224728828,"delta":1376175,"transferred":83240441,"percent":37.04039296640661,"bytesPerSecond":962128}
[log] [2026-04-08T19:36:52.586Z] [Updates] [Event] download-progress {"total":224728828,"delta":786432,"transferred":84026873,"percent":37.39034005908668,"bytesPerSecond":959978}
[log] [2026-04-08T19:36:53.594Z] [Updates] [Event] download-progress {"total":224728828,"delta":1310720,"transferred":85337593,"percent":37.97358521355347,"bytesPerSecond":963853}
[log] [2026-04-08T19:36:54.681Z] [Updates] [Event] download-progress {"total":224728828,"delta":862855,"transferred":86200448,"percent":38.357539069264405,"bytesPerSecond":961790}
[log] [2026-04-08T19:36:55.719Z] [Updates] [Event] download-progress {"total":224728828,"delta":1151601,"transferred":87352049,"percent":38.869979333492545,"bytesPerSecond":963481}
[log] [2026-04-08T19:36:56.809Z] [Updates] [Event] download-progress {"total":224728828,"delta":1032219,"transferred":88384268,"percent":39.32929690711509,"bytesPerSecond":963285}
[log] [2026-04-08T19:36:57.887Z] [Updates] [Event] download-progress {"total":224728828,"delta":737334,"transferred":89121602,"percent":39.65739633546258,"bytesPerSecond":960041}
[log] [2026-04-08T19:36:58.923Z] [Updates] [Event] download-progress {"total":224728828,"delta":1055934,"transferred":90177536,"percent":40.127266627314945,"bytesPerSecond":960695}
[log] [2026-04-08T19:36:59.957Z] [Updates] [Event] download-progress {"total":224728828,"delta":1123039,"transferred":91300575,"percent":40.62699735167043,"bytesPerSecond":962061}
[log] [2026-04-08T19:37:00.963Z] [Updates] [Event] download-progress {"total":224728828,"delta":835674,"transferred":92136249,"percent":40.99885618590954,"bytesPerSecond":960683}
[log] [2026-04-08T19:37:01.979Z] [Updates] [Event] download-progress {"total":224728828,"delta":1097827,"transferred":93234076,"percent":41.48736805586865,"bytesPerSecond":961940}
[log] [2026-04-08T19:37:02.993Z] [Updates] [Event] download-progress {"total":224728828,"delta":819011,"transferred":94053087,"percent":41.851812176050686,"bytesPerSecond":960343}
[log] [2026-04-08T19:37:03.993Z] [Updates] [Event] download-progress {"total":224728828,"delta":1343605,"transferred":95396692,"percent":42.44969052212563,"bytesPerSecond":964217}
[log] [2026-04-08T19:37:05.004Z] [Updates] [Event] download-progress {"total":224728828,"delta":1179648,"transferred":96576340,"percent":42.97461116114573,"bytesPerSecond":966276}
[log] [2026-04-08T19:37:06.035Z] [Updates] [Event] download-progress {"total":224728828,"delta":1218551,"transferred":97794891,"percent":43.516842885862424,"bytesPerSecond":968468}
[log] [2026-04-08T19:37:07.100Z] [Updates] [Event] download-progress {"total":224728828,"delta":852049,"transferred":98646940,"percent":43.895988279705705,"bytesPerSecond":966710}
[log] [2026-04-08T19:37:08.110Z] [Updates] [Event] download-progress {"total":224728828,"delta":1327086,"transferred":99974026,"percent":44.486515988950025,"bytesPerSecond":970113}
[log] [2026-04-08T19:37:09.149Z] [Updates] [Event] download-progress {"total":224728828,"delta":1302575,"transferred":101276601,"percent":45.06613677529614,"bytesPerSecond":972943}
[log] [2026-04-08T19:37:10.149Z] [Updates] [Event] download-progress {"total":224728828,"delta":802951,"transferred":102079552,"percent":45.42343450480683,"bytesPerSecond":971326}
[log] [2026-04-08T19:37:11.151Z] [Updates] [Event] download-progress {"total":224728828,"delta":1245112,"transferred":103324664,"percent":45.97748536293706,"bytesPerSecond":973888}
[log] [2026-04-08T19:37:12.397Z] [Updates] [Event] download-progress {"total":224728828,"delta":776008,"transferred":104100672,"percent":46.32279397639185,"bytesPerSecond":969822}
[log] [2026-04-08T19:37:13.498Z] [Updates] [Event] download-progress {"total":224728828,"delta":1146772,"transferred":105247444,"percent":46.833085428630454,"bytesPerSecond":970541}
[log] [2026-04-08T19:37:14.501Z] [Updates] [Event] download-progress {"total":224728828,"delta":1261622,"transferred":106509066,"percent":47.39448291876465,"bytesPerSecond":973174}
[log] [2026-04-08T19:37:15.508Z] [Updates] [Event] download-progress {"total":224728828,"delta":1114040,"transferred":107623106,"percent":47.890209261448206,"bytesPerSecond":974388}
[log] [2026-04-08T19:37:16.585Z] [Updates] [Event] download-progress {"total":224728828,"delta":1196005,"transferred":108819111,"percent":48.422408450419184,"bytesPerSecond":975702}
[log] [2026-04-08T19:37:17.695Z] [Updates] [Event] download-progress {"total":224728828,"delta":875317,"transferred":109694428,"percent":48.811907656101866,"bytesPerSecond":973858}
[info] [2026-04-08T19:37:17.978Z] [NotificationStore] newNotification: Created with id=1 accountID=instagramgo threadID=!kvFNTYOat6AKFoVfUz87:beeper.local
[log] [2026-04-08T19:37:19.428Z] [Updates] [Event] download-progress {"total":224728828,"delta":1454628,"transferred":111149056,"percent":49.45918909878353,"bytesPerSecond":971821}
[log] [2026-04-08T19:37:20.428Z] [Updates] [Event] download-progress {"total":224728828,"delta":740864,"transferred":111889920,"percent":49.78885930914035,"bytesPerSecond":969819}
[log] [2026-04-08T19:37:21.435Z] [Updates] [Event] download-progress {"total":224728828,"delta":1671051,"transferred":113560971,"percent":50.532444818339016,"bytesPerSecond":975786}
[log] [2026-04-08T19:37:22.443Z] [Updates] [Event] download-progress {"total":224728828,"delta":1333997,"transferred":114894968,"percent":51.126047789471855,"bytesPerSecond":978771}
[log] [2026-04-08T19:37:23.456Z] [Updates] [Event] download-progress {"total":224728828,"delta":1465572,"transferred":116360540,"percent":51.77819910136318,"bytesPerSecond":982775}
[log] [2026-04-08T19:37:24.464Z] [Updates] [Event] download-progress {"total":224728828,"delta":1332068,"transferred":117692608,"percent":52.37094370465012,"bytesPerSecond":985634}
[log] [2026-04-08T19:37:25.477Z] [Updates] [Event] download-progress {"total":224728828,"delta":807627,"transferred":118500235,"percent":52.73032216409725,"bytesPerSecond":984050}
[log] [2026-04-08T19:37:27.578Z] [Updates] [Event] download-progress {"total":224728828,"delta":213055,"transferred":118713290,"percent":52.825127535484675,"bytesPerSecond":968914}
[log] [2026-04-08T19:37:28.579Z] [Updates] [Event] download-progress {"total":224728828,"delta":1245103,"transferred":119958393,"percent":53.37917438878825,"bytesPerSecond":971142}
[log] [2026-04-08T19:37:29.588Z] [Updates] [Event] download-progress {"total":224728828,"delta":1458311,"transferred":121416704,"percent":54.028094695532346,"bytesPerSecond":974984}
[log] [2026-04-08T19:37:30.627Z] [Updates] [Event] download-progress {"total":224728828,"delta":1425273,"transferred":122841977,"percent":54.66231372861519,"bytesPerSecond":978267}
[log] [2026-04-08T19:37:31.631Z] [Updates] [Event] download-progress {"total":224728828,"delta":1518005,"transferred":124359982,"percent":55.337796715604284,"bytesPerSecond":982500}
[log] [2026-04-08T19:37:32.637Z] [Updates] [Event] download-progress {"total":224728828,"delta":1458158,"transferred":125818140,"percent":55.98664894029528,"bytesPerSecond":986190}
[info] [2026-04-08T19:37:32.980Z] [NotificationStore] newNotification: Created with id=2 accountID=instagramgo threadID=!kvFNTYOat6AKFoVfUz87:beeper.local
[log] [2026-04-08T19:37:33.652Z] [Updates] [Event] download-progress {"total":224728828,"delta":1189414,"transferred":127007554,"percent":56.51591526121429,"bytesPerSecond":987648}
[log] [2026-04-08T19:37:34.656Z] [Updates] [Event] download-progress {"total":224728828,"delta":1491034,"transferred":128498588,"percent":57.17939667268678,"bytesPerSecond":991501}
[log] [2026-04-08T19:37:35.679Z] [Updates] [Event] download-progress {"total":224728828,"delta":815076,"transferred":129313664,"percent":57.542089793660125,"bytesPerSecond":989976}
[log] [2026-04-08T19:37:36.736Z] [Updates] [Event] download-progress {"total":224728828,"delta":709760,"transferred":130023424,"percent":57.857919323105264,"bytesPerSecond":987420}
[log] [2026-04-08T19:37:37.741Z] [Updates] [Event] download-progress {"total":224728828,"delta":856558,"transferred":130879982,"percent":58.23907113510155,"bytesPerSecond":986396}
[log] [2026-04-08T19:37:38.748Z] [Updates] [Event] download-progress {"total":224728828,"delta":1135235,"transferred":132015217,"percent":58.74422884455216,"bytesPerSecond":987458}
[log] [2026-04-08T19:37:39.751Z] [Updates] [Event] download-progress {"total":224728828,"delta":901291,"transferred":132916508,"percent":59.14528597995448,"bytesPerSecond":986803}
[log] [2026-04-08T19:37:40.764Z] [Updates] [Event] download-progress {"total":224728828,"delta":1441639,"transferred":134358147,"percent":59.78678756781485,"bytesPerSecond":990053}
[log] [2026-04-08T19:37:41.777Z] [Updates] [Event] download-progress {"total":224728828,"delta":1419993,"transferred":135778140,"percent":60.41865710259478,"bytesPerSecond":993104}
[log] [2026-04-08T19:37:42.783Z] [Updates] [Event] download-progress {"total":224728828,"delta":1458158,"transferred":137236298,"percent":61.06750932728578,"bytesPerSecond":996444}
[log] [2026-04-08T19:37:43.789Z] [Updates] [Event] download-progress {"total":224728828,"delta":1458158,"transferred":138694456,"percent":61.716361551976775,"bytesPerSecond":999722}
[log] [2026-04-08T19:37:44.819Z] [Updates] [Event] download-progress {"total":224728828,"delta":1458149,"transferred":140152605,"percent":62.365209771841116,"bytesPerSecond":1002788}
[log] [2026-04-08T19:37:45.860Z] [Updates] [Event] download-progress {"total":224728828,"delta":1491043,"transferred":141643648,"percent":63.02869518814026,"bytesPerSecond":1005963}
[log] [2026-04-08T19:37:46.877Z] [Updates] [Event] download-progress {"total":224728828,"delta":1549944,"transferred":143193592,"percent":63.71839041495825,"bytesPerSecond":1009678}
[log] [2026-04-08T19:37:47.892Z] [Updates] [Event] download-progress {"total":224728828,"delta":1470410,"transferred":144664002,"percent":64.37269454366576,"bytesPerSecond":1012798}
[log] [2026-04-08T19:37:48.986Z] [Updates] [Event] download-progress {"total":224728828,"delta":1151745,"transferred":145815747,"percent":64.88519888512033,"bytesPerSecond":1013102}
[log] [2026-04-08T19:37:50.001Z] [Updates] [Event] download-progress {"total":224728828,"delta":786585,"transferred":146602332,"percent":65.2352140598535,"bytesPerSecond":1011441}
[log] [2026-04-08T19:37:51.003Z] [Updates] [Event] download-progress {"total":224728828,"delta":958930,"transferred":147561262,"percent":65.6619194400818,"bytesPerSecond":1011061}
[log] [2026-04-08T19:37:52.008Z] [Updates] [Event] download-progress {"total":224728828,"delta":770066,"transferred":148331328,"percent":66.00458397798434,"bytesPerSecond":1009386}
[log] [2026-04-08T19:37:53.013Z] [Updates] [Event] download-progress {"total":224728828,"delta":1458158,"transferred":149789486,"percent":66.65343620267534,"bytesPerSecond":1012385}
[info] [2026-04-08T19:37:53.665Z] [NotificationStore] closeNotification:  1,2
[log] [2026-04-08T19:37:54.023Z] [Updates] [Event] download-progress {"total":224728828,"delta":1138780,"transferred":150928266,"percent":67.16017136884636,"bytesPerSecond":1013173}
[log] [2026-04-08T19:37:55.022Z] [Updates] [Event] download-progress {"total":224728828,"delta":622628,"transferred":151550894,"percent":67.4372288365247,"bytesPerSecond":1010568}
[log] [2026-04-08T19:37:56.026Z] [Updates] [Event] download-progress {"total":224728828,"delta":688092,"transferred":152238986,"percent":67.74341652331316,"bytesPerSecond":1008412}
[log] [2026-04-08T19:37:57.034Z] [Updates] [Event] download-progress {"total":224728828,"delta":1611538,"transferred":153850524,"percent":68.4605198937806,"bytesPerSecond":1012328}
[log] [2026-04-08T19:37:58.049Z] [Updates] [Event] download-progress {"total":224728828,"delta":1053414,"transferred":154903938,"percent":68.92926883417022,"bytesPerSecond":1012497}
[log] [2026-04-08T19:37:59.054Z] [Updates] [Event] download-progress {"total":224728828,"delta":1277988,"transferred":156181926,"percent":69.49794887908195,"bytesPerSecond":1014182}
[log] [2026-04-08T19:38:00.054Z] [Updates] [Event] download-progress {"total":224728828,"delta":1228890,"transferred":157410816,"percent":70.0447812596611,"bytesPerSecond":1015567}
[log] [2026-04-08T19:38:01.060Z] [Updates] [Event] download-progress {"total":224728828,"delta":1458158,"transferred":158868974,"percent":70.69363348435208,"bytesPerSecond":1018371}
[log] [2026-04-08T19:38:02.066Z] [Updates] [Event] download-progress {"total":224728828,"delta":1458158,"transferred":160327132,"percent":71.34248570904307,"bytesPerSecond":1021127}
[log] [2026-04-08T19:38:03.071Z] [Updates] [Event] download-progress {"total":224728828,"delta":1473188,"transferred":161800320,"percent":71.99802599424405,"bytesPerSecond":1023962}
[log] [2026-04-08T19:38:04.070Z] [Updates] [Event] download-progress {"total":224728828,"delta":1441792,"transferred":163242112,"percent":72.63959566415753,"bytesPerSecond":1026590}
[log] [2026-04-08T19:38:05.070Z] [Updates] [Event] download-progress {"total":224728828,"delta":1441792,"transferred":164683904,"percent":73.28116533407099,"bytesPerSecond":1029184}
[log] [2026-04-08T19:38:06.083Z] [Updates] [Event] download-progress {"total":224728828,"delta":1458158,"transferred":166142062,"percent":73.93001755876197,"bytesPerSecond":1031765}
[log] [2026-04-08T19:38:07.230Z] [Updates] [Event] download-progress {"total":224728828,"delta":114706,"transferred":166256768,"percent":73.98105951943113,"bytesPerSecond":1025175}
[log] [2026-04-08T19:38:08.260Z] [Updates] [Event] download-progress {"total":224728828,"delta":580288,"transferred":166837056,"percent":74.2392765026123,"bytesPerSecond":1022261}
[log] [2026-04-08T19:38:09.267Z] [Updates] [Event] download-progress {"total":224728828,"delta":1156682,"transferred":167993738,"percent":74.75397771397624,"bytesPerSecond":1023036}
[log] [2026-04-08T19:38:10.317Z] [Updates] [Event] download-progress {"total":224728828,"delta":807780,"transferred":168801518,"percent":75.11342425547647,"bytesPerSecond":1021424}
[log] [2026-04-08T19:38:11.324Z] [Updates] [Event] download-progress {"total":224728828,"delta":1392550,"transferred":170194068,"percent":75.7330821838309,"bytesPerSecond":1023613}
[log] [2026-04-08T19:38:12.337Z] [Updates] [Event] download-progress {"total":224728828,"delta":1458158,"transferred":171652226,"percent":76.3819344085219,"bytesPerSecond":1026131}
[log] [2026-04-08T19:38:13.337Z] [Updates] [Event] download-progress {"total":224728828,"delta":1447734,"transferred":173099960,"percent":77.02614815398762,"bytesPerSecond":1028636}
[log] [2026-04-08T19:38:14.416Z] [Updates] [Event] download-progress {"total":224728828,"delta":917351,"transferred":174017311,"percent":77.43435168006127,"bytesPerSecond":1027499}
[log] [2026-04-08T19:38:15.421Z] [Updates] [Event] download-progress {"total":224728828,"delta":1065095,"transferred":175082406,"percent":77.90829844046533,"bytesPerSecond":1027690}
[log] [2026-04-08T19:38:16.421Z] [Updates] [Event] download-progress {"total":224728828,"delta":1376328,"transferred":176458734,"percent":78.52073789126868,"bytesPerSecond":1029724}
[log] [2026-04-08T19:38:17.425Z] [Updates] [Event] download-progress {"total":224728828,"delta":1294354,"transferred":177753088,"percent":79.09670049095793,"bytesPerSecond":1031236}
[log] [2026-04-08T19:38:18.510Z] [Updates] [Event] download-progress {"total":224728828,"delta":720824,"transferred":178473912,"percent":79.41745328730144,"bytesPerSecond":1028941}
[log] [2026-04-08T19:38:19.519Z] [Updates] [Event] download-progress {"total":224728828,"delta":983112,"transferred":179457024,"percent":79.85491919176475,"bytesPerSecond":1028625}
[log] [2026-04-08T19:38:20.531Z] [Updates] [Event] download-progress {"total":224728828,"delta":1490890,"transferred":180947914,"percent":80.5183365260108,"bytesPerSecond":1031189}
[log] [2026-04-08T19:38:21.542Z] [Updates] [Event] download-progress {"total":224728828,"delta":1458158,"transferred":182406072,"percent":81.1671887507018,"bytesPerSecond":1033544}
[log] [2026-04-08T19:38:22.543Z] [Updates] [Event] download-progress {"total":224728828,"delta":1458149,"transferred":183864221,"percent":81.81603697056615,"bytesPerSecond":1035931}
[log] [2026-04-08T19:38:23.563Z] [Updates] [Event] download-progress {"total":224728828,"delta":1458167,"transferred":185322388,"percent":82.4648932000838,"bytesPerSecond":1038180}
[log] [2026-04-08T19:38:24.580Z] [Updates] [Event] download-progress {"total":224728828,"delta":868406,"transferred":186190794,"percent":82.85131714387795,"bytesPerSecond":1037136}
[log] [2026-04-08T19:38:25.674Z] [Updates] [Event] download-progress {"total":224728828,"delta":622628,"transferred":186813422,"percent":83.12837461155628,"bytesPerSecond":1034301}
[log] [2026-04-08T19:38:26.728Z] [Updates] [Event] download-progress {"total":224728828,"delta":589752,"transferred":187403174,"percent":83.39080289245312,"bytesPerSecond":1031547}
[log] [2026-04-08T19:38:27.731Z] [Updates] [Event] download-progress {"total":224728828,"delta":671717,"transferred":188074891,"percent":83.68970401963739,"bytesPerSecond":1029560}
[log] [2026-04-08T19:38:28.856Z] [Updates] [Event] download-progress {"total":224728828,"delta":1038847,"transferred":189113738,"percent":84.15197092559927,"bytesPerSecond":1028910}
[log] [2026-04-08T19:38:29.856Z] [Updates] [Event] download-progress {"total":224728828,"delta":791414,"transferred":189905152,"percent":84.50413491232197,"bytesPerSecond":1027625}
[log] [2026-04-08T19:38:30.864Z] [Updates] [Event] download-progress {"total":224728828,"delta":1254923,"transferred":191160075,"percent":85.06255147648436,"bytesPerSecond":1028804}
[log] [2026-04-08T19:38:31.970Z] [Updates] [Event] download-progress {"total":224728828,"delta":1086290,"transferred":192246365,"percent":85.54592960365548,"bytesPerSecond":1028528}
[log] [2026-04-08T19:38:32.973Z] [Updates] [Event] download-progress {"total":224728828,"delta":1589230,"transferred":193835595,"percent":86.25310634379315,"bytesPerSecond":1031496}
[log] [2026-04-08T19:38:33.981Z] [Updates] [Event] download-progress {"total":224728828,"delta":1468013,"transferred":195303608,"percent":86.90634385366883,"bytesPerSecond":1033763}
[log] [2026-04-08T19:38:34.981Z] [Updates] [Event] download-progress {"total":224728828,"delta":1458149,"transferred":196761757,"percent":87.55519207353318,"bytesPerSecond":1035997}
[log] [2026-04-08T19:38:35.982Z] [Updates] [Event] download-progress {"total":224728828,"delta":1454975,"transferred":198216732,"percent":88.20262792453134,"bytesPerSecond":1038186}
[log] [2026-04-08T19:38:36.995Z] [Updates] [Event] download-progress {"total":224728828,"delta":1435128,"transferred":199651860,"percent":88.84123224279887,"bytesPerSecond":1040184}
[log] [2026-04-08T19:38:37.996Z] [Updates] [Event] download-progress {"total":224728828,"delta":1517211,"transferred":201169071,"percent":89.51636191508105,"bytesPerSecond":1042651}
[log] [2026-04-08T19:38:38.998Z] [Updates] [Event] download-progress {"total":224728828,"delta":1451621,"transferred":202620692,"percent":90.16230530067998,"bytesPerSecond":1044749}
[log] [2026-04-08T19:38:40.011Z] [Updates] [Event] download-progress {"total":224728828,"delta":1474668,"transferred":204095360,"percent":90.81850415737495,"bytesPerSecond":1046884}
[info] [2026-04-08T19:38:40.086Z] [NotificationStore] newNotification: Created with id=3 accountID=instagramgo threadID=!kvFNTYOat6AKFoVfUz87:beeper.local
[log] [2026-04-08T19:38:41.411Z] [Updates] [Event] download-progress {"total":224728828,"delta":1425536,"transferred":205520896,"percent":91.45284022039219,"bytesPerSecond":1046680}
[log] [2026-04-08T19:38:42.412Z] [Updates] [Event] download-progress {"total":224728828,"delta":1998702,"transferred":207519598,"percent":92.34222411376612,"bytesPerSecond":1051499}
[info] [2026-04-08T19:38:42.574Z] [NotificationStore] newNotification: Created with id=4 accountID=instagramgo threadID=!kvFNTYOat6AKFoVfUz87:beeper.local
[log] [2026-04-08T19:38:43.414Z] [Updates] [Event] download-progress {"total":224728828,"delta":1411914,"transferred":208931512,"percent":92.97049864915418,"bytesPerSecond":1053305}
[log] [2026-04-08T19:38:44.423Z] [Updates] [Event] download-progress {"total":224728828,"delta":1474515,"transferred":210406027,"percent":93.62662942379603,"bytesPerSecond":1055370}
[log] [2026-04-08T19:38:45.434Z] [Updates] [Event] download-progress {"total":224728828,"delta":1435281,"transferred":211841308,"percent":94.26530182411666,"bytesPerSecond":1057208}
[info] [2026-04-08T19:38:46.255Z] [NotificationStore] newNotification: Created with id=5 accountID=instagramgo threadID=!kvFNTYOat6AKFoVfUz87:beeper.local
[log] [2026-04-08T19:38:46.439Z] [Updates] [Event] download-progress {"total":224728828,"delta":1458158,"transferred":213299466,"percent":94.91415404880766,"bytesPerSecond":1059173}
[log] [2026-04-08T19:38:47.463Z] [Updates] [Event] download-progress {"total":224728828,"delta":1392694,"transferred":214692160,"percent":95.53387605438853,"bytesPerSecond":1060695}
[info] [2026-04-08T19:38:48.449Z] [NotificationStore] closeNotification:  3
[log] [2026-04-08T19:38:48.478Z] [Updates] [Event] download-progress {"total":224728828,"delta":1529354,"transferred":216221514,"percent":96.21440912778667,"bytesPerSecond":1062921}
[info] [2026-04-08T19:38:48.620Z] [NotificationStore] closeNotification:  4,5
[log] [2026-04-08T19:38:49.484Z] [Updates] [Event] download-progress {"total":224728828,"delta":1451638,"transferred":217673152,"percent":96.86036007805816,"bytesPerSecond":1064791}
[log] [2026-04-08T19:38:50.498Z] [Updates] [Event] download-progress {"total":224728828,"delta":1245112,"transferred":218918264,"percent":97.41441093618839,"bytesPerSecond":1065596}
[log] [2026-04-08T19:38:51.513Z] [Updates] [Event] download-progress {"total":224728828,"delta":1392694,"transferred":220310958,"percent":98.03413294176927,"bytesPerSecond":1067103}
[log] [2026-04-08T19:38:52.525Z] [Updates] [Event] download-progress {"total":224728828,"delta":1468938,"transferred":221779896,"percent":98.6877820588287,"bytesPerSecond":1068978}
[log] [2026-04-08T19:38:53.534Z] [Updates] [Event] download-progress {"total":224728828,"delta":1474515,"transferred":223254411,"percent":99.34391283347057,"bytesPerSecond":1070878}
[log] [2026-04-08T19:38:54.537Z] [Updates] [Event] download-progress {"total":224728828,"delta":1458167,"transferred":224712578,"percent":99.99276906298822,"bytesPerSecond":1072711}
[log] [2026-04-08T19:38:54.548Z] [Updates] [Event] download-progress {"total":224728828,"delta":16250,"transferred":224728828,"percent":100,"bytesPerSecond":1072732}
[log] [2026-04-08T19:38:54.551Z] [electron-updater] New version 4.2.715 has been downloaded to /home/beeb/.cache/beepertexts-updater/pending/Beeper-4.2.715-x86_64.AppImage
[debug] [2026-04-08T19:38:54.557Z] Time: Update — Download time — 210
[log] [2026-04-08T19:38:54.557Z] [Updates] [Event] update-downloaded: {"version":"4.2.715","files":[{"url":"https://beeper-desktop.download.beeper.com/builds/Beeper-4.2.715-x86_64.AppImage","size":224728828,"sha512":"u8fkT8LYyqTwDmEfcT4UwbJTIkUfNETnuoOAXMM27yE4cfTudho6VJp6QoOZtzxdNM5LWdBmRcRcZcvQTpcihA=="}],"path":"https://beeper-desktop.download.beeper.com/builds/Beeper-4.2.715-x86_64.AppImage","sha512":"u8fkT8LYyqTwDmEfcT4UwbJTIkUfNETnuoOAXMM27yE4cfTudho6VJp6QoOZtzxdNM5LWdBmRcRcZcvQTpcihA==","releaseDate":"2026-04-08T01:10:34+00:00","downloadedFile":"/home/beeb/.cache/beepertexts-updater/pending/Beeper-4.2.715-x86_64.AppImage"} in 210 seconds
[log] [2026-04-08T19:38:55.394Z] [AutoUpdater] fetchUpdateFeedJSON URL=https://api.beeper.com/desktop/update-feed.json?bundleID=com.automattic.beeper.desktop&version=4.2.692&platform=linux&arch=x64&channel=stable response={"version":"4.2.715","url":"https://beeper-desktop.download.beeper.com/builds/Beeper-4.2.715-x86_64.AppImage","name":"4.2.715","notes":[],"sha512":"u8fkT8LYyqTwDmEfcT4UwbJTIkUfNETnuoOAXMM27yE4cfTudho6VJp6QoOZtzxdNM5LWdBmRcRcZcvQTpcihA==","download_size":"224728828","pub_date":"2026-04-08T01:10:34+00:00"}
[log] [2026-04-08T19:38:55.395Z] [Updates] [onUpdateDownloaded] update to 4.2.715 is now prompting for user relaunch
[info] [2026-04-08T19:38:59.558Z] skipped sending events to legacy /metrics endpoint [{"deviceId":"5677ff8472f062013f755511263576fa5a922b9d87ed2e71c8da0b5da48560b5","type":"timing","eventData":{"category":"Update","value":"Download time","time":"210"},"metadata":{"os":{"name":"linux","version":"6.19.11-arch1-1"},"appVersion":"4.2.692","arch":"x64","isWKWV":false}}]
[info] [2026-04-08T19:41:49.395Z] [NotificationStore] newNotification: Created with id=6 accountID=instagramgo threadID=!a2rOLntNtI4O3u7GpKdh:beeper.local
[info] [2026-04-08T19:55:44.299Z] [NotificationStore] newNotification: Created with id=7 accountID=instagramgo threadID=!kvFNTYOat6AKFoVfUz87:beeper.local
[info] [2026-04-08T20:15:05.356Z] [PowerMonitor] System shutting down
[log] [2026-04-09T18:24:59.001Z] [AppStart] main()
[log] [2026-04-09T18:24:59.008Z] [AppStart] You're running Beeper v4.2.692 (production) on linux 6.19.11-arch1-1 x64 (server env: production)
[log] [2026-04-09T18:24:59.128Z] [AppStart] running with electron
[log] [2026-04-09T18:24:59.128Z] [AppStart] runWorker(platform_worker)
[log] [2026-04-09T18:24:59.129Z] platform_worker starting worker
[log] [2026-04-09T18:24:59.138Z] [AppStart] Waiting for PASInitComplete
[log] [2026-04-09T18:24:59.404Z] platform_worker took 275 ms to be online
[log] [2026-04-09T18:25:00.733Z] [AppStart] Received PASInitComplete, proceeding with app startup
[log] [2026-04-09T18:25:00.734Z] [AppStart] launchApp()
[log] [2026-04-09T18:25:00.735Z] [AppStart] Waiting for app to be ready
[log] [2026-04-09T18:25:00.735Z] [AppStart] onReady() app is ready
[log] [2026-04-09T18:25:00.735Z] [AppStart] Using process.resourcePath = /tmp/.mount_BeeperNmWArL/resources
[log] [2026-04-09T18:25:00.735Z] [AppStart] createMainWindow()
[log] [2026-04-09T18:25:00.737Z] [windowStateKeeper] main initialized with saved store. Loaded window state: {"x":0,"y":0,"width":1898,"height":1026,"isMinimized":false,"isMaximized":false,"isFullScreen":false,"isVisible":true,"displayBounds":{"x":0,"y":0,"width":1920,"height":1080}}
[log] [2026-04-09T18:25:00.974Z] [AppStart] TextsSwift.addPreferredScrollerStyleChangeListener()
[log] [2026-04-09T18:25:00.974Z] [AppStart] [PowerMonitor] Registering power events
[info] [2026-04-09T18:25:00.975Z] [PowerMonitor] Idle monitoring enabled with threshold: 300s
[info] [2026-04-09T18:25:00.980Z] [PowerMonitor] Starting idle monitor with threshold: 300s, initial state: active
[log] [2026-04-09T18:25:03.308Z] shown window in 5997 ms
[log] [2026-04-09T18:25:04.310Z] [windowStateKeeper] main Saving state: {"x":0,"y":0,"width":1898,"height":1026,"isMinimized":false,"isMaximized":false,"isFullScreen":false,"isVisible":true,"displayBounds":{"x":0,"y":0,"width":1920,"height":1080}}
[log] [2026-04-09T18:25:50.203Z] [windowStateKeeper] main Saving state: {"x":0,"y":0,"width":1898,"height":1026,"isMinimized":false,"isMaximized":false,"isFullScreen":false,"isVisible":true,"displayBounds":{"x":0,"y":0,"width":1920,"height":1080}}
[log] [2026-04-09T18:26:02.860Z] [Updates] [checkForUpdates] checking for updates (automatic? true)
[log] [2026-04-09T18:26:02.863Z] [electron-updater] Checking for update
[log] [2026-04-09T18:26:02.863Z] [Updates] [Event] checking-for-update
[log] [2026-04-09T18:26:03.507Z] [electron-updater] Found version 4.2.715 (url: https://beeper-desktop.download.beeper.com/builds/Beeper-4.2.715-x86_64.AppImage)
[log] [2026-04-09T18:26:03.507Z] [Updates] [Event] update-available
[log] [2026-04-09T18:26:03.508Z] [electron-updater] Downloading update from https://beeper-desktop.download.beeper.com/builds/Beeper-4.2.715-x86_64.AppImage
[log] [2026-04-09T18:26:03.513Z] [electron-updater] [debug] updater cache dir: /home/beeb/.cache/beepertexts-updater
[log] [2026-04-09T18:26:04.334Z] [electron-updater] Update has already been downloaded to /home/beeb/.cache/beepertexts-updater/pending/Beeper-4.2.715-x86_64.AppImage).
[debug] [2026-04-09T18:26:04.335Z] Time: Update — Download time — 0
[log] [2026-04-09T18:26:04.335Z] [Updates] [Event] update-downloaded: {"version":"4.2.715","files":[{"url":"https://beeper-desktop.download.beeper.com/builds/Beeper-4.2.715-x86_64.AppImage","size":224728828,"sha512":"u8fkT8LYyqTwDmEfcT4UwbJTIkUfNETnuoOAXMM27yE4cfTudho6VJp6QoOZtzxdNM5LWdBmRcRcZcvQTpcihA=="}],"path":"https://beeper-desktop.download.beeper.com/builds/Beeper-4.2.715-x86_64.AppImage","sha512":"u8fkT8LYyqTwDmEfcT4UwbJTIkUfNETnuoOAXMM27yE4cfTudho6VJp6QoOZtzxdNM5LWdBmRcRcZcvQTpcihA==","releaseDate":"2026-04-08T01:10:34+00:00","downloadedFile":"/home/beeb/.cache/beepertexts-updater/pending/Beeper-4.2.715-x86_64.AppImage"} in 0 seconds
[info] [2026-04-09T18:26:09.336Z] skipped sending events to legacy /metrics endpoint [{"deviceId":"5677ff8472f062013f755511263576fa5a922b9d87ed2e71c8da0b5da48560b5","type":"timing","eventData":{"category":"Update","value":"Download time","time":"0"},"metadata":{"os":{"name":"linux","version":"6.19.11-arch1-1"},"appVersion":"4.2.692","arch":"x64","isWKWV":false}}]
[log] [2026-04-09T18:26:09.960Z] [AutoUpdater] fetchUpdateFeedJSON URL=https://api.beeper.com/desktop/update-feed.json?bundleID=com.automattic.beeper.desktop&version=4.2.692&platform=linux&arch=x64&channel=stable response={"version":"4.2.715","url":"https://beeper-desktop.download.beeper.com/builds/Beeper-4.2.715-x86_64.AppImage","name":"4.2.715","notes":[],"sha512":"u8fkT8LYyqTwDmEfcT4UwbJTIkUfNETnuoOAXMM27yE4cfTudho6VJp6QoOZtzxdNM5LWdBmRcRcZcvQTpcihA==","download_size":"224728828","pub_date":"2026-04-08T01:10:34+00:00"}
[log] [2026-04-09T18:26:09.960Z] [Updates] [onUpdateDownloaded] update to 4.2.715 is now prompting for user relaunch
[info] [2026-04-09T18:33:59.527Z] [NotificationStore] newNotification: Created with id=1 accountID=instagramgo threadID=!2WLowAb3ZM3FILyTNkkA:beeper.local
[info] [2026-04-09T18:34:12.471Z] [NotificationStore] newNotification: Created with id=2 accountID=instagramgo threadID=!2WLowAb3ZM3FILyTNkkA:beeper.local
[info] [2026-04-09T18:34:58.258Z] [NotificationStore] newNotification: Created with id=3 accountID=instagramgo threadID=!2WLowAb3ZM3FILyTNkkA:beeper.local
[info] [2026-04-09T18:35:12.059Z] [NotificationStore] newNotification: Created with id=4 accountID=instagramgo threadID=!2WLowAb3ZM3FILyTNkkA:beeper.local
[log] [2026-04-09T18:42:21.424Z] [windowStateKeeper] main Saving state: {"x":0,"y":0,"width":1898,"height":1026,"isMinimized":false,"isMaximized":false,"isFullScreen":false,"isVisible":true,"displayBounds":{"x":0,"y":0,"width":1920,"height":1080}}
[info] [2026-04-09T18:42:21.633Z] [NotificationStore] closeNotification:  1,2,3,4
[info] [2026-04-09T18:48:40.829Z] [NotificationStore] newNotification: Created with id=5 accountID=instagramgo threadID=!2WLowAb3ZM3FILyTNkkA:beeper.local
[info] [2026-04-09T18:50:01.464Z] [NotificationStore] newNotification: Created with id=6 accountID=instagramgo threadID=!EYLJF5QETZx8VWCm2Jg3:beeper.local
[info] [2026-04-09T19:02:18.149Z] [NotificationStore] newNotification: Created with id=7 accountID=instagramgo threadID=!kvFNTYOat6AKFoVfUz87:beeper.local
[info] [2026-04-09T19:02:23.782Z] [NotificationStore] newNotification: Created with id=8 accountID=instagramgo threadID=!kvFNTYOat6AKFoVfUz87:beeper.local
[info] [2026-04-09T19:02:29.314Z] [NotificationStore] newNotification: Created with id=9 accountID=instagramgo threadID=!kvFNTYOat6AKFoVfUz87:beeper.local
[info] [2026-04-09T19:03:13.371Z] [NotificationStore] closeNotification:  7
[info] [2026-04-09T19:03:13.513Z] [NotificationStore] closeNotification:  8,9
[info] [2026-04-09T19:03:57.874Z] [NotificationStore] closeNotification:  5
[info] [2026-04-09T19:04:09.786Z] [NotificationStore] closeNotification:  6
[info] [2026-04-09T19:04:25.150Z] [NotificationStore] newNotification: Created with id=10 accountID=instagramgo threadID=!kvFNTYOat6AKFoVfUz87:beeper.local
[info] [2026-04-09T19:04:58.097Z] [NotificationStore] newNotification: Created with id=11 accountID=instagramgo threadID=!kvFNTYOat6AKFoVfUz87:beeper.local
[info] [2026-04-09T19:12:53.864Z] [NotificationStore] newNotification: Created with id=12 accountID=instagramgo threadID=!kvFNTYOat6AKFoVfUz87:beeper.local
[info] [2026-04-09T19:13:26.121Z] [NotificationStore] newNotification: Created with id=13 accountID=instagramgo threadID=!kvFNTYOat6AKFoVfUz87:beeper.local
[log] [2026-04-09T19:26:03.510Z] [Updates] [checkForUpdates] checking for updates (automatic? true)
[log] [2026-04-09T19:26:03.512Z] [electron-updater] Checking for update
[log] [2026-04-09T19:26:03.513Z] [Updates] [Event] checking-for-update
[log] [2026-04-09T19:26:04.360Z] [electron-updater] Found version 4.2.715 (url: https://beeper-desktop.download.beeper.com/builds/Beeper-4.2.715-x86_64.AppImage)
[log] [2026-04-09T19:26:04.360Z] [Updates] [Event] update-available
[log] [2026-04-09T19:26:04.360Z] [electron-updater] Downloading update from https://beeper-desktop.download.beeper.com/builds/Beeper-4.2.715-x86_64.AppImage
[debug] [2026-04-09T19:26:04.368Z] Time: Update — Download time — 0
[log] [2026-04-09T19:26:04.369Z] [Updates] [Event] update-downloaded: {"version":"4.2.715","files":[{"url":"https://beeper-desktop.download.beeper.com/builds/Beeper-4.2.715-x86_64.AppImage","size":224728828,"sha512":"u8fkT8LYyqTwDmEfcT4UwbJTIkUfNETnuoOAXMM27yE4cfTudho6VJp6QoOZtzxdNM5LWdBmRcRcZcvQTpcihA=="}],"path":"https://beeper-desktop.download.beeper.com/builds/Beeper-4.2.715-x86_64.AppImage","sha512":"u8fkT8LYyqTwDmEfcT4UwbJTIkUfNETnuoOAXMM27yE4cfTudho6VJp6QoOZtzxdNM5LWdBmRcRcZcvQTpcihA==","releaseDate":"2026-04-08T01:10:34+00:00","downloadedFile":"/home/beeb/.cache/beepertexts-updater/pending/Beeper-4.2.715-x86_64.AppImage"} in 0 seconds
[log] [2026-04-09T19:26:04.938Z] [AutoUpdater] fetchUpdateFeedJSON URL=https://api.beeper.com/desktop/update-feed.json?bundleID=com.automattic.beeper.desktop&version=4.2.692&platform=linux&arch=x64&channel=stable response={"version":"4.2.715","url":"https://beeper-desktop.download.beeper.com/builds/Beeper-4.2.715-x86_64.AppImage","name":"4.2.715","notes":[],"sha512":"u8fkT8LYyqTwDmEfcT4UwbJTIkUfNETnuoOAXMM27yE4cfTudho6VJp6QoOZtzxdNM5LWdBmRcRcZcvQTpcihA==","download_size":"224728828","pub_date":"2026-04-08T01:10:34+00:00"}
[log] [2026-04-09T19:26:04.938Z] [Updates] [onUpdateDownloaded] update to 4.2.715 is now prompting for user relaunch
[info] [2026-04-09T19:26:09.369Z] skipped sending events to legacy /metrics endpoint [{"deviceId":"5677ff8472f062013f755511263576fa5a922b9d87ed2e71c8da0b5da48560b5","type":"timing","eventData":{"category":"Update","value":"Download time","time":"0"},"metadata":{"os":{"name":"linux","version":"6.19.11-arch1-1"},"appVersion":"4.2.692","arch":"x64","isWKWV":false}}]
[info] [2026-04-09T19:43:45.003Z] [NotificationStore] newNotification: Created with id=14 accountID=instagramgo threadID=!2WLowAb3ZM3FILyTNkkA:beeper.local
[log] [2026-04-09T19:43:49.527Z] [windowStateKeeper] main Saving state: {"x":0,"y":0,"width":1898,"height":1026,"isMinimized":false,"isMaximized":false,"isFullScreen":false,"isVisible":true,"displayBounds":{"x":0,"y":0,"width":1920,"height":1080}}
[info] [2026-04-09T19:46:05.961Z] [NotificationStore] closeNotification:  14
[info] [2026-04-09T19:46:22.286Z] [NotificationStore] closeNotification:  10,11,12,13
[info] [2026-04-09T19:51:22.481Z] [NotificationStore] newNotification: Created with id=15 accountID=instagramgo threadID=!2WLowAb3ZM3FILyTNkkA:beeper.local
[info] [2026-04-09T19:57:39.930Z] [NotificationStore] newNotification: Created with id=16 accountID=instagramgo threadID=!kvFNTYOat6AKFoVfUz87:beeper.local
[info] [2026-04-09T19:57:44.028Z] [NotificationStore] newNotification: Created with id=17 accountID=instagramgo threadID=!kvFNTYOat6AKFoVfUz87:beeper.local
[info] [2026-04-09T19:57:48.446Z] [NotificationStore] newNotification: Created with id=18 accountID=instagramgo threadID=!kvFNTYOat6AKFoVfUz87:beeper.local
[info] [2026-04-09T20:03:34.338Z] [NotificationStore] newNotification: Created with id=19 accountID=instagramgo threadID=!kvFNTYOat6AKFoVfUz87:beeper.local
[info] [2026-04-09T20:04:11.523Z] [NotificationStore] newNotification: Created with id=20 accountID=instagramgo threadID=!kvFNTYOat6AKFoVfUz87:beeper.local
[info] [2026-04-09T20:04:15.120Z] [NotificationStore] newNotification: Created with id=21 accountID=instagramgo threadID=!kvFNTYOat6AKFoVfUz87:beeper.local
[info] [2026-04-09T20:04:23.335Z] [NotificationStore] newNotification: Created with id=22 accountID=instagramgo threadID=!kvFNTYOat6AKFoVfUz87:beeper.local
[info] [2026-04-09T20:04:37.119Z] [NotificationStore] newNotification: Created with id=23 accountID=instagramgo threadID=!kvFNTYOat6AKFoVfUz87:beeper.local
[log] [2026-04-09T20:26:04.361Z] [Updates] [checkForUpdates] checking for updates (automatic? true)
[log] [2026-04-09T20:26:04.362Z] [electron-updater] Checking for update
[log] [2026-04-09T20:26:04.362Z] [Updates] [Event] checking-for-update
[log] [2026-04-09T20:26:05.280Z] [electron-updater] Found version 4.2.715 (url: https://beeper-desktop.download.beeper.com/builds/Beeper-4.2.715-x86_64.AppImage)
[log] [2026-04-09T20:26:05.280Z] [Updates] [Event] update-available
[log] [2026-04-09T20:26:05.280Z] [electron-updater] Downloading update from https://beeper-desktop.download.beeper.com/builds/Beeper-4.2.715-x86_64.AppImage
[debug] [2026-04-09T20:26:05.281Z] Time: Update — Download time — 0
[log] [2026-04-09T20:26:05.282Z] [Updates] [Event] update-downloaded: {"version":"4.2.715","files":[{"url":"https://beeper-desktop.download.beeper.com/builds/Beeper-4.2.715-x86_64.AppImage","size":224728828,"sha512":"u8fkT8LYyqTwDmEfcT4UwbJTIkUfNETnuoOAXMM27yE4cfTudho6VJp6QoOZtzxdNM5LWdBmRcRcZcvQTpcihA=="}],"path":"https://beeper-desktop.download.beeper.com/builds/Beeper-4.2.715-x86_64.AppImage","sha512":"u8fkT8LYyqTwDmEfcT4UwbJTIkUfNETnuoOAXMM27yE4cfTudho6VJp6QoOZtzxdNM5LWdBmRcRcZcvQTpcihA==","releaseDate":"2026-04-08T01:10:34+00:00","downloadedFile":"/home/beeb/.cache/beepertexts-updater/pending/Beeper-4.2.715-x86_64.AppImage"} in 0 seconds
[log] [2026-04-09T20:26:05.790Z] [AutoUpdater] fetchUpdateFeedJSON URL=https://api.beeper.com/desktop/update-feed.json?bundleID=com.automattic.beeper.desktop&version=4.2.692&platform=linux&arch=x64&channel=stable response={"version":"4.2.715","url":"https://beeper-desktop.download.beeper.com/builds/Beeper-4.2.715-x86_64.AppImage","name":"4.2.715","notes":[],"sha512":"u8fkT8LYyqTwDmEfcT4UwbJTIkUfNETnuoOAXMM27yE4cfTudho6VJp6QoOZtzxdNM5LWdBmRcRcZcvQTpcihA==","download_size":"224728828","pub_date":"2026-04-08T01:10:34+00:00"}
[log] [2026-04-09T20:26:05.790Z] [Updates] [onUpdateDownloaded] update to 4.2.715 is now prompting for user relaunch
[info] [2026-04-09T20:26:10.281Z] skipped sending events to legacy /metrics endpoint [{"deviceId":"5677ff8472f062013f755511263576fa5a922b9d87ed2e71c8da0b5da48560b5","type":"timing","eventData":{"category":"Update","value":"Download time","time":"0"},"metadata":{"os":{"name":"linux","version":"6.19.11-arch1-1"},"appVersion":"4.2.692","arch":"x64","isWKWV":false}}]
[info] [2026-04-09T20:26:22.606Z] [NotificationStore] newNotification: Created with id=24 accountID=instagramgo threadID=!kvFNTYOat6AKFoVfUz87:beeper.local
[info] [2026-04-09T20:26:35.532Z] [NotificationStore] closeNotification:  16
[info] [2026-04-09T20:26:36.024Z] [NotificationStore] closeNotification:  17,18,19,20,21,22,23,24
[info] [2026-04-09T20:28:52.934Z] [NotificationStore] newNotification: Created with id=25 accountID=instagramgo threadID=!kvFNTYOat6AKFoVfUz87:beeper.local
[info] [2026-04-09T20:28:57.844Z] [NotificationStore] closeNotification:  25
[info] [2026-04-09T20:34:34.512Z] [NotificationStore] newNotification: Created with id=26 accountID=instagramgo threadID=!kvFNTYOat6AKFoVfUz87:beeper.local
[info] [2026-04-09T20:34:43.777Z] [NotificationStore] newNotification: Created with id=27 accountID=instagramgo threadID=!kvFNTYOat6AKFoVfUz87:beeper.local
[log] [2026-04-09T20:35:23.472Z] [windowStateKeeper] main Saving state: {"x":0,"y":0,"width":1898,"height":1058,"isMinimized":false,"isMaximized":false,"isFullScreen":false,"isVisible":true,"displayBounds":{"x":0,"y":0,"width":1920,"height":1080}}
[log] [2026-04-09T20:37:11.251Z] [windowStateKeeper] main Saving state: {"x":0,"y":0,"width":1898,"height":1026,"isMinimized":false,"isMaximized":false,"isFullScreen":false,"isVisible":true,"displayBounds":{"x":0,"y":0,"width":1920,"height":1080}}
[info] [2026-04-09T20:37:42.388Z] [NotificationStore] closeNotification:  26,27
[info] [2026-04-09T20:37:58.761Z] [NotificationStore] closeNotification:  15
[info] [2026-04-09T20:41:47.474Z] [NotificationStore] newNotification: Created with id=28 accountID=instagramgo threadID=!kvFNTYOat6AKFoVfUz87:beeper.local
[info] [2026-04-09T20:41:56.208Z] [NotificationStore] newNotification: Created with id=29 accountID=instagramgo threadID=!kvFNTYOat6AKFoVfUz87:beeper.local
[info] [2026-04-09T20:42:17.935Z] [NotificationStore] newNotification: Created with id=30 accountID=instagramgo threadID=!kvFNTYOat6AKFoVfUz87:beeper.local
[info] [2026-04-09T20:42:23.772Z] [NotificationStore] newNotification: Created with id=31 accountID=instagramgo threadID=!kvFNTYOat6AKFoVfUz87:beeper.local
[info] [2026-04-09T20:42:29.443Z] [NotificationStore] closeNotification:  28,29,30
[info] [2026-04-09T20:42:29.678Z] [NotificationStore] closeNotification:  31
[info] [2026-04-09T20:43:08.644Z] [NotificationStore] newNotification: Created with id=32 accountID=instagramgo threadID=!kvFNTYOat6AKFoVfUz87:beeper.local
[info] [2026-04-09T20:43:20.864Z] [NotificationStore] newNotification: Created with id=33 accountID=instagramgo threadID=!kvFNTYOat6AKFoVfUz87:beeper.local
[info] [2026-04-09T20:43:35.188Z] [NotificationStore] newNotification: Created with id=34 accountID=instagramgo threadID=!kvFNTYOat6AKFoVfUz87:beeper.local
[info] [2026-04-09T20:44:03.280Z] [NotificationStore] closeNotification:  32
[info] [2026-04-09T20:44:03.734Z] [NotificationStore] closeNotification:  33,34
[info] [2026-04-09T20:44:26.907Z] [NotificationStore] newNotification: Created with id=35 accountID=instagramgo threadID=!kvFNTYOat6AKFoVfUz87:beeper.local
[info] [2026-04-09T20:44:28.688Z] [NotificationStore] closeNotification:  35
[info] [2026-04-09T20:45:07.331Z] [NotificationStore] newNotification: Created with id=36 accountID=instagramgo threadID=!kvFNTYOat6AKFoVfUz87:beeper.local
[info] [2026-04-09T20:45:13.970Z] [NotificationStore] closeNotification:  36
[info] [2026-04-09T20:45:46.780Z] [NotificationStore] newNotification: Created with id=37 accountID=instagramgo threadID=!kvFNTYOat6AKFoVfUz87:beeper.local
[info] [2026-04-09T20:45:56.927Z] [NotificationStore] newNotification: Created with id=38 accountID=instagramgo threadID=!kvFNTYOat6AKFoVfUz87:beeper.local
[info] [2026-04-09T20:47:01.908Z] [NotificationStore] closeNotification:  37,38
[info] [2026-04-09T20:47:37.996Z] [NotificationStore] newNotification: Created with id=39 accountID=instagramgo threadID=!kvFNTYOat6AKFoVfUz87:beeper.local
[info] [2026-04-09T20:47:54.636Z] [NotificationStore] newNotification: Created with id=40 accountID=instagramgo threadID=!kvFNTYOat6AKFoVfUz87:beeper.local
[info] [2026-04-09T20:48:09.740Z] [NotificationStore] newNotification: Created with id=41 accountID=instagramgo threadID=!kvFNTYOat6AKFoVfUz87:beeper.local
[info] [2026-04-09T20:54:23.426Z] [NotificationStore] closeNotification:  39
[info] [2026-04-09T20:54:23.566Z] [NotificationStore] closeNotification:  40,41
[info] [2026-04-09T20:55:01.088Z] [NotificationStore] newNotification: Created with id=42 accountID=instagramgo threadID=!kvFNTYOat6AKFoVfUz87:beeper.local
[info] [2026-04-09T20:55:04.912Z] [NotificationStore] newNotification: Created with id=43 accountID=instagramgo threadID=!kvFNTYOat6AKFoVfUz87:beeper.local
[info] [2026-04-09T20:57:26.739Z] [NotificationStore] closeNotification:  42,43
[info] [2026-04-09T21:06:26.416Z] [NotificationStore] newNotification: Created with id=44 accountID=instagramgo threadID=!kvFNTYOat6AKFoVfUz87:beeper.local
[info] [2026-04-09T21:06:32.544Z] [NotificationStore] closeNotification:  44
[info] [2026-04-09T21:07:44.875Z] [NotificationStore] newNotification: Created with id=45 accountID=instagramgo threadID=!kvFNTYOat6AKFoVfUz87:beeper.local
[info] [2026-04-09T21:08:21.356Z] [NotificationStore] newNotification: Created with id=46 accountID=instagramgo threadID=!kvFNTYOat6AKFoVfUz87:beeper.local
[info] [2026-04-09T21:08:25.407Z] [NotificationStore] closeNotification:  45,46
[info] [2026-04-09T21:08:59.989Z] [NotificationStore] newNotification: Created with id=47 accountID=instagramgo threadID=!kvFNTYOat6AKFoVfUz87:beeper.local
[info] [2026-04-09T21:11:33.299Z] [NotificationStore] newNotification: Created with id=48 accountID=instagramgo threadID=!kvFNTYOat6AKFoVfUz87:beeper.local
[info] [2026-04-09T21:12:01.457Z] [NotificationStore] newNotification: Created with id=49 accountID=instagramgo threadID=!kvFNTYOat6AKFoVfUz87:beeper.local
[info] [2026-04-09T21:13:05.839Z] [NotificationStore] closeNotification:  47,48,49
[info] [2026-04-09T21:14:47.674Z] [NotificationStore] newNotification: Created with id=50 accountID=instagramgo threadID=!kvFNTYOat6AKFoVfUz87:beeper.local
[info] [2026-04-09T21:15:06.090Z] [NotificationStore] newNotification: Created with id=51 accountID=instagramgo threadID=!kvFNTYOat6AKFoVfUz87:beeper.local
[info] [2026-04-09T21:15:29.129Z] [NotificationStore] newNotification: Created with id=52 accountID=instagramgo threadID=!kvFNTYOat6AKFoVfUz87:beeper.local
[info] [2026-04-09T21:15:40.606Z] [NotificationStore] newNotification: Created with id=53 accountID=instagramgo threadID=!kvFNTYOat6AKFoVfUz87:beeper.local
[info] [2026-04-09T21:16:00.265Z] [NotificationStore] newNotification: Created with id=54 accountID=instagramgo threadID=!kvFNTYOat6AKFoVfUz87:beeper.local
[info] [2026-04-09T21:16:13.171Z] [NotificationStore] newNotification: Created with id=55 accountID=instagramgo threadID=!kvFNTYOat6AKFoVfUz87:beeper.local
[info] [2026-04-09T21:17:00.282Z] [NotificationStore] closeNotification:  50
[info] [2026-04-09T21:17:00.487Z] [NotificationStore] closeNotification:  51,52,53,54,55
[info] [2026-04-09T21:18:15.744Z] [NotificationStore] newNotification: Created with id=56 accountID=instagramgo threadID=!kvFNTYOat6AKFoVfUz87:beeper.local
[info] [2026-04-09T21:24:46.265Z] [NotificationStore] closeNotification:  56
[info] [2026-04-09T21:25:11.291Z] [NotificationStore] newNotification: Created with id=57 accountID=instagramgo threadID=!kvFNTYOat6AKFoVfUz87:beeper.local
[info] [2026-04-09T21:25:11.873Z] [NotificationStore] newNotification: Created with id=58 accountID=instagramgo threadID=!kvFNTYOat6AKFoVfUz87:beeper.local
[info] [2026-04-09T21:25:28.490Z] [NotificationStore] newNotification: Created with id=59 accountID=instagramgo threadID=!kvFNTYOat6AKFoVfUz87:beeper.local
[info] [2026-04-09T21:25:33.496Z] [NotificationStore] newNotification: Created with id=60 accountID=instagramgo threadID=!kvFNTYOat6AKFoVfUz87:beeper.local
[log] [2026-04-09T21:26:05.281Z] [Updates] [checkForUpdates] checking for updates (automatic? true)
[log] [2026-04-09T21:26:05.283Z] [electron-updater] Checking for update
[log] [2026-04-09T21:26:05.283Z] [Updates] [Event] checking-for-update
[log] [2026-04-09T21:26:06.053Z] [electron-updater] Found version 4.2.715 (url: https://beeper-desktop.download.beeper.com/builds/Beeper-4.2.715-x86_64.AppImage)
[log] [2026-04-09T21:26:06.054Z] [Updates] [Event] update-available
[log] [2026-04-09T21:26:06.054Z] [electron-updater] Downloading update from https://beeper-desktop.download.beeper.com/builds/Beeper-4.2.715-x86_64.AppImage
[debug] [2026-04-09T21:26:06.058Z] Time: Update — Download time — 0
[log] [2026-04-09T21:26:06.058Z] [Updates] [Event] update-downloaded: {"version":"4.2.715","files":[{"url":"https://beeper-desktop.download.beeper.com/builds/Beeper-4.2.715-x86_64.AppImage","size":224728828,"sha512":"u8fkT8LYyqTwDmEfcT4UwbJTIkUfNETnuoOAXMM27yE4cfTudho6VJp6QoOZtzxdNM5LWdBmRcRcZcvQTpcihA=="}],"path":"https://beeper-desktop.download.beeper.com/builds/Beeper-4.2.715-x86_64.AppImage","sha512":"u8fkT8LYyqTwDmEfcT4UwbJTIkUfNETnuoOAXMM27yE4cfTudho6VJp6QoOZtzxdNM5LWdBmRcRcZcvQTpcihA==","releaseDate":"2026-04-08T01:10:34+00:00","downloadedFile":"/home/beeb/.cache/beepertexts-updater/pending/Beeper-4.2.715-x86_64.AppImage"} in 0 seconds
[log] [2026-04-09T21:26:06.593Z] [AutoUpdater] fetchUpdateFeedJSON URL=https://api.beeper.com/desktop/update-feed.json?bundleID=com.automattic.beeper.desktop&version=4.2.692&platform=linux&arch=x64&channel=stable response={"version":"4.2.715","url":"https://beeper-desktop.download.beeper.com/builds/Beeper-4.2.715-x86_64.AppImage","name":"4.2.715","notes":[],"sha512":"u8fkT8LYyqTwDmEfcT4UwbJTIkUfNETnuoOAXMM27yE4cfTudho6VJp6QoOZtzxdNM5LWdBmRcRcZcvQTpcihA==","download_size":"224728828","pub_date":"2026-04-08T01:10:34+00:00"}
[log] [2026-04-09T21:26:06.594Z] [Updates] [onUpdateDownloaded] update to 4.2.715 is now prompting for user relaunch
[info] [2026-04-09T21:26:11.059Z] skipped sending events to legacy /metrics endpoint [{"deviceId":"5677ff8472f062013f755511263576fa5a922b9d87ed2e71c8da0b5da48560b5","type":"timing","eventData":{"category":"Update","value":"Download time","time":"0"},"metadata":{"os":{"name":"linux","version":"6.19.11-arch1-1"},"appVersion":"4.2.692","arch":"x64","isWKWV":false}}]
[info] [2026-04-09T21:28:56.781Z] [NotificationStore] closeNotification:  57
[info] [2026-04-09T21:28:57.064Z] [NotificationStore] closeNotification:  58,59,60
[info] [2026-04-09T21:31:16.335Z] [NotificationStore] newNotification: Created with id=61 accountID=instagramgo threadID=!kvFNTYOat6AKFoVfUz87:beeper.local
[info] [2026-04-09T21:33:19.017Z] [NotificationStore] closeNotification:  61
[info] [2026-04-09T21:35:42.315Z] [NotificationStore] newNotification: Created with id=62 accountID=instagramgo threadID=!kvFNTYOat6AKFoVfUz87:beeper.local
[info] [2026-04-09T21:36:26.427Z] [NotificationStore] closeNotification:  62
[info] [2026-04-09T21:37:01.759Z] [NotificationStore] newNotification: Created with id=63 accountID=instagramgo threadID=!kvFNTYOat6AKFoVfUz87:beeper.local
[info] [2026-04-09T21:37:49.897Z] [NotificationStore] closeNotification:  63
[info] [2026-04-09T21:39:35.355Z] [NotificationStore] newNotification: Created with id=64 accountID=instagramgo threadID=!kvFNTYOat6AKFoVfUz87:beeper.local
[info] [2026-04-09T21:41:54.370Z] [NotificationStore] closeNotification:  64
[info] [2026-04-09T21:42:14.696Z] [NotificationStore] newNotification: Created with id=65 accountID=instagramgo threadID=!kvFNTYOat6AKFoVfUz87:beeper.local
[info] [2026-04-09T21:42:29.422Z] [NotificationStore] closeNotification:  65
[info] [2026-04-09T21:42:48.994Z] [NotificationStore] newNotification: Created with id=66 accountID=instagramgo threadID=!kvFNTYOat6AKFoVfUz87:beeper.local
[info] [2026-04-09T21:43:12.577Z] [NotificationStore] newNotification: Created with id=67 accountID=instagramgo threadID=!kvFNTYOat6AKFoVfUz87:beeper.local
[info] [2026-04-09T21:44:04.158Z] [NotificationStore] closeNotification:  66,67
[info] [2026-04-09T21:45:24.953Z] [NotificationStore] newNotification: Created with id=68 accountID=instagramgo threadID=!kvFNTYOat6AKFoVfUz87:beeper.local
[info] [2026-04-09T21:49:10.220Z] [NotificationStore] closeNotification:  68
[info] [2026-04-09T21:49:43.402Z] [NotificationStore] newNotification: Created with id=69 accountID=hungryserv threadID=
[info] [2026-04-09T21:49:54.010Z] [NotificationStore] closeNotification:  69
[info] [2026-04-09T22:01:26.156Z] [PowerMonitor] System shutting down
[log] [2026-04-14T17:17:03.497Z] [AppStart] main()
[log] [2026-04-14T17:17:03.504Z] [AppStart] You're running Beeper v4.2.692 (production) on linux 6.19.11-arch1-1 x64 (server env: production)
[log] [2026-04-14T17:17:03.633Z] [AppStart] running with electron
[log] [2026-04-14T17:17:03.633Z] [AppStart] runWorker(platform_worker)
[log] [2026-04-14T17:17:03.634Z] platform_worker starting worker
[log] [2026-04-14T17:17:03.640Z] [AppStart] Waiting for PASInitComplete
[log] [2026-04-14T17:17:03.917Z] platform_worker took 283 ms to be online
[log] [2026-04-14T17:17:05.195Z] [AppStart] Received PASInitComplete, proceeding with app startup
[log] [2026-04-14T17:17:05.196Z] [AppStart] launchApp()
[log] [2026-04-14T17:17:05.196Z] [AppStart] Waiting for app to be ready
[log] [2026-04-14T17:17:05.196Z] [AppStart] onReady() app is ready
[log] [2026-04-14T17:17:05.197Z] [AppStart] Using process.resourcePath = /tmp/.mount_BeepersmoOt7/resources
[log] [2026-04-14T17:17:05.197Z] [AppStart] createMainWindow()
[log] [2026-04-14T17:17:05.199Z] [windowStateKeeper] main initialized with saved store. Loaded window state: {"x":0,"y":0,"width":1898,"height":1026,"isMinimized":false,"isMaximized":false,"isFullScreen":false,"isVisible":true,"displayBounds":{"x":0,"y":0,"width":1920,"height":1080}}
[log] [2026-04-14T17:17:05.442Z] [AppStart] TextsSwift.addPreferredScrollerStyleChangeListener()
[log] [2026-04-14T17:17:05.443Z] [AppStart] [PowerMonitor] Registering power events
[info] [2026-04-14T17:17:05.444Z] [PowerMonitor] Idle monitoring enabled with threshold: 300s
[info] [2026-04-14T17:17:05.448Z] [PowerMonitor] Starting idle monitor with threshold: 300s, initial state: active
[log] [2026-04-14T17:17:06.669Z] shown window in 4950 ms
[log] [2026-04-14T17:17:07.671Z] [windowStateKeeper] main Saving state: {"x":0,"y":0,"width":1898,"height":1026,"isMinimized":false,"isMaximized":false,"isFullScreen":false,"isVisible":true,"displayBounds":{"x":0,"y":0,"width":1920,"height":1080}}
[log] [2026-04-14T17:18:07.061Z] [Updates] [checkForUpdates] checking for updates (automatic? true)
[log] [2026-04-14T17:18:07.076Z] [electron-updater] Checking for update
[log] [2026-04-14T17:18:07.077Z] [Updates] [Event] checking-for-update
[log] [2026-04-14T17:18:07.727Z] [electron-updater] Found version 4.2.715 (url: https://beeper-desktop.download.beeper.com/builds/Beeper-4.2.715-x86_64.AppImage)
[log] [2026-04-14T17:18:07.727Z] [Updates] [Event] update-available
[log] [2026-04-14T17:18:07.727Z] [electron-updater] Downloading update from https://beeper-desktop.download.beeper.com/builds/Beeper-4.2.715-x86_64.AppImage
[log] [2026-04-14T17:18:07.731Z] [electron-updater] [debug] updater cache dir: /home/beeb/.cache/beepertexts-updater
[log] [2026-04-14T17:18:08.687Z] [electron-updater] Update has already been downloaded to /home/beeb/.cache/beepertexts-updater/pending/Beeper-4.2.715-x86_64.AppImage).
[debug] [2026-04-14T17:18:08.689Z] Time: Update — Download time — 0
[log] [2026-04-14T17:18:08.690Z] [Updates] [Event] update-downloaded: {"version":"4.2.715","files":[{"url":"https://beeper-desktop.download.beeper.com/builds/Beeper-4.2.715-x86_64.AppImage","size":224728828,"sha512":"u8fkT8LYyqTwDmEfcT4UwbJTIkUfNETnuoOAXMM27yE4cfTudho6VJp6QoOZtzxdNM5LWdBmRcRcZcvQTpcihA=="}],"path":"https://beeper-desktop.download.beeper.com/builds/Beeper-4.2.715-x86_64.AppImage","sha512":"u8fkT8LYyqTwDmEfcT4UwbJTIkUfNETnuoOAXMM27yE4cfTudho6VJp6QoOZtzxdNM5LWdBmRcRcZcvQTpcihA==","releaseDate":"2026-04-08T01:10:34+00:00","downloadedFile":"/home/beeb/.cache/beepertexts-updater/pending/Beeper-4.2.715-x86_64.AppImage"} in 0 seconds
[log] [2026-04-14T17:18:09.351Z] [AutoUpdater] fetchUpdateFeedJSON URL=https://api.beeper.com/desktop/update-feed.json?bundleID=com.automattic.beeper.desktop&version=4.2.692&platform=linux&arch=x64&channel=stable response={"version":"4.2.715","url":"https://beeper-desktop.download.beeper.com/builds/Beeper-4.2.715-x86_64.AppImage","name":"4.2.715","notes":[],"sha512":"u8fkT8LYyqTwDmEfcT4UwbJTIkUfNETnuoOAXMM27yE4cfTudho6VJp6QoOZtzxdNM5LWdBmRcRcZcvQTpcihA==","download_size":"224728828","pub_date":"2026-04-08T01:10:34+00:00"}
[log] [2026-04-14T17:18:09.352Z] [Updates] [onUpdateDownloaded] update to 4.2.715 is now prompting for user relaunch
[log] [2026-04-14T17:18:13.568Z] [Updates] [quitAndUpdate] called
[log] [2026-04-14T17:18:13.569Z] [electron-updater] Install on explicit quitAndInstall
[log] [2026-04-14T17:18:13.569Z] [electron-updater] Install: isSilent: false, isForceRunAfter: true
[log] [2026-04-14T17:18:13.589Z] [electron-updater] Executing: /home/beeb/Downloads/Beeper-4.2.715-x86_64.AppImage with args: 
[log] [2026-04-14T17:18:13.599Z] [App] before-quit fired
[log] [2026-04-14T17:18:16.351Z] [AppStart] main()
[log] [2026-04-14T17:18:16.357Z] [AppStart] You're running Beeper v4.2.715 (production) on linux 6.19.11-arch1-1 x64 (server env: production)
[log] [2026-04-14T17:18:16.511Z] [AppStart] running with electron
[log] [2026-04-14T17:18:16.511Z] [AppStart] runWorker(platform_worker)
[log] [2026-04-14T17:18:16.512Z] platform_worker starting worker
[log] [2026-04-14T17:18:16.518Z] [AppStart] Waiting for PASInitComplete
[log] [2026-04-14T17:18:16.729Z] platform_worker took 217 ms to be online
[log] [2026-04-14T17:18:18.121Z] [AppStart] Received PASInitComplete, proceeding with app startup
[log] [2026-04-14T17:18:18.122Z] [AppStart] launchApp()
[log] [2026-04-14T17:18:18.122Z] [AppStart] Waiting for app to be ready
[log] [2026-04-14T17:18:18.122Z] [AppStart] onReady() app is ready
[log] [2026-04-14T17:18:18.122Z] [AppStart] Using process.resourcePath = /home/beeb/.config/BeeperTexts/sdk-tmp/.mount_BeeperbLbbYO/resources
[log] [2026-04-14T17:18:18.324Z] [AppStart] createMainWindow()
[log] [2026-04-14T17:18:18.326Z] [windowStateKeeper] main initialized with saved store. Loaded window state: {"x":0,"y":0,"width":1898,"height":1026,"isMinimized":false,"isMaximized":false,"isFullScreen":false,"isVisible":true,"displayBounds":{"x":0,"y":0,"width":1920,"height":1080}}
[log] [2026-04-14T17:18:18.529Z] [AppStart] TextsSwift.addPreferredScrollerStyleChangeListener()
[log] [2026-04-14T17:18:18.529Z] [AppStart] [PowerMonitor] Registering power events
[info] [2026-04-14T17:18:18.530Z] [PowerMonitor] Idle monitoring enabled with threshold: 300s
[info] [2026-04-14T17:18:18.534Z] [PowerMonitor] Starting idle monitor with threshold: 300s, initial state: active
[log] [2026-04-14T17:18:20.485Z] shown window in 5699 ms
[log] [2026-04-14T17:18:21.495Z] [windowStateKeeper] main Saving state: {"x":0,"y":0,"width":942,"height":1026,"isMinimized":false,"isMaximized":false,"isFullScreen":false,"isVisible":true,"displayBounds":{"x":0,"y":0,"width":1920,"height":1080}}
[log] [2026-04-14T17:18:25.670Z] [windowStateKeeper] main Saving state: {"x":0,"y":0,"width":624,"height":1026,"isMinimized":false,"isMaximized":false,"isFullScreen":false,"isVisible":true,"displayBounds":{"x":0,"y":0,"width":1920,"height":1080}}
[log] [2026-04-14T17:18:28.532Z] [App] before-quit fired
[log] [2026-04-14T17:18:48.020Z] [AppStart] main()
[log] [2026-04-14T17:18:48.027Z] [AppStart] You're running Beeper v4.2.715 (production) on linux 6.19.11-arch1-1 x64 (server env: production)
[log] [2026-04-14T17:18:48.205Z] [AppStart] running with electron
[log] [2026-04-14T17:18:48.206Z] [AppStart] runWorker(platform_worker)
[log] [2026-04-14T17:18:48.206Z] platform_worker starting worker
[log] [2026-04-14T17:18:48.215Z] [AppStart] Waiting for PASInitComplete
[log] [2026-04-14T17:18:48.469Z] platform_worker took 263 ms to be online
[log] [2026-04-14T17:18:51.249Z] [AppStart] Received PASInitComplete, proceeding with app startup
[log] [2026-04-14T17:18:51.250Z] [AppStart] launchApp()
[log] [2026-04-14T17:18:51.250Z] [AppStart] Waiting for app to be ready
[log] [2026-04-14T17:18:51.250Z] [AppStart] onReady() app is ready
[log] [2026-04-14T17:18:51.250Z] [AppStart] Using process.resourcePath = /tmp/.mount_BeeperZNusjs/resources
[log] [2026-04-14T17:18:51.251Z] [AppStart] createMainWindow()
[log] [2026-04-14T17:18:51.380Z] [windowStateKeeper] main initialized with saved store. Loaded window state: {"x":0,"y":0,"width":624,"height":1026,"isMinimized":false,"isMaximized":false,"isFullScreen":false,"isVisible":true,"displayBounds":{"x":0,"y":0,"width":1920,"height":1080}}
[log] [2026-04-14T17:18:51.691Z] [AppStart] TextsSwift.addPreferredScrollerStyleChangeListener()
[log] [2026-04-14T17:18:51.691Z] [AppStart] [PowerMonitor] Registering power events
[info] [2026-04-14T17:18:51.692Z] [PowerMonitor] Idle monitoring enabled with threshold: 300s
[info] [2026-04-14T17:18:51.695Z] [PowerMonitor] Starting idle monitor with threshold: 300s, initial state: active
[log] [2026-04-14T17:18:54.590Z] showing main window from fallback timeout
[log] [2026-04-14T17:18:55.600Z] [windowStateKeeper] main Saving state: {"x":0,"y":0,"width":1898,"height":1026,"isMinimized":false,"isMaximized":false,"isFullScreen":false,"isVisible":true,"displayBounds":{"x":0,"y":0,"width":1920,"height":1080}}
[log] [2026-04-14T17:18:57.984Z] shown window in 12267 ms
[log] [2026-04-14T17:18:58.985Z] [windowStateKeeper] main Saving state: {"x":0,"y":0,"width":1898,"height":1026,"isMinimized":false,"isMaximized":false,"isFullScreen":false,"isVisible":true,"displayBounds":{"x":0,"y":0,"width":1920,"height":1080}}
[log] [2026-04-14T17:19:53.591Z] [Updates] [checkForUpdates] checking for updates (automatic? true)
[debug] [2026-04-14T17:19:53.604Z] Event: unpleasant-message — {"origin":"autoupdater-low-disk-space","text":"Update failed because free disk space is too low. Try clearing up some files and ensure 200 MB of free space."}
[info] [2026-04-14T17:19:58.607Z] skipped sending events to legacy /metrics endpoint [{"deviceId":"5677ff8472f062013f755511263576fa5a922b9d87ed2e71c8da0b5da48560b5","type":"unpleasant-message","eventData":{"origin":"autoupdater-low-disk-space","text":"Update failed because free disk space is too low. Try clearing up some files and ensure 200 MB of free space."},"metadata":{"os":{"name":"linux","version":"6.19.11-arch1-1"},"appVersion":"4.2.715","arch":"x64","isWKWV":false}}]
[warn] [2026-04-14T17:20:25.653Z] [Updates] [checkForUpdates] not downloading updates, out of disk space
[log] [2026-04-14T18:20:25.654Z] [Updates] [checkForUpdates] checking for updates (automatic? true)
[log] [2026-04-14T18:20:25.658Z] [electron-updater] Checking for update
[log] [2026-04-14T18:20:25.659Z] [Updates] [Event] checking-for-update
[log] [2026-04-14T18:20:26.923Z] [electron-updater] Update for version 4.2.715 is not available (latest version: 4.2.715, downgrade is disallowed).
[log] [2026-04-14T18:20:26.923Z] [Updates] update-not-available
[log] [2026-04-14T18:58:08.581Z] [App] before-quit fired
[log] [2026-04-17T20:21:37.789Z] [AppStart] main()
[log] [2026-04-17T20:21:37.796Z] [AppStart] You're running Beeper v4.2.715 (production) on linux 6.19.11-arch1-1 x64 (server env: production)
[log] [2026-04-17T20:21:37.925Z] [AppStart] running with electron
[log] [2026-04-17T20:21:37.925Z] [AppStart] runWorker(platform_worker)
[log] [2026-04-17T20:21:37.926Z] platform_worker starting worker
[log] [2026-04-17T20:21:37.936Z] [AppStart] Waiting for PASInitComplete
[log] [2026-04-17T20:21:38.112Z] platform_worker took 186 ms to be online
[log] [2026-04-17T20:21:39.415Z] [AppStart] Received PASInitComplete, proceeding with app startup
[log] [2026-04-17T20:21:39.416Z] [AppStart] launchApp()
[log] [2026-04-17T20:21:39.416Z] [AppStart] Waiting for app to be ready
[log] [2026-04-17T20:21:39.417Z] [AppStart] onReady() app is ready
[log] [2026-04-17T20:21:39.417Z] [AppStart] Using process.resourcePath = /tmp/.mount_BeeperzjqrtD/resources
[log] [2026-04-17T20:21:39.599Z] [AppStart] createMainWindow()
[log] [2026-04-17T20:21:39.601Z] [windowStateKeeper] main initialized with saved store. Loaded window state: {"x":0,"y":0,"width":1898,"height":1026,"isMinimized":false,"isMaximized":false,"isFullScreen":false,"isVisible":true,"displayBounds":{"x":0,"y":0,"width":1920,"height":1080}}
[log] [2026-04-17T20:21:39.811Z] [AppStart] TextsSwift.addPreferredScrollerStyleChangeListener()
[log] [2026-04-17T20:21:39.811Z] [AppStart] [PowerMonitor] Registering power events
[info] [2026-04-17T20:21:39.812Z] [PowerMonitor] Idle monitoring enabled with threshold: 300s
[info] [2026-04-17T20:21:39.817Z] [PowerMonitor] Starting idle monitor with threshold: 300s, initial state: active
[log] [2026-04-17T20:21:41.793Z] shown window in 5665 ms
[log] [2026-04-17T20:21:42.794Z] [windowStateKeeper] main Saving state: {"x":0,"y":0,"width":1898,"height":1026,"isMinimized":false,"isMaximized":false,"isFullScreen":false,"isVisible":true,"displayBounds":{"x":0,"y":0,"width":1920,"height":1080}}
[log] [2026-04-17T20:21:45.447Z] [windowStateKeeper] main Saving state: {"x":0,"y":0,"width":943,"height":1026,"isMinimized":false,"isMaximized":false,"isFullScreen":false,"isVisible":true,"displayBounds":{"x":0,"y":0,"width":1920,"height":1080}}
[log] [2026-04-17T20:21:48.842Z] [windowStateKeeper] main Saving state: {"x":0,"y":0,"width":624,"height":1026,"isMinimized":false,"isMaximized":false,"isFullScreen":false,"isVisible":true,"displayBounds":{"x":0,"y":0,"width":1920,"height":1080}}
[log] [2026-04-17T20:21:52.375Z] [windowStateKeeper] main Saving state: {"x":0,"y":0,"width":624,"height":1026,"isMinimized":false,"isMaximized":false,"isFullScreen":false,"isVisible":true,"displayBounds":{"x":0,"y":0,"width":1920,"height":1080}}
[log] [2026-04-17T20:22:00.660Z] [windowStateKeeper] main Saving state: {"x":0,"y":0,"width":943,"height":1026,"isMinimized":false,"isMaximized":false,"isFullScreen":false,"isVisible":true,"displayBounds":{"x":0,"y":0,"width":1920,"height":1080}}
[log] [2026-04-17T20:22:41.423Z] [Updates] [checkForUpdates] checking for updates (automatic? true)
[log] [2026-04-17T20:22:41.428Z] [electron-updater] Checking for update
[log] [2026-04-17T20:22:41.429Z] [Updates] [Event] checking-for-update
[log] [2026-04-17T20:22:41.984Z] [electron-updater] Found version 4.2.742 (url: https://beeper-desktop.download.beeper.com/builds/Beeper-4.2.742-x86_64.AppImage)
[log] [2026-04-17T20:22:41.984Z] [Updates] [Event] update-available
[log] [2026-04-17T20:22:41.984Z] [electron-updater] Downloading update from https://beeper-desktop.download.beeper.com/builds/Beeper-4.2.742-x86_64.AppImage
[log] [2026-04-17T20:22:41.986Z] [electron-updater] [debug] updater cache dir: /home/beeb/.cache/beepertexts-updater
[log] [2026-04-17T20:22:41.992Z] [electron-updater] Cached update sha512 checksum doesn't match the latest available update. New update must be downloaded. Cached: u8fkT8LYyqTwDmEfcT4UwbJTIkUfNETnuoOAXMM27yE4cfTudho6VJp6QoOZtzxdNM5LWdBmRcRcZcvQTpcihA==, expected: qhImqudDdQ3OPj41ey9nxpJAf0ETuADKE/VnVEcXEEFI3NTHOSs5ELIl/XgDy241m7aFrAs/MyT48X+5Zm3L2Q==. Directory for cached update will be cleaned
[error] [2026-04-17T20:22:41.994Z] [electron-updater] Cannot download differentially, fallback to full download: RangeError [ERR_OUT_OF_RANGE]: The value of "size" is out of range. It must be >= 0 && <= 34359738367. Received NaN
    at Buffer.allocUnsafe (node:buffer:408:3)
    at OT.readRemoteBytes (file:///tmp/.mount_BeeperzjqrtD/resources/app/build/main/main-entry-B7bOu1xh.mjs:148:11017)
    at OT.download (file:///tmp/.mount_BeeperzjqrtD/resources/app/build/main/main-entry-B7bOu1xh.mjs:148:28075)
    at kT.downloadDifferential (file:///tmp/.mount_BeeperzjqrtD/resources/app/build/main/main-entry-B7bOu1xh.mjs:148:30099)
    at Object.task (file:///tmp/.mount_BeeperzjqrtD/resources/app/build/main/main-entry-B7bOu1xh.mjs:148:29573)
    at kT.executeDownload (file:///tmp/.mount_BeeperzjqrtD/resources/app/build/main/main-entry-B7bOu1xh.mjs:148:23254)
[log] [2026-04-17T20:22:45.389Z] [Updates] [Event] download-progress {"total":225114005,"delta":246229,"transferred":246229,"percent":0.10937968963770157,"bytesPerSecond":245248}
[log] [2026-04-17T20:22:46.396Z] [Updates] [Event] download-progress {"total":225114005,"delta":1129955,"transferred":1376184,"percent":0.6113275804408527,"bytesPerSecond":684328}
[log] [2026-04-17T20:22:47.411Z] [Updates] [Event] download-progress {"total":225114005,"delta":1523766,"transferred":2899950,"percent":1.2882139429752493,"bytesPerSecond":958344}
[log] [2026-04-17T20:22:48.411Z] [Updates] [Event] download-progress {"total":225114005,"delta":1003100,"transferred":3903050,"percent":1.7338103864306442,"bytesPerSecond":969461}
[log] [2026-04-17T20:22:49.544Z] [Updates] [Event] download-progress {"total":225114005,"delta":720824,"transferred":4623874,"percent":2.054014364854821,"bytesPerSecond":896273}
[log] [2026-04-17T20:22:50.548Z] [Updates] [Event] download-progress {"total":225114005,"delta":1015844,"transferred":5639718,"percent":2.505271939877752,"bytesPerSecond":915093}
[log] [2026-04-17T20:22:51.552Z] [Updates] [Event] download-progress {"total":225114005,"delta":991460,"transferred":6631178,"percent":2.9456976699428363,"bytesPerSecond":925238}
[log] [2026-04-17T20:22:52.557Z] [Updates] [Event] download-progress {"total":225114005,"delta":1130550,"transferred":7761728,"percent":3.4479098712672274,"bytesPerSecond":949795}
[log] [2026-04-17T20:22:53.557Z] [Updates] [Event] download-progress {"total":225114005,"delta":1428792,"transferred":9190520,"percent":4.08260694397934,"bytesPerSecond":1002019}
[log] [2026-04-17T20:22:54.569Z] [Updates] [Event] download-progress {"total":225114005,"delta":1097674,"transferred":10288194,"percent":4.570214989511648,"bytesPerSecond":1010231}
[log] [2026-04-17T20:22:55.725Z] [Updates] [Event] download-progress {"total":225114005,"delta":573530,"transferred":10861724,"percent":4.824988121018948,"bytesPerSecond":957824}
[log] [2026-04-17T20:22:56.002Z] [windowStateKeeper] main Saving state: {"x":0,"y":0,"width":1898,"height":1026,"isMinimized":false,"isMaximized":false,"isFullScreen":false,"isVisible":true,"displayBounds":{"x":0,"y":0,"width":1920,"height":1080}}
[log] [2026-04-17T20:22:56.801Z] [Updates] [Event] download-progress {"total":225114005,"delta":589743,"transferred":11451467,"percent":5.086963381065519,"bytesPerSecond":922315}
[log] [2026-04-17T20:22:57.807Z] [Updates] [Event] download-progress {"total":225114005,"delta":1505609,"transferred":12957076,"percent":5.7557840526181385,"bytesPerSecond":965361}
[log] [2026-04-17T20:22:58.816Z] [Updates] [Event] download-progress {"total":225114005,"delta":1483200,"transferred":14440276,"percent":6.414650212455684,"bytesPerSecond":1000643}
[log] [2026-04-17T20:22:59.905Z] [Updates] [Event] download-progress {"total":225114005,"delta":1048567,"transferred":15488843,"percent":6.8804439777080955,"bytesPerSecond":997992}
[log] [2026-04-17T20:23:00.935Z] [Updates] [Event] download-progress {"total":225114005,"delta":393041,"transferred":15881884,"percent":7.055040400529501,"bytesPerSecond":959630}
[log] [2026-04-17T20:23:01.949Z] [Updates] [Event] download-progress {"total":225114005,"delta":851896,"transferred":16733780,"percent":7.433469099357012,"bytesPerSecond":952732}
[log] [2026-04-17T20:23:02.964Z] [Updates] [Event] download-progress {"total":225114005,"delta":704449,"transferred":17438229,"percent":7.746398985705043,"bytesPerSecond":938599}
[log] [2026-04-17T20:23:04.146Z] [Updates] [Event] download-progress {"total":225114005,"delta":1376184,"transferred":18814413,"percent":8.357726566145896,"bytesPerSecond":952098}
[log] [2026-04-17T20:23:05.179Z] [Updates] [Event] download-progress {"total":225114005,"delta":1358497,"transferred":20172910,"percent":8.961197238705784,"bytesPerSecond":970131}
[log] [2026-04-17T20:23:06.181Z] [Updates] [Event] download-progress {"total":225114005,"delta":1556498,"transferred":21729408,"percent":9.65262378944393,"bytesPerSecond":996991}
[log] [2026-04-17T20:23:07.185Z] [Updates] [Event] download-progress {"total":225114005,"delta":1466506,"transferred":23195914,"percent":10.304074151228397,"bytesPerSecond":1017365}
[log] [2026-04-17T20:23:08.205Z] [Updates] [Event] download-progress {"total":225114005,"delta":1458149,"transferred":24654063,"percent":10.951812171792689,"bytesPerSecond":1035015}
[log] [2026-04-17T20:23:09.208Z] [Updates] [Event] download-progress {"total":225114005,"delta":1458167,"transferred":26112230,"percent":11.59955818830552,"bytesPerSecond":1051937}
[log] [2026-04-17T20:23:10.216Z] [Updates] [Event] download-progress {"total":225114005,"delta":1458149,"transferred":27570379,"percent":12.247296208869813,"bytesPerSecond":1067337}
[log] [2026-04-17T20:23:11.216Z] [Updates] [Event] download-progress {"total":225114005,"delta":1458158,"transferred":29028537,"percent":12.895038227408376,"bytesPerSecond":1081903}
[log] [2026-04-17T20:23:12.222Z] [Updates] [Event] download-progress {"total":225114005,"delta":1466029,"transferred":30494566,"percent":13.546276696556484,"bytesPerSecond":1095469}
[log] [2026-04-17T20:23:13.231Z] [Updates] [Event] download-progress {"total":225114005,"delta":1474515,"transferred":31969081,"percent":14.201284811222651,"bytesPerSecond":1108267}
[log] [2026-04-17T20:23:14.245Z] [Updates] [Event] download-progress {"total":225114005,"delta":1474677,"transferred":33443758,"percent":14.856364889425693,"bytesPerSecond":1120019}
[log] [2026-04-17T20:23:15.256Z] [Updates] [Event] download-progress {"total":225114005,"delta":1425282,"transferred":34869040,"percent":15.489502752172172,"bytesPerSecond":1129508}
[log] [2026-04-17T20:23:16.256Z] [Updates] [Event] download-progress {"total":225114005,"delta":1359962,"transferred":36229002,"percent":16.093624206099484,"bytesPerSecond":1136739}
[log] [2026-04-17T20:23:17.256Z] [Updates] [Event] download-progress {"total":225114005,"delta":1212380,"transferred":37441382,"percent":16.63218687793325,"bytesPerSecond":1139040}
[log] [2026-04-17T20:23:18.260Z] [Updates] [Event] download-progress {"total":225114005,"delta":1510070,"transferred":38951452,"percent":17.302989212066127,"bytesPerSecond":1149858}
[log] [2026-04-17T20:23:19.263Z] [Updates] [Event] download-progress {"total":225114005,"delta":1441792,"transferred":40393244,"percent":17.943461136502815,"bytesPerSecond":1158130}
[log] [2026-04-17T20:23:20.266Z] [Updates] [Event] download-progress {"total":225114005,"delta":1414849,"transferred":41808093,"percent":18.57196445863064,"bytesPerSecond":1165188}
[log] [2026-04-17T20:23:21.268Z] [Updates] [Event] download-progress {"total":225114005,"delta":1512247,"transferred":43320340,"percent":19.2437338583177,"bytesPerSecond":1174534}
[log] [2026-04-17T20:23:22.268Z] [Updates] [Event] download-progress {"total":225114005,"delta":1461668,"transferred":44782008,"percent":19.893035086821897,"bytesPerSecond":1182114}
[log] [2026-04-17T20:23:23.272Z] [Updates] [Event] download-progress {"total":225114005,"delta":1449206,"transferred":46231214,"percent":20.536800453619044,"bytesPerSecond":1188860}
[log] [2026-04-17T20:23:24.274Z] [Updates] [Event] download-progress {"total":225114005,"delta":1441792,"transferred":47673006,"percent":21.17727237805573,"bytesPerSecond":1195142}
[log] [2026-04-17T20:23:25.335Z] [Updates] [Event] download-progress {"total":225114005,"delta":1489794,"transferred":49162800,"percent":21.839067720375727,"bytesPerSecond":1200557}
[log] [2026-04-17T20:23:26.348Z] [Updates] [Event] download-progress {"total":225114005,"delta":1458302,"transferred":50621102,"percent":22.48687370650262,"bytesPerSecond":1206327}
[log] [2026-04-17T20:23:27.431Z] [Updates] [Event] download-progress {"total":225114005,"delta":1513604,"transferred":52134706,"percent":23.159245911865856,"bytesPerSecond":1211139}
[log] [2026-04-17T20:23:28.445Z] [Updates] [Event] download-progress {"total":225114005,"delta":1564834,"transferred":53699540,"percent":23.854375475217545,"bytesPerSecond":1218782}
[log] [2026-04-17T20:23:29.479Z] [Updates] [Event] download-progress {"total":225114005,"delta":1441792,"transferred":55141332,"percent":24.494847399654233,"bytesPerSecond":1222809}
[log] [2026-04-17T20:23:30.517Z] [Updates] [Event] download-progress {"total":225114005,"delta":993582,"transferred":56134914,"percent":24.936215763208512,"bytesPerSecond":1216832}
[log] [2026-04-17T20:23:31.560Z] [Updates] [Event] download-progress {"total":225114005,"delta":1425426,"transferred":57560340,"percent":25.569417593543324,"bytesPerSecond":1220145}
[log] [2026-04-17T20:23:32.560Z] [Updates] [Event] download-progress {"total":225114005,"delta":1032210,"transferred":58592550,"percent":26.02794526266813,"bytesPerSecond":1216244}
[log] [2026-04-17T20:23:33.580Z] [Updates] [Event] download-progress {"total":225114005,"delta":1130550,"transferred":59723100,"percent":26.53015746399252,"bytesPerSecond":1214008}
[log] [2026-04-17T20:23:34.582Z] [Updates] [Event] download-progress {"total":225114005,"delta":1212371,"transferred":60935471,"percent":27.068716137852018,"bytesPerSecond":1213927}
[log] [2026-04-17T20:23:35.633Z] [Updates] [Event] download-progress {"total":225114005,"delta":852049,"transferred":61787520,"percent":27.44721280224213,"bytesPerSecond":1205657}
[log] [2026-04-17T20:23:36.651Z] [Updates] [Event] download-progress {"total":225114005,"delta":1470922,"transferred":63258442,"percent":28.1006248367355,"bytesPerSecond":1210340}
[log] [2026-04-17T20:23:37.717Z] [Updates] [Event] download-progress {"total":225114005,"delta":938699,"transferred":64197141,"percent":28.51761310896672,"bytesPerSecond":1203726}
[log] [2026-04-17T20:23:38.785Z] [Updates] [Event] download-progress {"total":225114005,"delta":1605749,"transferred":65802890,"percent":29.2309179075731,"bytesPerSecond":1209612}
[log] [2026-04-17T20:23:39.785Z] [Updates] [Event] download-progress {"total":225114005,"delta":1523766,"transferred":67326656,"percent":29.907804270107498,"bytesPerSecond":1215283}
[log] [2026-04-17T20:23:40.848Z] [Updates] [Event] download-progress {"total":225114005,"delta":1392550,"transferred":68719206,"percent":30.52640194465022,"bytesPerSecond":1217066}
[log] [2026-04-17T20:23:41.866Z] [Updates] [Event] download-progress {"total":225114005,"delta":1064942,"transferred":69784148,"percent":30.99946980197878,"bytesPerSecond":1214039}
[log] [2026-04-17T20:23:42.874Z] [Updates] [Event] download-progress {"total":225114005,"delta":1507400,"transferred":71291548,"percent":31.6690860704113,"bytesPerSecond":1218888}
[log] [2026-04-17T20:23:43.929Z] [Updates] [Event] download-progress {"total":225114005,"delta":1212380,"transferred":72503928,"percent":32.20764874224507,"bytesPerSecond":1217653}
[log] [2026-04-17T20:23:44.932Z] [Updates] [Event] download-progress {"total":225114005,"delta":1703936,"transferred":74207864,"percent":32.96457010748843,"bytesPerSecond":1225624}
[log] [2026-04-17T20:23:45.958Z] [Updates] [Event] download-progress {"total":225114005,"delta":1163282,"transferred":75371146,"percent":33.48132249701657,"bytesPerSecond":1224094}
[log] [2026-04-17T20:23:47.073Z] [Updates] [Event] download-progress {"total":225114005,"delta":982968,"transferred":76354114,"percent":33.917975916247414,"bytesPerSecond":1218002}
[log] [2026-04-17T20:23:48.122Z] [Updates] [Event] download-progress {"total":225114005,"delta":835674,"transferred":77189788,"percent":34.28919848856138,"bytesPerSecond":1211067}
[log] [2026-04-17T20:23:49.126Z] [Updates] [Event] download-progress {"total":225114005,"delta":868262,"transferred":78058050,"percent":34.67489728149077,"bytesPerSecond":1205716}
[log] [2026-04-17T20:23:50.128Z] [Updates] [Event] download-progress {"total":225114005,"delta":1491034,"transferred":79549084,"percent":35.337243455821415,"bytesPerSecond":1210001}
[log] [2026-04-17T20:23:51.136Z] [Updates] [Event] download-progress {"total":225114005,"delta":1470932,"transferred":81020016,"percent":35.990659932508414,"bytesPerSecond":1213765}
[log] [2026-04-17T20:23:52.165Z] [Updates] [Event] download-progress {"total":225114005,"delta":1301768,"transferred":82321784,"percent":36.568930484800354,"bytesPerSecond":1214544}
[log] [2026-04-17T20:23:54.454Z] [Updates] [Event] download-progress {"total":225114005,"delta":955218,"transferred":83277002,"percent":36.99325681669606,"bytesPerSecond":1188500}
[log] [2026-04-17T20:23:55.467Z] [Updates] [Event] download-progress {"total":225114005,"delta":1523766,"transferred":84800768,"percent":37.67014317923045,"bytesPerSecond":1192999}
[log] [2026-04-17T20:23:56.481Z] [Updates] [Event] download-progress {"total":225114005,"delta":1490737,"transferred":86291505,"percent":38.33235742041016,"bytesPerSecond":1196897}
[log] [2026-04-17T20:23:57.491Z] [Updates] [Event] download-progress {"total":225114005,"delta":1379663,"transferred":87671168,"percent":38.94523044001638,"bytesPerSecond":1199234}
[log] [2026-04-17T20:23:58.523Z] [Updates] [Event] download-progress {"total":225114005,"delta":884619,"transferred":88555787,"percent":39.33819532907337,"bytesPerSecond":1194472}
[log] [2026-04-17T20:23:59.533Z] [Updates] [Event] download-progress {"total":225114005,"delta":1032219,"transferred":89588006,"percent":39.79672699617245,"bytesPerSecond":1192154}
[log] [2026-04-17T20:24:00.545Z] [Updates] [Event] download-progress {"total":225114005,"delta":1491034,"transferred":91079040,"percent":40.459073170503096,"bytesPerSecond":1195891}
[log] [2026-04-17T20:24:01.551Z] [Updates] [Event] download-progress {"total":225114005,"delta":1343452,"transferred":92422492,"percent":41.0558605627402,"bytesPerSecond":1197710}
[log] [2026-04-17T20:24:02.653Z] [Updates] [Event] download-progress {"total":225114005,"delta":1458005,"transferred":93880497,"percent":41.70353461571616,"bytesPerSecond":1199475}
[log] [2026-04-17T20:24:03.735Z] [Updates] [Event] download-progress {"total":225114005,"delta":802951,"transferred":94683448,"percent":42.06022099780065,"bytesPerSecond":1193238}
[log] [2026-04-17T20:24:04.746Z] [Updates] [Event] download-progress {"total":225114005,"delta":852040,"transferred":95535488,"percent":42.43871366421649,"bytesPerSecond":1188829}
[log] [2026-04-17T20:24:05.758Z] [Updates] [Event] download-progress {"total":225114005,"delta":1474524,"transferred":97010012,"percent":43.09372577685693,"bytesPerSecond":1192165}
[log] [2026-04-17T20:24:06.759Z] [Updates] [Event] download-progress {"total":225114005,"delta":1463076,"transferred":98473088,"percent":43.74365246622484,"bytesPerSecond":1195439}
[log] [2026-04-17T20:24:07.769Z] [Updates] [Event] download-progress {"total":225114005,"delta":1331924,"transferred":99805012,"percent":44.33531889764033,"bytesPerSecond":1196932}
[log] [2026-04-17T20:24:08.783Z] [Updates] [Event] download-progress {"total":225114005,"delta":688236,"transferred":100493248,"percent":44.64104665544909,"bytesPerSecond":1190707}
[log] [2026-04-17T20:24:09.893Z] [Updates] [Event] download-progress {"total":225114005,"delta":671645,"transferred":101164893,"percent":44.939404369799206,"bytesPerSecond":1183104}
[log] [2026-04-17T20:24:10.903Z] [Updates] [Event] download-progress {"total":225114005,"delta":1522047,"transferred":102686940,"percent":45.615527119247865,"bytesPerSecond":1186885}
[log] [2026-04-17T20:24:11.910Z] [Updates] [Event] download-progress {"total":225114005,"delta":1146916,"transferred":103833856,"percent":46.12500941467413,"bytesPerSecond":1186334}
[log] [2026-04-17T20:24:13.824Z] [Updates] [Event] download-progress {"total":225114005,"delta":1490890,"transferred":105324746,"percent":46.78729162141644,"bytesPerSecond":1177615}
[log] [2026-04-17T20:24:14.833Z] [Updates] [Event] download-progress {"total":225114005,"delta":1671204,"transferred":106995950,"percent":47.529672798456055,"bytesPerSecond":1182955}
[log] [2026-04-17T20:24:16.000Z] [Updates] [Event] download-progress {"total":225114005,"delta":1516437,"transferred":108512387,"percent":48.20330347727588,"bytesPerSecond":1184439}
[log] [2026-04-17T20:24:17.052Z] [Updates] [Event] download-progress {"total":225114005,"delta":1438006,"transferred":109950393,"percent":48.842093587202626,"bytesPerSecond":1186511}
[log] [2026-04-17T20:24:18.087Z] [Updates] [Event] download-progress {"total":225114005,"delta":1359971,"transferred":111310364,"percent":49.446219039104214,"bytesPerSecond":1187919}
[log] [2026-04-17T20:24:19.125Z] [Updates] [Event] download-progress {"total":225114005,"delta":638994,"transferred":111949358,"percent":49.73007254701901,"bytesPerSecond":1181661}
[log] [2026-04-17T20:24:20.177Z] [Updates] [Event] download-progress {"total":225114005,"delta":573386,"transferred":112522744,"percent":49.98478171093797,"bytesPerSecond":1174657}
[log] [2026-04-17T20:24:21.212Z] [Updates] [Event] download-progress {"total":225114005,"delta":1288641,"transferred":113811385,"percent":50.557220995646176,"bytesPerSecond":1175410}
[log] [2026-04-17T20:24:22.377Z] [Updates] [Event] download-progress {"total":225114005,"delta":1687579,"transferred":115498964,"percent":51.30687626476194,"bytesPerSecond":1178657}
[log] [2026-04-17T20:24:23.387Z] [Updates] [Event] download-progress {"total":225114005,"delta":1634231,"transferred":117133195,"percent":52.03283331927749,"bytesPerSecond":1183140}
[log] [2026-04-17T20:24:24.403Z] [Updates] [Event] download-progress {"total":225114005,"delta":1392703,"transferred":118525898,"percent":52.65149895938283,"bytesPerSecond":1185046}
[log] [2026-04-17T20:24:25.419Z] [Updates] [Event] download-progress {"total":225114005,"delta":1431215,"transferred":119957113,"percent":53.287272375612524,"bytesPerSecond":1187295}
[log] [2026-04-17T20:24:26.436Z] [Updates] [Event] download-progress {"total":225114005,"delta":1491043,"transferred":121448156,"percent":53.94962254791744,"bytesPerSecond":1190073}
[log] [2026-04-17T20:24:27.448Z] [Updates] [Event] download-progress {"total":225114005,"delta":1464100,"transferred":122912256,"percent":54.6000041179135,"bytesPerSecond":1192593}
[log] [2026-04-17T20:24:28.455Z] [Updates] [Event] download-progress {"total":225114005,"delta":737181,"transferred":123649437,"percent":54.927474192465276,"bytesPerSecond":1188137}
[log] [2026-04-17T20:24:29.456Z] [Updates] [Event] download-progress {"total":225114005,"delta":1654519,"transferred":125303956,"percent":55.66244356942608,"bytesPerSecond":1192565}
[log] [2026-04-17T20:24:30.457Z] [Updates] [Event] download-progress {"total":225114005,"delta":1474668,"transferred":126778624,"percent":56.31751964965485,"bytesPerSecond":1195213}
[log] [2026-04-17T20:24:31.460Z] [Updates] [Event] download-progress {"total":225114005,"delta":1436088,"transferred":128214712,"percent":56.95545774684254,"bytesPerSecond":1197429}
[log] [2026-04-17T20:24:32.532Z] [Updates] [Event] download-progress {"total":225114005,"delta":1376328,"transferred":129591040,"percent":57.56684929487172,"bytesPerSecond":1198286}
[log] [2026-04-17T20:24:33.539Z] [Updates] [Event] download-progress {"total":225114005,"delta":1507072,"transferred":131098112,"percent":58.236319859353046,"bytesPerSecond":1201038}
[log] [2026-04-17T20:24:34.541Z] [Updates] [Event] download-progress {"total":225114005,"delta":1451494,"transferred":132549606,"percent":58.88110160005372,"bytesPerSecond":1203301}
[log] [2026-04-17T20:24:35.564Z] [Updates] [Event] download-progress {"total":225114005,"delta":1228890,"transferred":133778496,"percent":59.4269983335777,"bytesPerSecond":1203271}
[log] [2026-04-17T20:24:36.574Z] [Updates] [Event] download-progress {"total":225114005,"delta":1714891,"transferred":135493387,"percent":60.188786121947416,"bytesPerSecond":1207724}
[log] [2026-04-17T20:24:37.576Z] [Updates] [Event] download-progress {"total":225114005,"delta":1457983,"transferred":136951370,"percent":60.83645040209738,"bytesPerSecond":1209914}
[log] [2026-04-17T20:24:38.643Z] [Updates] [Event] download-progress {"total":225114005,"delta":1006748,"transferred":137958118,"percent":61.28366735779056,"bytesPerSecond":1207426}
[log] [2026-04-17T20:24:39.662Z] [Updates] [Event] download-progress {"total":225114005,"delta":1687561,"transferred":139645679,"percent":62.03331463095777,"bytesPerSecond":1211392}
[log] [2026-04-17T20:24:40.673Z] [Updates] [Event] download-progress {"total":225114005,"delta":1481737,"transferred":141127416,"percent":62.69153089786662,"bytesPerSecond":1213603}
[log] [2026-04-17T20:24:41.678Z] [Updates] [Event] download-progress {"total":225114005,"delta":1474515,"transferred":142601931,"percent":63.34653901253279,"bytesPerSecond":1215775}
[log] [2026-04-17T20:24:42.680Z] [Updates] [Event] download-progress {"total":225114005,"delta":1441792,"transferred":144043723,"percent":63.98701093696947,"bytesPerSecond":1217665}
[log] [2026-04-17T20:24:43.687Z] [Updates] [Event] download-progress {"total":225114005,"delta":1458851,"transferred":145502574,"percent":64.63506079952688,"bytesPerSecond":1219616}
[log] [2026-04-17T20:24:44.692Z] [Updates] [Event] download-progress {"total":225114005,"delta":1441792,"transferred":146944366,"percent":65.27553272396358,"bytesPerSecond":1221412}
[log] [2026-04-17T20:24:45.692Z] [Updates] [Event] download-progress {"total":225114005,"delta":1469266,"transferred":148413632,"percent":65.92820913119111,"bytesPerSecond":1223455}
[log] [2026-04-17T20:24:46.777Z] [Updates] [Event] download-progress {"total":225114005,"delta":1500736,"transferred":149914368,"percent":66.59486512178574,"bytesPerSecond":1224871}
[log] [2026-04-17T20:24:47.793Z] [Updates] [Event] download-progress {"total":225114005,"delta":1556354,"transferred":151470722,"percent":67.28622770493556,"bytesPerSecond":1227398}
[log] [2026-04-17T20:24:48.802Z] [Updates] [Event] download-progress {"total":225114005,"delta":1457974,"transferred":152928696,"percent":67.93388798711123,"bytesPerSecond":1229162}
[log] [2026-04-17T20:24:49.802Z] [Updates] [Event] download-progress {"total":225114005,"delta":1465572,"transferred":154394268,"percent":68.58492344801026,"bytesPerSecond":1231047}
[log] [2026-04-17T20:24:50.810Z] [Updates] [Event] download-progress {"total":225114005,"delta":1465572,"transferred":155859840,"percent":69.2359589089093,"bytesPerSecond":1232825}
[log] [2026-04-17T20:24:51.813Z] [Updates] [Event] download-progress {"total":225114005,"delta":1376184,"transferred":157236024,"percent":69.84728648935014,"bytesPerSecond":1233921}
[log] [2026-04-17T20:24:52.815Z] [Updates] [Event] download-progress {"total":225114005,"delta":1136348,"transferred":158372372,"percent":70.3520742745437,"bytesPerSecond":1233142}
[log] [2026-04-17T20:24:53.879Z] [Updates] [Event] download-progress {"total":225114005,"delta":1106350,"transferred":159478722,"percent":70.8435363672731,"bytesPerSecond":1231553}
[log] [2026-04-17T20:24:54.891Z] [Updates] [Event] download-progress {"total":225114005,"delta":1491034,"transferred":160969756,"percent":71.50588254160375,"bytesPerSecond":1233428}
[log] [2026-04-17T20:24:55.908Z] [Updates] [Event] download-progress {"total":225114005,"delta":786432,"transferred":161756188,"percent":71.85523086402377,"bytesPerSecond":1229870}
[log] [2026-04-17T20:24:56.939Z] [Updates] [Event] download-progress {"total":225114005,"delta":841472,"transferred":162597660,"percent":72.2290290202069,"bytesPerSecond":1226661}
[log] [2026-04-17T20:24:57.942Z] [Updates] [Event] download-progress {"total":225114005,"delta":1203428,"transferred":163801088,"percent":72.76361504029924,"bytesPerSecond":1226451}
[log] [2026-04-17T20:24:58.967Z] [Updates] [Event] download-progress {"total":225114005,"delta":791270,"transferred":164592358,"percent":73.11511249599953,"bytesPerSecond":1222989}
[log] [2026-04-17T20:24:59.882Z] [windowStateKeeper] main Saving state: {"x":0,"y":0,"width":943,"height":1026,"isMinimized":false,"isMaximized":false,"isFullScreen":false,"isVisible":true,"displayBounds":{"x":0,"y":0,"width":1920,"height":1080}}
[log] [2026-04-17T20:24:59.990Z] [Updates] [Event] download-progress {"total":225114005,"delta":663399,"transferred":165255757,"percent":73.4098071774788,"bytesPerSecond":1218655}
[log] [2026-04-17T20:25:01.010Z] [Updates] [Event] download-progress {"total":225114005,"delta":759907,"transferred":166015664,"percent":73.74737258128387,"bytesPerSecond":1215119}
[log] [2026-04-17T20:25:02.029Z] [Updates] [Event] download-progress {"total":225114005,"delta":1510462,"transferred":167526126,"percent":74.41834904940721,"bytesPerSecond":1217097}
[log] [2026-04-17T20:25:03.039Z] [Updates] [Event] download-progress {"total":225114005,"delta":1458158,"transferred":168984284,"percent":75.06609106794578,"bytesPerSecond":1218748}
[log] [2026-04-17T20:25:04.051Z] [Updates] [Event] download-progress {"total":225114005,"delta":1464100,"transferred":170448384,"percent":75.71647263794183,"bytesPerSecond":1220400}
[log] [2026-04-17T20:25:05.065Z] [Updates] [Event] download-progress {"total":225114005,"delta":1498304,"transferred":171946688,"percent":76.3820482870446,"bytesPerSecond":1222254}
[log] [2026-04-17T20:25:06.065Z] [Updates] [Event] download-progress {"total":225114005,"delta":1435246,"transferred":173381934,"percent":77.0196123515283,"bytesPerSecond":1223757}
[log] [2026-04-17T20:25:07.088Z] [Updates] [Event] download-progress {"total":225114005,"delta":1343452,"transferred":174725386,"percent":77.61639974376538,"bytesPerSecond":1224399}
[log] [2026-04-17T20:25:08.104Z] [Updates] [Event] download-progress {"total":225114005,"delta":1507256,"transferred":176232642,"percent":78.28595204460957,"bytesPerSecond":1226239}
[log] [2026-04-17T20:25:09.109Z] [Updates] [Event] download-progress {"total":225114005,"delta":1376328,"transferred":177608970,"percent":78.89734359263876,"bytesPerSecond":1227225}
[log] [2026-04-17T20:25:10.117Z] [Updates] [Event] download-progress {"total":225114005,"delta":1458158,"transferred":179067128,"percent":79.54508561117733,"bytesPerSecond":1228743}
[log] [2026-04-17T20:25:11.221Z] [Updates] [Event] download-progress {"total":225114005,"delta":1549094,"transferred":180616222,"percent":80.23322316174864,"bytesPerSecond":1230054}
[log] [2026-04-17T20:25:12.222Z] [Updates] [Event] download-progress {"total":225114005,"delta":1479524,"transferred":182095746,"percent":80.89045637120623,"bytesPerSecond":1231742}
[log] [2026-04-17T20:25:13.224Z] [Updates] [Event] download-progress {"total":225114005,"delta":1474668,"transferred":183570414,"percent":81.545532451435,"bytesPerSecond":1233349}
[log] [2026-04-17T20:25:14.240Z] [Updates] [Event] download-progress {"total":225114005,"delta":1408916,"transferred":184979330,"percent":82.1714002200796,"bytesPerSecond":1234389}
[log] [2026-04-17T20:25:15.256Z] [Updates] [Event] download-progress {"total":225114005,"delta":1441783,"transferred":186421113,"percent":82.81186814654201,"bytesPerSecond":1235633}
[log] [2026-04-17T20:25:16.303Z] [Updates] [Event] download-progress {"total":225114005,"delta":1490899,"transferred":187912012,"percent":83.4741543512586,"bytesPerSecond":1236931}
[log] [2026-04-17T20:25:17.312Z] [Updates] [Event] download-progress {"total":225114005,"delta":1507391,"transferred":189419403,"percent":84.14376662171685,"bytesPerSecond":1238626}
[log] [2026-04-17T20:25:18.324Z] [Updates] [Event] download-progress {"total":225114005,"delta":1474677,"transferred":190894080,"percent":84.79884669991989,"bytesPerSecond":1240063}
[log] [2026-04-17T20:25:19.355Z] [Updates] [Event] download-progress {"total":225114005,"delta":1474380,"transferred":192368460,"percent":85.453794844972,"bytesPerSecond":1241327}
[log] [2026-04-17T20:25:20.359Z] [Updates] [Event] download-progress {"total":225114005,"delta":1491034,"transferred":193859494,"percent":86.11614101930265,"bytesPerSecond":1242896}
[log] [2026-04-17T20:25:21.360Z] [Updates] [Event] download-progress {"total":225114005,"delta":1437064,"transferred":195296558,"percent":86.75451267458904,"bytesPerSecond":1244125}
[log] [2026-04-17T20:25:22.364Z] [Updates] [Event] download-progress {"total":225114005,"delta":1335762,"transferred":196632320,"percent":87.34788401992137,"bytesPerSecond":1244674}
[log] [2026-04-17T20:25:23.366Z] [Updates] [Event] download-progress {"total":225114005,"delta":1545482,"transferred":198177802,"percent":88.03441705015199,"bytesPerSecond":1246550}
[log] [2026-04-17T20:25:24.409Z] [Updates] [Event] download-progress {"total":225114005,"delta":1441792,"transferred":199619594,"percent":88.67488897458867,"bytesPerSecond":1247435}
[log] [2026-04-17T20:25:25.411Z] [Updates] [Event] download-progress {"total":225114005,"delta":1522725,"transferred":201142319,"percent":89.35131290476575,"bytesPerSecond":1249137}
[log] [2026-04-17T20:25:26.438Z] [Updates] [Event] download-progress {"total":225114005,"delta":1507409,"transferred":202649728,"percent":90.02093317117253,"bytesPerSecond":1250515}
[log] [2026-04-17T20:25:27.449Z] [Updates] [Event] download-progress {"total":225114005,"delta":1417290,"transferred":204067018,"percent":90.65052083276649,"bytesPerSecond":1251454}
[log] [2026-04-17T20:25:28.480Z] [Updates] [Event] download-progress {"total":225114005,"delta":1556498,"transferred":205623516,"percent":91.34194738350465,"bytesPerSecond":1253076}
[log] [2026-04-17T20:25:29.495Z] [Updates] [Event] download-progress {"total":225114005,"delta":1472724,"transferred":207096240,"percent":91.99615990129091,"bytesPerSecond":1254293}
[log] [2026-04-17T20:25:30.506Z] [Updates] [Event] download-progress {"total":225114005,"delta":1491034,"transferred":208587274,"percent":92.65850607562155,"bytesPerSecond":1255635}
[log] [2026-04-17T20:25:31.519Z] [Updates] [Event] download-progress {"total":225114005,"delta":1478034,"transferred":210065308,"percent":93.31507739822761,"bytesPerSecond":1256868}
[log] [2026-04-17T20:25:32.521Z] [Updates] [Event] download-progress {"total":225114005,"delta":1188324,"transferred":211253632,"percent":93.84295392905474,"bytesPerSecond":1256445}
[log] [2026-04-17T20:25:33.529Z] [Updates] [Event] download-progress {"total":225114005,"delta":1703936,"transferred":212957568,"percent":94.5998752942981,"bytesPerSecond":1259031}
[log] [2026-04-17T20:25:34.534Z] [Updates] [Event] download-progress {"total":225114005,"delta":1453917,"transferred":214411485,"percent":95.24573337851636,"bytesPerSecond":1260140}
[log] [2026-04-17T20:25:35.578Z] [Updates] [Event] download-progress {"total":225114005,"delta":1490899,"transferred":215902384,"percent":95.90801958323296,"bytesPerSecond":1261164}
[log] [2026-04-17T20:25:36.582Z] [Updates] [Event] download-progress {"total":225114005,"delta":1486802,"transferred":217389186,"percent":96.56848582121756,"bytesPerSecond":1262445}
[log] [2026-04-17T20:25:37.583Z] [Updates] [Event] download-progress {"total":225114005,"delta":1441792,"transferred":218830978,"percent":97.20895774565426,"bytesPerSecond":1263473}
[log] [2026-04-17T20:25:38.594Z] [Updates] [Event] download-progress {"total":225114005,"delta":1474778,"transferred":220305756,"percent":97.86408269001299,"bytesPerSecond":1264606}
[log] [2026-04-17T20:25:39.642Z] [Updates] [Event] download-progress {"total":225114005,"delta":1533586,"transferred":221839342,"percent":98.54533128669627,"bytesPerSecond":1265794}
[log] [2026-04-17T20:25:40.650Z] [Updates] [Event] download-progress {"total":225114005,"delta":1462987,"transferred":223302329,"percent":99.19521844054083,"bytesPerSecond":1266856}
[log] [2026-04-17T20:25:41.657Z] [Updates] [Event] download-progress {"total":225114005,"delta":1458311,"transferred":224760640,"percent":99.843028424642,"bytesPerSecond":1267886}
[log] [2026-04-17T20:25:41.908Z] [Updates] [Event] download-progress {"total":225114005,"delta":353365,"transferred":225114005,"percent":100,"bytesPerSecond":1268084}
[log] [2026-04-17T20:25:41.912Z] [electron-updater] New version 4.2.742 has been downloaded to /home/beeb/.cache/beepertexts-updater/pending/Beeper-4.2.742-x86_64.AppImage
[debug] [2026-04-17T20:25:41.913Z] Time: Update — Download time — 179
[log] [2026-04-17T20:25:41.914Z] [Updates] [Event] update-downloaded: {"version":"4.2.742","files":[{"url":"https://beeper-desktop.download.beeper.com/builds/Beeper-4.2.742-x86_64.AppImage","size":225114005,"sha512":"qhImqudDdQ3OPj41ey9nxpJAf0ETuADKE/VnVEcXEEFI3NTHOSs5ELIl/XgDy241m7aFrAs/MyT48X+5Zm3L2Q=="}],"path":"https://beeper-desktop.download.beeper.com/builds/Beeper-4.2.742-x86_64.AppImage","sha512":"qhImqudDdQ3OPj41ey9nxpJAf0ETuADKE/VnVEcXEEFI3NTHOSs5ELIl/XgDy241m7aFrAs/MyT48X+5Zm3L2Q==","releaseDate":"2026-04-14T23:22:02+00:00","downloadedFile":"/home/beeb/.cache/beepertexts-updater/pending/Beeper-4.2.742-x86_64.AppImage"} in 179 seconds
[log] [2026-04-17T20:25:42.805Z] [AutoUpdater] fetchUpdateFeedJSON URL=https://api.beeper.com/desktop/update-feed.json?bundleID=com.automattic.beeper.desktop&version=4.2.715&platform=linux&arch=x64&channel=stable response={"version":"4.2.742","url":"https://beeper-desktop.download.beeper.com/builds/Beeper-4.2.742-x86_64.AppImage","name":"4.2.742","notes":[],"sha512":"qhImqudDdQ3OPj41ey9nxpJAf0ETuADKE/VnVEcXEEFI3NTHOSs5ELIl/XgDy241m7aFrAs/MyT48X+5Zm3L2Q==","download_size":"225114005","pub_date":"2026-04-14T23:22:02+00:00"}
[log] [2026-04-17T20:25:42.805Z] [Updates] [onUpdateDownloaded] update to 4.2.742 is now prompting for user relaunch
[info] [2026-04-17T20:25:46.914Z] skipped sending events to legacy /metrics endpoint [{"deviceId":"5677ff8472f062013f755511263576fa5a922b9d87ed2e71c8da0b5da48560b5","type":"timing","eventData":{"category":"Update","value":"Download time","time":"179"},"metadata":{"os":{"name":"linux","version":"6.19.11-arch1-1"},"appVersion":"4.2.715","arch":"x64","isWKWV":false}}]
[log] [2026-04-17T20:25:58.385Z] [windowStateKeeper] main Saving state: {"x":0,"y":0,"width":624,"height":1026,"isMinimized":false,"isMaximized":false,"isFullScreen":false,"isVisible":true,"displayBounds":{"x":0,"y":0,"width":1920,"height":1080}}
[log] [2026-04-17T20:26:05.618Z] [windowStateKeeper] main Saving state: {"x":0,"y":0,"width":943,"height":1026,"isMinimized":false,"isMaximized":false,"isFullScreen":false,"isVisible":true,"displayBounds":{"x":0,"y":0,"width":1920,"height":1080}}
[log] [2026-04-17T20:26:07.311Z] [windowStateKeeper] main Saving state: {"x":0,"y":0,"width":624,"height":1026,"isMinimized":false,"isMaximized":false,"isFullScreen":false,"isVisible":true,"displayBounds":{"x":0,"y":0,"width":1920,"height":1080}}
[log] [2026-04-17T20:26:37.647Z] [windowStateKeeper] main Saving state: {"x":0,"y":0,"width":943,"height":1026,"isMinimized":false,"isMaximized":false,"isFullScreen":false,"isVisible":true,"displayBounds":{"x":0,"y":0,"width":1920,"height":1080}}
[log] [2026-04-17T20:26:38.907Z] [windowStateKeeper] main Saving state: {"x":0,"y":0,"width":1898,"height":1026,"isMinimized":false,"isMaximized":false,"isFullScreen":false,"isVisible":true,"displayBounds":{"x":0,"y":0,"width":1920,"height":1080}}
[log] [2026-04-17T20:27:02.867Z] [Updates] [quitAndUpdate] called
[log] [2026-04-17T20:27:02.868Z] [electron-updater] Install on explicit quitAndInstall
[log] [2026-04-17T20:27:02.868Z] [electron-updater] Install: isSilent: false, isForceRunAfter: true
[log] [2026-04-17T20:27:02.888Z] [electron-updater] Executing: /home/beeb/Downloads/Beeper-4.2.742-x86_64.AppImage with args: 
[log] [2026-04-17T20:27:02.897Z] [App] before-quit fired
[log] [2026-04-17T20:27:05.490Z] [AppStart] main()
[log] [2026-04-17T20:27:05.496Z] [AppStart] You're running Beeper v4.2.742 (production) on linux 6.19.11-arch1-1 x64 (server env: production)
[log] [2026-04-17T20:27:05.609Z] [AppStart] running with electron
[log] [2026-04-17T20:27:05.609Z] [AppStart] runWorker(platform_worker)
[log] [2026-04-17T20:27:05.610Z] platform_worker starting worker
[log] [2026-04-17T20:27:05.616Z] [AppStart] Waiting for PASInitComplete
[log] [2026-04-17T20:27:05.887Z] platform_worker took 277 ms to be online
[log] [2026-04-17T20:27:07.221Z] [AppStart] Received PASInitComplete, proceeding with app startup
[log] [2026-04-17T20:27:07.222Z] [AppStart] launchApp()
[log] [2026-04-17T20:27:07.222Z] [AppStart] Waiting for app to be ready
[log] [2026-04-17T20:27:07.222Z] [AppStart] onReady() app is ready
[log] [2026-04-17T20:27:07.222Z] [AppStart] Using process.resourcePath = /home/beeb/.config/BeeperTexts/sdk-tmp/.mount_Beeperi7zVUQ/resources
[log] [2026-04-17T20:27:07.223Z] [AppStart] createMainWindow()
[log] [2026-04-17T20:27:07.225Z] [windowStateKeeper] main initialized with saved store. Loaded window state: {"x":0,"y":0,"width":1898,"height":1026,"isMinimized":false,"isMaximized":false,"isFullScreen":false,"isVisible":true,"displayBounds":{"x":0,"y":0,"width":1920,"height":1080}}
[log] [2026-04-17T20:27:07.484Z] [AppStart] TextsSwift.addPreferredScrollerStyleChangeListener()
[log] [2026-04-17T20:27:07.484Z] [AppStart] [PowerMonitor] Registering power events
[info] [2026-04-17T20:27:07.485Z] [PowerMonitor] Idle monitoring enabled with threshold: 300s
[info] [2026-04-17T20:27:07.489Z] [PowerMonitor] Starting idle monitor with threshold: 300s, initial state: active
[log] [2026-04-17T20:27:09.534Z] shown window in 5469 ms
[log] [2026-04-17T20:27:10.545Z] [windowStateKeeper] main Saving state: {"x":0,"y":0,"width":942,"height":1026,"isMinimized":false,"isMaximized":false,"isFullScreen":false,"isVisible":true,"displayBounds":{"x":0,"y":0,"width":1920,"height":1080}}
[log] [2026-04-17T20:27:13.176Z] [windowStateKeeper] main Saving state: {"x":0,"y":0,"width":943,"height":1026,"isMinimized":false,"isMaximized":false,"isFullScreen":false,"isVisible":true,"displayBounds":{"x":0,"y":0,"width":1920,"height":1080}}
[log] [2026-04-17T20:27:15.858Z] [windowStateKeeper] main Saving state: {"x":0,"y":0,"width":1898,"height":1026,"isMinimized":false,"isMaximized":false,"isFullScreen":false,"isVisible":true,"displayBounds":{"x":0,"y":0,"width":1920,"height":1080}}
[log] [2026-04-17T20:28:09.127Z] [Updates] [checkForUpdates] checking for updates (automatic? true)
[log] [2026-04-17T20:28:09.129Z] [electron-updater] Checking for update
[log] [2026-04-17T20:28:09.129Z] [Updates] [Event] checking-for-update
[log] [2026-04-17T20:28:09.861Z] [electron-updater] Update for version 4.2.742 is not available (latest version: 4.2.742, downgrade is disallowed).
[log] [2026-04-17T20:28:09.861Z] [Updates] update-not-available
[info] [2026-04-17T20:28:28.412Z] [NotificationStore] newNotification: Created with id=1 accountID=signal threadID=!6sbSDJxDoj0thJvahzLT:beeper.local
[info] [2026-04-17T20:28:35.754Z] [NotificationStore] closeNotification:  1
[info] [2026-04-17T20:29:14.995Z] [NotificationStore] newNotification: Created with id=2 accountID=signal threadID=!6sbSDJxDoj0thJvahzLT:beeper.local
[info] [2026-04-17T20:29:15.573Z] [NotificationStore] closeNotification:  2
[info] [2026-04-17T20:29:28.519Z] [NotificationStore] newNotification: Created with id=3 accountID=signal threadID=!6sbSDJxDoj0thJvahzLT:beeper.local
[info] [2026-04-17T20:29:29.002Z] [NotificationStore] closeNotification:  3
[info] [2026-04-17T20:30:00.147Z] [NotificationStore] newNotification: Created with id=4 accountID=signal threadID=!6sbSDJxDoj0thJvahzLT:beeper.local
[info] [2026-04-17T20:30:16.414Z] [NotificationStore] closeNotification:  4
[info] [2026-04-17T20:30:24.523Z] [NotificationStore] newNotification: Created with id=5 accountID=signal threadID=!6sbSDJxDoj0thJvahzLT:beeper.local
[log] [2026-04-17T20:30:25.080Z] [App] before-quit fired
